title,poster
Avatar,https://image.tmdb.org/t/p/w500/gKY6q7SjCkAU6FqvqWybDYgUKIF.jpg
Pirates of the Caribbean: At World's End,https://image.tmdb.org/t/p/w500/jGWpG4YhpQwVmjyHEGkxEkeRf0S.jpg
Spectre,https://image.tmdb.org/t/p/w500/zj8ongFhtWNsVlfjOGo8pSr7PQg.jpg
The Dark Knight Rises,https://image.tmdb.org/t/p/w500/hr0L2aueqlP2BYUblTTjmtn0hw4.jpg
John Carter,https://image.tmdb.org/t/p/w500/lCxz1Yus07QCQQCb6I0Dr3Lmqpx.jpg
Spider-Man 3,https://image.tmdb.org/t/p/w500/qFmwhVUoUSXjkKRmca5yGDEXBIj.jpg
Tangled,https://image.tmdb.org/t/p/w500/ym7Kst6a4uodryxqbGOxmewF235.jpg
Avengers: Age of Ultron,https://image.tmdb.org/t/p/w500/4ssDuvEDkSArWEdyBl2X5EHvYKU.jpg
Harry Potter and the Half-Blood Prince,https://image.tmdb.org/t/p/w500/z7uo9zmQdQwU5ZJHFpv2Upl30i1.jpg
Batman v Superman: Dawn of Justice,https://image.tmdb.org/t/p/w500/5UsK3grJvtQrtzEgqNlDljJW96w.jpg
Superman Returns,https://image.tmdb.org/t/p/w500/385XwTQZDpRX2d3kxtnpiLrjBXw.jpg
Quantum of Solace,https://image.tmdb.org/t/p/w500/e3DXXLJHGqMx9yYpXsql1XNljmM.jpg
Pirates of the Caribbean: Dead Man's Chest,https://image.tmdb.org/t/p/w500/uXEqmloGyP7UXAiphJUu2v2pcuE.jpg
The Lone Ranger,https://image.tmdb.org/t/p/w500/yDuJGq8biNMW7zM3w95UaDJv0KG.jpg
Man of Steel,https://image.tmdb.org/t/p/w500/8GFtkImmK0K1VaUChR0n9O61CFU.jpg
The Chronicles of Narnia: Prince Caspian,https://image.tmdb.org/t/p/w500/qxz3WIyjZiSKUhaTIEJ3c1GcC9z.jpg
The Avengers,https://image.tmdb.org/t/p/w500/RYMX2wcKCBAr24UyPD7xwmjaTn.jpg
Pirates of the Caribbean: On Stranger Tides,https://image.tmdb.org/t/p/w500/keGfSvCmYj7CvdRx36OdVrAEibE.jpg
Men in Black 3,https://image.tmdb.org/t/p/w500/90DdoEStzeObs96fsYf4GG544iN.jpg
The Hobbit: The Battle of the Five Armies,https://image.tmdb.org/t/p/w500/xT98tLqatZPQApyRmlPL12LtiWp.jpg
The Amazing Spider-Man,https://image.tmdb.org/t/p/w500/jexoNYnPd6vVrmygwF6QZmWPFdu.jpg
Robin Hood,https://image.tmdb.org/t/p/w500/kE4Wie1VVRGQbVSIsEnxmly3FqZ.jpg
The Hobbit: The Desolation of Smaug,https://image.tmdb.org/t/p/w500/xQYiXsheRCDBA39DOrmaw1aSpbk.jpg
The Golden Compass,https://image.tmdb.org/t/p/w500/6DTH9poR8RAw859L6OuokT7z993.jpg
King Kong,https://image.tmdb.org/t/p/w500/6a2HY6UmD7XiDD3NokgaBAXEsD2.jpg
Titanic,https://image.tmdb.org/t/p/w500/9xjZS2rlVxm8SFx8kPC3aIGCOYQ.jpg
Captain America: Civil War,https://image.tmdb.org/t/p/w500/rAGiXaUfPzY7CDEyNKUofk3Kw2e.jpg
Battleship,https://image.tmdb.org/t/p/w500/9b0Im7SfedHiajTwzSL9zGyBI7M.jpg
Jurassic World,https://image.tmdb.org/t/p/w500/rhr4y79GpxQF9IsfJItRXVaoGs4.jpg
Skyfall,https://image.tmdb.org/t/p/w500/d0IVecFQvsGdSbnMAHqiYsNYaJT.jpg
Spider-Man 2,https://image.tmdb.org/t/p/w500/aGuvNAaaZuWXYQQ6N2v7DeuP6mB.jpg
Iron Man 3,https://image.tmdb.org/t/p/w500/qhPtAc1TKbMPqNvcdXSOn9Bn7hZ.jpg
Alice in Wonderland,https://image.tmdb.org/t/p/w500/o0kre9wRCZz3jjSjaru7QU0UtFz.jpg
X-Men: The Last Stand,https://image.tmdb.org/t/p/w500/a2xicU8DpKtRizOHjQLC1JyCSRS.jpg
Monsters University,https://image.tmdb.org/t/p/w500/y7thwJ7z5Bplv6vwl6RI0yteaDD.jpg
Transformers: Revenge of the Fallen,https://image.tmdb.org/t/p/w500/pLBb0whOzVDtJvyD4DPeQyQNOqp.jpg
Transformers: Age of Extinction,https://image.tmdb.org/t/p/w500/jyzrfx2WaeY60kYZpPYepSjGz4S.jpg
Oz: The Great and Powerful,https://image.tmdb.org/t/p/w500/tkzfAUEKoUp4YFNbZV9hfpZOz0z.jpg
The Amazing Spider-Man 2,https://image.tmdb.org/t/p/w500/dGjoPttcbKR5VWg1jQuNFB247KL.jpg
TRON: Legacy,https://image.tmdb.org/t/p/w500/8Nc6R8k7bG8frSiDJo0oLucF7dN.jpg
Cars 2,https://image.tmdb.org/t/p/w500/okIz1HyxeVOMzYwwHUjH2pHi74I.jpg
Green Lantern,https://image.tmdb.org/t/p/w500/fj21HwUprqjjwTdkKC1XZurRSpV.jpg
Toy Story 3,https://image.tmdb.org/t/p/w500/AbbXspMOwdvwWZgVN0nabZq03Ec.jpg
Terminator Salvation,https://image.tmdb.org/t/p/w500/gw6JhlekZgtKUFlDTezq3j5JEPK.jpg
Furious 7,https://image.tmdb.org/t/p/w500/ktofZ9Htrjiy0P6LEowsDaxd3Ri.jpg
World War Z,https://image.tmdb.org/t/p/w500/aCnVdvExw6UWSeQfr0tUH3jr4qG.jpg
X-Men: Days of Future Past,https://image.tmdb.org/t/p/w500/tYfijzolzgoMOtegh1Y7j2Enorg.jpg
Star Trek Into Darkness,https://image.tmdb.org/t/p/w500/Aim3kVNh1MPIxPEFeJrl9e9Uf1a.jpg
Jack the Giant Slayer,https://image.tmdb.org/t/p/w500/9jSI7saUX9Qz0JLh19jX2ulEwL7.jpg
The Great Gatsby,https://image.tmdb.org/t/p/w500/nimh1rrDDLhgpG8XAYoUZXHYwb6.jpg
Prince of Persia: The Sands of Time,https://image.tmdb.org/t/p/w500/siNGMLdOUNYLEGtlsnmQcpO2XZX.jpg
Pacific Rim,https://image.tmdb.org/t/p/w500/8wo4eN8dWKaKlxhSvBz19uvj8gA.jpg
Transformers: Dark of the Moon,https://image.tmdb.org/t/p/w500/28YlCLrFhONteYSs9hKjD1Km0Cj.jpg
Indiana Jones and the Kingdom of the Crystal Skull,https://image.tmdb.org/t/p/w500/56As6XEM1flWvprX4LgkPl8ii4K.jpg
The Good Dinosaur,https://image.tmdb.org/t/p/w500/8RSkxOO80btfKjyiC5ZiTaCHIT8.jpg
Brave,https://image.tmdb.org/t/p/w500/1XAuDtMWpL0sYSFK0R6EZate2Ux.jpg
Star Trek Beyond,https://image.tmdb.org/t/p/w500/cnQp8GmOWahIgQaH60Kwez3TNzw.jpg
WALL·E,https://image.tmdb.org/t/p/w500/hbhFnRzzg6ZDmm8YAmxBnQpQIPh.jpg
Rush Hour 3,https://image.tmdb.org/t/p/w500/mp9CzKxLa2i7yblMXUrzVfGqsCo.jpg
2012,https://image.tmdb.org/t/p/w500/zaqam2RNscH5ooYFWInV6hjx6y5.jpg
A Christmas Carol,https://image.tmdb.org/t/p/w500/xNwlAIdx1Ln28GRiQttUP9Gojy2.jpg
Jupiter Ascending,https://image.tmdb.org/t/p/w500/2NCcAZ3M3F0FxENYmammBknwpVn.jpg
The Legend of Tarzan,https://image.tmdb.org/t/p/w500/eJrfz178xBGlxjDGxnBXTzWWa4w.jpg
"The Chronicles of Narnia: The Lion, the Witch and the Wardrobe",https://image.tmdb.org/t/p/w500/iREd0rNCjYdf5Ar0vfaW32yrkm.jpg
X-Men: Apocalypse,https://image.tmdb.org/t/p/w500/ikA8UhYdTGpqbatFa93nIf6noSr.jpg
The Dark Knight,https://image.tmdb.org/t/p/w500/qJ2tW6WMUDux911r6m7haRef0WH.jpg
Up,https://image.tmdb.org/t/p/w500/mFvoEwSfLqbcWwFsDjQebn9bzFe.jpg
Monsters vs Aliens,https://image.tmdb.org/t/p/w500/hpHarddVj34j53T7NsoUGdKj4mP.jpg
Iron Man,https://image.tmdb.org/t/p/w500/78lPtwv72eTNqFW9COBYI0dWDJa.jpg
Hugo,https://image.tmdb.org/t/p/w500/1dxRq3o3l3bVWNRvvSb7rRf68qp.jpg
Wild Wild West,https://image.tmdb.org/t/p/w500/mCdo7nykEVCa25bjnkwgyX35fjm.jpg
The Mummy: Tomb of the Dragon Emperor,https://image.tmdb.org/t/p/w500/A3acM1lX5PNWQa6r5qeMAJOxbnT.jpg
Suicide Squad,https://image.tmdb.org/t/p/w500/sk3FZgh3sRrmr8vyhaitNobMcfh.jpg
Evan Almighty,https://image.tmdb.org/t/p/w500/blI1ioXbgJWOJ3PbcBuSV65Ebwu.jpg
Edge of Tomorrow,https://image.tmdb.org/t/p/w500/nBM9MMa2WCwvMG4IJ3eiGUdbPe6.jpg
Waterworld,https://image.tmdb.org/t/p/w500/X4UyUO5jgzs3c5YafnmYKLKKYw.jpg
G.I. Joe: The Rise of Cobra,https://image.tmdb.org/t/p/w500/mc9b25IAprHfsaOz0wTshOwGHcY.jpg
Inside Out,https://image.tmdb.org/t/p/w500/2H1TmgdfNtsKlU9jKdeNyYL5y8T.jpg
The Jungle Book,https://image.tmdb.org/t/p/w500/2Epx7F9X7DrFptn4seqn4mzBVks.jpg
Iron Man 2,https://image.tmdb.org/t/p/w500/6WBeq4fCfn7AN0o21W9qNcRF2l9.jpg
Snow White and the Huntsman,https://image.tmdb.org/t/p/w500/8HUa5kRubYbnAD5UVpnhTGGgMTW.jpg
Maleficent,https://image.tmdb.org/t/p/w500/ik8PugpL41s137RAWEGTAWu0dPo.jpg
Dawn of the Planet of the Apes,https://image.tmdb.org/t/p/w500/mSmAc9G25fhOHH45SLEeagR0qi7.jpg
The Lovers,https://image.tmdb.org/t/p/w500/6esL8UH2sXXqbfbaV6bFEUBCDOr.jpg
47 Ronin,https://image.tmdb.org/t/p/w500/xDHnmcroujCRG0ysYQaiswjbyHd.jpg
Captain America: The Winter Soldier,https://image.tmdb.org/t/p/w500/tVFRpFw3xTedgPGqxW0AOI8Qhh0.jpg
Shrek Forever After,https://image.tmdb.org/t/p/w500/6HrfPZtKcGmX2tUWW3cnciZTaSD.jpg
Tomorrowland,https://image.tmdb.org/t/p/w500/kziYpr5Nfw60P0My8aj1sgCEqed.jpg
Big Hero 6,https://image.tmdb.org/t/p/w500/2mxS4wUimwlLmI1xp6QW6NSU361.jpg
Wreck-It Ralph,https://image.tmdb.org/t/p/w500/ihfvxPh5C4rV2WSKWs7k7rzxzzO.jpg
The Polar Express,https://image.tmdb.org/t/p/w500/eOoCzH0MqeGr2taUZO4SwG416PF.jpg
Independence Day: Resurgence,https://image.tmdb.org/t/p/w500/9S50foUIYGwiNPWOxi1WJF6IPwI.jpg
How to Train Your Dragon,https://image.tmdb.org/t/p/w500/ygGmAO60t8GyqUo9xYeYxSZAR3b.jpg
Terminator 3: Rise of the Machines,https://image.tmdb.org/t/p/w500/vvevzdYIrk2636maNW4qeWmlPFG.jpg
Guardians of the Galaxy,https://image.tmdb.org/t/p/w500/r7vmZjiyZw9rpJMQJdXpjgiCOk9.jpg
Interstellar,https://image.tmdb.org/t/p/w500/yQvGrMoipbRoddT0ZR8tPoR7NfX.jpg
Inception,https://image.tmdb.org/t/p/w500/xlaY2zyzMfkhk0HSC5VUwzoZPU1.jpg
Shin Godzilla,https://image.tmdb.org/t/p/w500/jPNShaWZMpVF0iQ7j1dvTuZLD20.jpg
The Hobbit: An Unexpected Journey,https://image.tmdb.org/t/p/w500/yHA9Fc37VmpUA5UncTxxo3rTGVA.jpg
The Fast and the Furious,https://image.tmdb.org/t/p/w500/gqY0ITBgT7A82poL9jv851qdnIb.jpg
The Curious Case of Benjamin Button,https://image.tmdb.org/t/p/w500/26wEWZYt6yJkwRVkjcbwJEFh9IS.jpg
X-Men: First Class,https://image.tmdb.org/t/p/w500/hNEokmUke0dazoBhttFN0o3L7Xv.jpg
The Hunger Games: Mockingjay - Part 2,https://image.tmdb.org/t/p/w500/lImKHDfExAulp16grYm8zD5eONE.jpg
The Sorcerer's Apprentice,https://image.tmdb.org/t/p/w500/b5pIUsGll0418NyfNA5eYCI9aoK.jpg
Poseidon,https://image.tmdb.org/t/p/w500/fDPdjGc8SUEDWfTwMaZlCE6NSi3.jpg
Alice Through the Looking Glass,https://image.tmdb.org/t/p/w500/kbGamUkYfgKIYIrU8kW5oc0NatZ.jpg
Shrek the Third,https://image.tmdb.org/t/p/w500/n4SexGGQzI26E269tfpa80MZaGV.jpg
Warcraft,https://image.tmdb.org/t/p/w500/eGi5aoxaZveqNLtE7BZJCuWwR3G.jpg
Terminator Genisys,https://image.tmdb.org/t/p/w500/oZRVDpNtmHk8M1VYy1aeOWUXgbC.jpg
The Chronicles of Narnia: The Voyage of the Dawn Treader,https://image.tmdb.org/t/p/w500/pP27zlm9yeKrCeDZLFLP2HKELot.jpg
Pearl Harbor,https://image.tmdb.org/t/p/w500/y8A0Cvp8WQmZ3bjbnsL53lY0dsC.jpg
Transformers,https://image.tmdb.org/t/p/w500/lkZ9gqCEjzX85lKR6Jjd1uGAXNp.jpg
Alexander,https://image.tmdb.org/t/p/w500/jrwQu72sGwGqwE8Ijne89PSIvhp.jpg
Harry Potter and the Order of the Phoenix,https://image.tmdb.org/t/p/w500/5aOyriWkPec0zUDxmHFP9qMmBaj.jpg
Harry Potter and the Goblet of Fire,https://image.tmdb.org/t/p/w500/fECBtHlr0RB3foNHDiCBXeg9Bv9.jpg
Hancock,https://image.tmdb.org/t/p/w500/7DyuV2G0hLEqHeueDfOqhZ2DVut.jpg
I Am Legend,https://image.tmdb.org/t/p/w500/iPDkaSdKk2jRLTM65UOEoKtsIZ8.jpg
Charlie and the Chocolate Factory,https://image.tmdb.org/t/p/w500/iKP6wg3c6COUe8gYutoGG7qcPnO.jpg
Ratatouille,https://image.tmdb.org/t/p/w500/t3vaWRPSf6WjDSamIkKDs1iQWna.jpg
Batman Begins,https://image.tmdb.org/t/p/w500/sPX89Td70IDDjVr85jdSBb4rWGr.jpg
Madagascar: Escape 2 Africa,https://image.tmdb.org/t/p/w500/agRbLOHgN46TQO4YdKR462iR7To.jpg
Night at the Museum: Battle of the Smithsonian,https://image.tmdb.org/t/p/w500/l9yAQn6TyrA3gv5xZZkiMMoZsiw.jpg
X-Men Origins: Wolverine,https://image.tmdb.org/t/p/w500/yj8LbTju1p7CUJg7US2unSBk33s.jpg
The Matrix Revolutions,https://image.tmdb.org/t/p/w500/bkkS61w94ZVMNVd8KEyyJl2tnY5.jpg
Frozen,https://image.tmdb.org/t/p/w500/itAKcobTYGpYT8Phwjd8c9hleTo.jpg
The Matrix Reloaded,https://image.tmdb.org/t/p/w500/aA5qHS0FbSXO8PxcxUIHbDrJyuh.jpg
Thor: The Dark World,https://image.tmdb.org/t/p/w500/wp6OxE4poJ4G7c0U2ZIXasTSMR7.jpg
Mad Max: Fury Road,https://image.tmdb.org/t/p/w500/ulcAi4dKpAjHwYGS08vNyx9H6I9.jpg
Angels & Demons,https://image.tmdb.org/t/p/w500/tFZQAuulEOtFTp0gHbVdEXwGrYe.jpg
Thor,https://image.tmdb.org/t/p/w500/prSfAi1xGrhLQNxVSUFh61xQ4Qy.jpg
Bolt,https://image.tmdb.org/t/p/w500/v5aC4nrzXFGJDWY4JO1eengXzqk.jpg
G-Force,https://image.tmdb.org/t/p/w500/9Tly3ZXTTsQKM26fis8v9LR4GxG.jpg
Wrath of the Titans,https://image.tmdb.org/t/p/w500/b9n2R3xZWQ8MVZgndQoV34stS0h.jpg
Dark Shadows,https://image.tmdb.org/t/p/w500/fd9Ck4cxVlmtXsbeGtQW7WFuUFI.jpg
Mission: Impossible - Rogue Nation,https://image.tmdb.org/t/p/w500/fRJLXQBHK2wyznK5yZbO7vmsuVK.jpg
The Wolfman,https://image.tmdb.org/t/p/w500/fQqPoAHvHicie1ttuiV2q0yv9V7.jpg
Bee Movie,https://image.tmdb.org/t/p/w500/aWe27GmvfVYAd7p0KEtJZWwLWk5.jpg
Kung Fu Panda 2,https://image.tmdb.org/t/p/w500/mtqqD00vB4PGRt20gWtGqFhrkd0.jpg
The Last Airbender,https://image.tmdb.org/t/p/w500/kl9JJ8288bNsY8oqT1SpQh1w2mb.jpg
Mission: Impossible III,https://image.tmdb.org/t/p/w500/vKGYCpmQyV9uHybWDzXuII8Los5.jpg
White House Down,https://image.tmdb.org/t/p/w500/6TeIVKPw7nXXWy2zKmDmlnSwzb7.jpg
Mars Needs Moms,https://image.tmdb.org/t/p/w500/yZBrpe4bxwDIDKBxPeJYrlyDK5R.jpg
Flushed Away,https://image.tmdb.org/t/p/w500/kgoZI4xh38RrEYEPVib6a12UPLn.jpg
Pan,https://image.tmdb.org/t/p/w500/w8i0mZR7MEL7c3bXSsuYg7VJsew.jpg
Mr. Peabody & Sherman,https://image.tmdb.org/t/p/w500/hPcImYndWESKHzT2GHVCDsUxzYg.jpg
Troy,https://image.tmdb.org/t/p/w500/a07wLy4ONfpsjnBqMwhlWTJTcm.jpg
Madagascar 3: Europe's Most Wanted,https://image.tmdb.org/t/p/w500/ekraj4ksvIKeuvQVEevEJkuybZd.jpg
Die Another Day,https://image.tmdb.org/t/p/w500/bZmGqOhMhaLn8AoFMvFDct4tbrL.jpg
Ghostbusters,https://image.tmdb.org/t/p/w500/wJmWliwXIgZOCCVOcGRBhce7xPS.jpg
Armageddon,https://image.tmdb.org/t/p/w500/eTM3qtGhDU8cvjpoa6KEt5E2auU.jpg
Men in Black II,https://image.tmdb.org/t/p/w500/enA22EPyzc2WQ1VVyY7zxresQQr.jpg
Beowulf,https://image.tmdb.org/t/p/w500/7QsWYyJAV97N9jOh21pdRIqJeJq.jpg
Kung Fu Panda 3,https://image.tmdb.org/t/p/w500/oajNi4Su39WAByHI6EONu8G8HYn.jpg
Mission: Impossible - Ghost Protocol,https://image.tmdb.org/t/p/w500/eRZTGx7GsiKqPch96k27LK005ZL.jpg
Rise of the Guardians,https://image.tmdb.org/t/p/w500/yfzmfWGjcmyugH6FZ13WcsUGiNj.jpg
Fun with Dick and Jane,https://image.tmdb.org/t/p/w500/xTcIPKpzCqQUQixNPS0Rb7HPEAf.jpg
The Last Samurai,https://image.tmdb.org/t/p/w500/a8jmJPs5eZBARmnuEEvZwbjwyz4.jpg
Exodus: Gods and Kings,https://image.tmdb.org/t/p/w500/uaDj37JtvLan9tihxZ18e6qL33b.jpg
Star Trek,https://image.tmdb.org/t/p/w500/9vaRPXj44Q2meHgt3VVfQufiHOJ.jpg
Spider-Man,https://image.tmdb.org/t/p/w500/nXdAh5vUwERL4WGVMaee8RoDEAS.jpg
How to Train Your Dragon 2,https://image.tmdb.org/t/p/w500/d13Uj86LdbDLrfDoHR5aDOFYyJC.jpg
Gods of Egypt,https://image.tmdb.org/t/p/w500/hzH7fwaTyQNITLo40Hu3R7cVMqv.jpg
Stealth,https://image.tmdb.org/t/p/w500/cVtQHyTwaDhYFVRFXSuDthC2bXH.jpg
Watchmen,https://image.tmdb.org/t/p/w500/aVURelN3pM56lFM7Dgfs5TixcIf.jpg
Lethal Weapon 4,https://image.tmdb.org/t/p/w500/1EYNRhKXcMPF2zOPS1nWXoC844w.jpg
Hulk,https://image.tmdb.org/t/p/w500/UllIft2jLSBaay3zQyMV4GNdfy.jpg
G.I. Joe: Retaliation,https://image.tmdb.org/t/p/w500/3rWIZMzTKcCtV0eHJ70Z4Ru659f.jpg
Sahara,https://image.tmdb.org/t/p/w500/kyY1onYxkKBDlJsheRsVbMaoQEM.jpg
Final Fantasy: The Spirits Within,https://image.tmdb.org/t/p/w500/47b1EwFqqSWxYna7NtUM7iML4oT.jpg
Captain America: The First Avenger,https://image.tmdb.org/t/p/w500/vSNxAJTlD0r02V9sPYpOjqDZXUK.jpg
The World Is Not Enough,https://image.tmdb.org/t/p/w500/wCb2msgoZPK01WIqry24M4xsM73.jpg
Master and Commander: The Far Side of the World,https://image.tmdb.org/t/p/w500/s1cVTQEZYn4nSjZLnFbzLP0j8y2.jpg
The Twilight Saga: Breaking Dawn - Part 2,https://image.tmdb.org/t/p/w500/qs8LsHKYlVRmJbFUiSUhhRAygwj.jpg
Happy Feet Two,https://image.tmdb.org/t/p/w500/2gWiQ4mn85jcXtREVePlVViupeV.jpg
The Incredible Hulk,https://image.tmdb.org/t/p/w500/gKzYx79y0AQTL4UAk1cBQJ3nvrm.jpg
The BFG,https://image.tmdb.org/t/p/w500/w17Mc2x2olB5CtewznUFxgpvne0.jpg
The Revenant,https://image.tmdb.org/t/p/w500/ji3ecJphATlVgWNY0B0RVXZizdf.jpg
Turbo,https://image.tmdb.org/t/p/w500/inTKQni4YW8syrfgnXHwzmNeSo4.jpg
Rango,https://image.tmdb.org/t/p/w500/A5MP1guV8pbruieG0tnpPIbaJtt.jpg
Penguins of Madagascar,https://image.tmdb.org/t/p/w500/dXbpNrPDZDMEbujFoOxmMNQVMHa.jpg
The Bourne Ultimatum,https://image.tmdb.org/t/p/w500/15rMz5MRXFp7CP4VxhjYw4y0FUn.jpg
Kung Fu Panda,https://image.tmdb.org/t/p/w500/wWt4JYXTg5Wr3xBW2phBrMKgp3x.jpg
Ant-Man,https://image.tmdb.org/t/p/w500/rQRnQfUl3kfp78nCWq8Ks04vnq1.jpg
The Hunger Games: Catching Fire,https://image.tmdb.org/t/p/w500/vrQHDXjVmbYzadOXQ0UaObunoy2.jpg
Home,https://image.tmdb.org/t/p/w500/usFenYnk6mr8C62dB1MoAfSWMGR.jpg
War of the Worlds,https://image.tmdb.org/t/p/w500/6Biy7R9LfumYshur3YKhpj56MpB.jpg
Bad Boys II,https://image.tmdb.org/t/p/w500/yCvB5fG5aEPqa1St7ihY6KEAsHD.jpg
Puss in Boots,https://image.tmdb.org/t/p/w500/7a5Jzjr9TmffGy76y1SZhn3sCiz.jpg
Salt,https://image.tmdb.org/t/p/w500/ppXyhOe8UCEOrBRSYqE3SkHwrcR.jpg
Noah,https://image.tmdb.org/t/p/w500/vVLkHabnF5lVpCpqyhZBI5iCYMA.jpg
The Adventures of Tintin,https://image.tmdb.org/t/p/w500/fQZ3sLR1Fi63NMsNRbjm9q5qODJ.jpg
Harry Potter and the Prisoner of Azkaban,https://image.tmdb.org/t/p/w500/aWxwnYoe8p2d2fcxOqtvAtJ72Rw.jpg
Australia,https://image.tmdb.org/t/p/w500/tFQpccGMTWe24eWxK5U9rb7tK3M.jpg
After Earth,https://image.tmdb.org/t/p/w500/iXMvYIlzzJBs352CfeiQcBvovZt.jpg
Dinosaur,https://image.tmdb.org/t/p/w500/rSje3FS7ycJSglowlngjsvDt7vO.jpg
Night at the Museum: Secret of the Tomb,https://image.tmdb.org/t/p/w500/xwgy305K6qDs3D20xUO4OZu1HPY.jpg
Megamind,https://image.tmdb.org/t/p/w500/uZ9ytt3sPTx62XTfN56ILSuYWRe.jpg
Harry Potter and the Philosopher's Stone,https://image.tmdb.org/t/p/w500/wuMc08IPKEatf9rnMNXvIDxqP4W.jpg
R.I.P.D.,https://image.tmdb.org/t/p/w500/rS0kByPD4YF8pQ85KjzMdGiu7Xf.jpg
Pirates of the Caribbean: The Curse of the Black Pearl,https://image.tmdb.org/t/p/w500/poHwCZeWzJCShH7tOjg8RIoyjcw.jpg
The Hunger Games: Mockingjay - Part 1,https://image.tmdb.org/t/p/w500/4FAA18ZIja70d1Tu5hr5cj2q1sB.jpg
The Da Vinci Code,https://image.tmdb.org/t/p/w500/9ejKfNk0LBhSI9AahH4f9NJNZNM.jpg
Rio 2,https://image.tmdb.org/t/p/w500/gVNTBrjxh2YRmQFjlaqrNbHVvrd.jpg
X2,https://image.tmdb.org/t/p/w500/fbKrtVCaTBBdgwvrLiyYFsCewlK.jpg
Fast Five,https://image.tmdb.org/t/p/w500/gEfQjjQwY7fh5bI4GlG0RrBu7Pz.jpg
Sherlock Holmes: A Game of Shadows,https://image.tmdb.org/t/p/w500/2HsHurlnTOyU6yUS14gY6BQCyRs.jpg
Clash of the Titans,https://image.tmdb.org/t/p/w500/6iHYLipwEyZUPNO8MM3l1yHDaFE.jpg
Total Recall,https://image.tmdb.org/t/p/w500/wVbeL6fkbTKSmNfalj4VoAUUqJv.jpg
The 13th Warrior,https://image.tmdb.org/t/p/w500/pj1IQQ7ajwaOrjjTCxyM1L4mSnX.jpg
The Bourne Legacy,https://image.tmdb.org/t/p/w500/1aExL5DTGHj25ZfIC3dDwS84RWi.jpg
Batman & Robin,https://image.tmdb.org/t/p/w500/i7hEUpDuMN2LOrCEifFyGSHZQSY.jpg
How the Grinch Stole Christmas,https://image.tmdb.org/t/p/w500/1WZbbPApEivA421gCOluuzMMKCk.jpg
The Day After Tomorrow,https://image.tmdb.org/t/p/w500/Wr4HeYQRvwVCxzOV5TmGE7UkXq.jpg
Mission: Impossible II,https://image.tmdb.org/t/p/w500/hfnrual76gPeNFduhD4xzHWpfTw.jpg
The Perfect Storm,https://image.tmdb.org/t/p/w500/vJPoxqgpfFNbGi0HyoNsjFeLCio.jpg
Fantastic 4: Rise of the Silver Surfer,https://image.tmdb.org/t/p/w500/9wRfzTcMyyzkQxVDqBHv8RwuZOv.jpg
Life of Pi,https://image.tmdb.org/t/p/w500/iLgRu4hhSr6V1uManX6ukDriiSc.jpg
Ghost Rider,https://image.tmdb.org/t/p/w500/1KyJfmgCo2dUywUxpk6bGMZbyeZ.jpg
Jason Bourne,https://image.tmdb.org/t/p/w500/xA7N41glw17MBQtcWSm2eBlBRuG.jpg
Charlie's Angels: Full Throttle,https://image.tmdb.org/t/p/w500/n4cdJ0Wqxb7C0HmZbcaC4eYnkIf.jpg
Prometheus,https://image.tmdb.org/t/p/w500/qsYQflQhOuhDpQ0W2aOcwqgDAeI.jpg
Stuart Little 2,https://image.tmdb.org/t/p/w500/hjfeMLWqJY44mqqJKZSa6jx4Y1j.jpg
Elysium,https://image.tmdb.org/t/p/w500/aRjuJuPXHtVs6YegfeeQWXGRs1E.jpg
The Chronicles of Riddick,https://image.tmdb.org/t/p/w500/bVO1r90diKfFLzvZ5D3qK6Z558O.jpg
RoboCop,https://image.tmdb.org/t/p/w500/gM5ql3BKYmHG3WtZ0buKXN7xY8O.jpg
Speed Racer,https://image.tmdb.org/t/p/w500/fxRIpx9Op9h71q3tvuabx4GryyP.jpg
How Do You Know,https://image.tmdb.org/t/p/w500/jbOnp79eUZxQHgcdnTIRlxel1dE.jpg
Knight and Day,https://image.tmdb.org/t/p/w500/phhp52CZZJiGYmiOTp9ZBDkGHB3.jpg
Oblivion,https://image.tmdb.org/t/p/w500/bYLM3GpNUZnoFElPXp1zlhDPdtv.jpg
Star Wars: Episode III - Revenge of the Sith,https://image.tmdb.org/t/p/w500/xfSAoBEm9MNBjmlNcDYLvLSMlnq.jpg
Star Wars: Episode II - Attack of the Clones,https://image.tmdb.org/t/p/w500/oZNPzxqM2s5DyVWab09NTQScDQt.jpg
"Monsters, Inc.",https://image.tmdb.org/t/p/w500/wFSpyMsp7H0ttERbxY7Trlv8xry.jpg
The Wolverine,https://image.tmdb.org/t/p/w500/t2wVAcoRlKvEIVSbiYDb8d0QqqS.jpg
Star Wars: Episode I - The Phantom Menace,https://image.tmdb.org/t/p/w500/6wkfovpn7Eq8dYNKaG5PY3q2oq6.jpg
The Croods,https://image.tmdb.org/t/p/w500/27zvjVOtOi5ped1HSlJKNsKXkFH.jpg
Asterix at the Olympic Games,https://image.tmdb.org/t/p/w500/eNB2SrqmTJLByRDq3akDzA6Z9rC.jpg
Windtalkers,https://image.tmdb.org/t/p/w500/547q4HXlvEcS06lujfb2yzsTP3H.jpg
The Huntsman: Winter's War,https://image.tmdb.org/t/p/w500/ekHPrneEoa1EoDclWdillOKznqM.jpg
Teenage Mutant Ninja Turtles,https://image.tmdb.org/t/p/w500/azL2ThbJMIkts3ZMt3j1YgBUeDB.jpg
Gravity,https://image.tmdb.org/t/p/w500/kZ2nZw8D681aphje8NJi8EfbL1U.jpg
Dante's Peak,https://image.tmdb.org/t/p/w500/8PRVIfZzDgw8EV3sDWJ6NA1ZMAn.jpg
Teenage Mutant Ninja Turtles: Out of the Shadows,https://image.tmdb.org/t/p/w500/euVaCiCWz3AALcQXHT6aUqdGUo6.jpg
Fantastic Four,https://image.tmdb.org/t/p/w500/cDroz5qSlP8xZ6tOpeYoPkBvKyL.jpg
Night at the Museum,https://image.tmdb.org/t/p/w500/pDsAAYf6Zn0yiAGJ6lYGs6hoZ4E.jpg
San Andreas,https://image.tmdb.org/t/p/w500/2Gfjn962aaFSD6eST6QU3oLDZTo.jpg
Tomorrow Never Dies,https://image.tmdb.org/t/p/w500/gZm002w7q9yLOkltxT76TWGfdZX.jpg
The Patriot,https://image.tmdb.org/t/p/w500/fWZd815QxUCUcrWQZwUkAp9ljG.jpg
Ocean's Twelve,https://image.tmdb.org/t/p/w500/pE5anFf7nf6ah7V3VRezQ1KSovi.jpg
Mr. & Mrs. Smith,https://image.tmdb.org/t/p/w500/kjD700RtyhveN3ZbOnSvUSne0Qj.jpg
Insurgent,https://image.tmdb.org/t/p/w500/dP5Fb6YRfzmCQtRbHOr2kO7tJW9.jpg
The Aviator,https://image.tmdb.org/t/p/w500/lx4kWcZc3o9PaNxlQpEJZM17XUI.jpg
Gulliver's Travels,https://image.tmdb.org/t/p/w500/6NoEtuTwZ04luk5H2DpT5ivW7Mg.jpg
The Green Hornet,https://image.tmdb.org/t/p/w500/pecyADOvb3Ksey7KYU6V1enEOEc.jpg
300: Rise of an Empire,https://image.tmdb.org/t/p/w500/wYDdWN1McB1Sio4z1dPSkb40Z78.jpg
The Smurfs,https://image.tmdb.org/t/p/w500/vRhnslP2gW0QDym7BsMeSuioUfK.jpg
Home on the Range,https://image.tmdb.org/t/p/w500/cgKnkbO3fNWwKc9qLyLYdeZQ9Vj.jpg
Allegiant,https://image.tmdb.org/t/p/w500/faq9JlF8znUGQ5p3En1W61Fi5p0.jpg
Real Steel,https://image.tmdb.org/t/p/w500/4GIeI5K5YdDUkR3mNQBoScpSFEf.jpg
The Smurfs 2,https://image.tmdb.org/t/p/w500/tmjvgbEH4BKYFfHmWXjXrHgi8wT.jpg
Speed 2: Cruise Control,https://image.tmdb.org/t/p/w500/gnK1ocpwUTj24zAktzomOJsD2bu.jpg
Ender's Game,https://image.tmdb.org/t/p/w500/wgDlp3CT8SyLKJ52oFxrQONcw86.jpg
Live Free or Die Hard,https://image.tmdb.org/t/p/w500/31TT47YjBl7a7uvJ3ff1nrirXhP.jpg
The Lord of the Rings: The Fellowship of the Ring,https://image.tmdb.org/t/p/w500/6oom5QYQ2yQTMJIbnvbkBL9cHo6.jpg
Around the World in 80 Days,https://image.tmdb.org/t/p/w500/bBiMw6Jtg8tSTcEq8jFV7qk9TRW.jpg
Ali,https://image.tmdb.org/t/p/w500/32l3FaCzs8cXWps6hkgNJAcOsP.jpg
The Cat in the Hat,https://image.tmdb.org/t/p/w500/uYYLz67e5xEQMsY858VSSCDsLU6.jpg
"I, Robot",https://image.tmdb.org/t/p/w500/efwv6F2lGaghjPpBRSINHtoEiZB.jpg
Kingdom of Heaven,https://image.tmdb.org/t/p/w500/rNaBe4TwbMef71sgscqabpGKsxh.jpg
Stuart Little,https://image.tmdb.org/t/p/w500/362lcwTJlNyAhitTlp2UraECISR.jpg
The Princess and the Frog,https://image.tmdb.org/t/p/w500/yprv5PbnEksoVj2v6XEnDBg9joR.jpg
The Martian,https://image.tmdb.org/t/p/w500/pjYWdykADVLTCh5g475RnI2hWIN.jpg
The Island,https://image.tmdb.org/t/p/w500/9MaZYEyFmQwNeDTxZGQEN8E0e4p.jpg
Town & Country,https://image.tmdb.org/t/p/w500/4ckfJA1zqdXG7ttBqGZ2A91YHQs.jpg
Gone in Sixty Seconds,https://image.tmdb.org/t/p/w500/fToQDmkBtiXYGh9xfgAh3gpo6GZ.jpg
Gladiator,https://image.tmdb.org/t/p/w500/wN2xWp1eIwCKOD0BHTcErTBv1Uq.jpg
Minority Report,https://image.tmdb.org/t/p/w500/ccqpHq5tk5W4ymbSbuoy4uYOxFI.jpg
Harry Potter and the Chamber of Secrets,https://image.tmdb.org/t/p/w500/sdEOH0992YZ0QSxgXNIGLq1ToUi.jpg
Casino Royale,https://image.tmdb.org/t/p/w500/lMrxYKKhd4lqRzwUHAy5gcx9PSO.jpg
Planet of the Apes,https://image.tmdb.org/t/p/w500/3ZWsuP5rExMSji7erxnb1P5SK6F.jpg
Terminator 2: Judgment Day,https://image.tmdb.org/t/p/w500/jFTVD4XoWQTcg7wdyJKa8PEds5q.jpg
Public Enemies,https://image.tmdb.org/t/p/w500/3KgtekisQBrHRsm2cD5UOB6Ce3k.jpg
American Gangster,https://image.tmdb.org/t/p/w500/sX9idXDqRUxE5ffww3n3RV5gL55.jpg
True Lies,https://image.tmdb.org/t/p/w500/pweFTnzzTfGK68woSVkiTgjLzWm.jpg
The Taking of Pelham 1 2 3,https://image.tmdb.org/t/p/w500/rEnyQiBu6goqJfvQXpUZQjpoHVp.jpg
Little Fockers,https://image.tmdb.org/t/p/w500/90mwPRNMmX9RUGVgKMJMJNQnYX8.jpg
The Other Guys,https://image.tmdb.org/t/p/w500/wNEHNqo3MgHmj3BUiPSqqq5czcm.jpg
Eraser,https://image.tmdb.org/t/p/w500/uu2gBpFElDfxTI6BI9bT4pZ4kvw.jpg
Django Unchained,https://image.tmdb.org/t/p/w500/7oWY8VDWW7thTzWh3OKYRkWUlD5.jpg
The Hunchback of Notre Dame,https://image.tmdb.org/t/p/w500/dmMBtXuFzZzLYgeQXkOkg98w2Ak.jpg
The Emperor's New Groove,https://image.tmdb.org/t/p/w500/isA0acj3ONKBLp1pKadUNzxEPFv.jpg
The Expendables 2,https://image.tmdb.org/t/p/w500/74rTIGyGoIu5KSxDVMdr8H3MtMo.jpg
National Treasure,https://image.tmdb.org/t/p/w500/pxL6E4GBOPUG6CdkO9cUQN5VMwI.jpg
Eragon,https://image.tmdb.org/t/p/w500/mNu6QLUnKqPIjRA3pgEb5dkJye6.jpg
Where the Wild Things Are,https://image.tmdb.org/t/p/w500/pzVqDpSzOg32IpXghHGSGAAArl6.jpg
Epic,https://image.tmdb.org/t/p/w500/81cSsWzjTfR3cJSqnTiHwy1eyPK.jpg
The Tourist,https://image.tmdb.org/t/p/w500/qwfUH9gnvaXwvVRsgbL4L2jpLUz.jpg
End of Days,https://image.tmdb.org/t/p/w500/pY8FbKKl3VD0jRI1iDFrwN6alLa.jpg
Blood Diamond,https://image.tmdb.org/t/p/w500/tnLxPpajkbVdbQl5B9CuD7sSpz9.jpg
The Wolf of Wall Street,https://image.tmdb.org/t/p/w500/kW9LmvYHAaS9iA0tHmZVq8hQYoq.jpg
Batman Forever,https://image.tmdb.org/t/p/w500/i0fJS8M5UKoETjjJ0zwUiKaR8tr.jpg
Starship Troopers,https://image.tmdb.org/t/p/w500/cxCmv23O7p3hyHwqoktHYkZcGsY.jpg
Cloud Atlas,https://image.tmdb.org/t/p/w500/8naVv2Xu3rWI5JKHz0vCujx6GaJ.jpg
Legend of the Guardians: The Owls of Ga'Hoole,https://image.tmdb.org/t/p/w500/qweKCtPdnIP2uGp1PgWZyCV7gzj.jpg
Catwoman,https://image.tmdb.org/t/p/w500/pvnPgukFyEKgCzyOxyLiwyZ8T1C.jpg
Hercules,https://image.tmdb.org/t/p/w500/dK9rNoC97tgX3xXg5zdxFisdfcp.jpg
Treasure Planet,https://image.tmdb.org/t/p/w500/kNhZkR3UNbXfvESQo7mJpOi4tGd.jpg
Land of the Lost,https://image.tmdb.org/t/p/w500/hVCJzmK9l5FD01LFYAB1zcmmw7s.jpg
The Expendables 3,https://image.tmdb.org/t/p/w500/utS5euWHlEdKBNnEFwjpZ2oGuhF.jpg
Point Break,https://image.tmdb.org/t/p/w500/z7JOvw5Lqs9ezoFTJxmz3nx3av2.jpg
Son of the Mask,https://image.tmdb.org/t/p/w500/Adgnfhm9B8YAQmC0osuP4zO9SRc.jpg
In the Heart of the Sea,https://image.tmdb.org/t/p/w500/weVvNPfk6FM9vBg3BXtRtNAmiYM.jpg
The Adventures of Pluto Nash,https://image.tmdb.org/t/p/w500/96vvhLWWDosS1zRrfQ6XEGAzByL.jpg
Green Zone,https://image.tmdb.org/t/p/w500/czFIaeukSxNEccysQeys1PCkuOG.jpg
The Peanuts Movie,https://image.tmdb.org/t/p/w500/aiwdwnl7RFs1vcBanOKr13ye3wE.jpg
The Spanish Prisoner,https://image.tmdb.org/t/p/w500/cwkWlWfFrvH6WW6ovX5gfGHo7ks.jpg
The Mummy Returns,https://image.tmdb.org/t/p/w500/kdJsW7hcy1lrj7tdMPycTAQPAiR.jpg
Gangs of New York,https://image.tmdb.org/t/p/w500/lemqKtcCuAano5aqrzxYiKC8kkn.jpg
The Flowers of War,https://image.tmdb.org/t/p/w500/7NVgVX663tdareijAiv0eLiLn6d.jpg
Surf's Up,https://image.tmdb.org/t/p/w500/tTDsCVlDA8QR4Dc6t6nERfwl5z.jpg
The Stepford Wives,https://image.tmdb.org/t/p/w500/ygr0Wlmm1KmE16TUefNitIscVBG.jpg
Black Hawk Down,https://image.tmdb.org/t/p/w500/7fU5dSqKRL4XHeEUz62rCKBfYok.jpg
The Campaign,https://image.tmdb.org/t/p/w500/jMWjJ13sFTT07DwjNlqh8VY4sK6.jpg
The Fifth Element,https://image.tmdb.org/t/p/w500/fPtlCO1yQtnoLHOwKtWz7db6RGU.jpg
Sex and the City 2,https://image.tmdb.org/t/p/w500/iHSRxhZsPaVuLCivvV6WEkMVGWU.jpg
The Road to El Dorado,https://image.tmdb.org/t/p/w500/tQuqhUBACMcGqCvliHxpJreBfXC.jpg
Ice Age: Continental Drift,https://image.tmdb.org/t/p/w500/dfp1BZF7FxbBUyzHvMOI9t8NWDD.jpg
Cinderella,https://image.tmdb.org/t/p/w500/j91LJmcWo16CArFOoapsz84bwxb.jpg
The Lovely Bones,https://image.tmdb.org/t/p/w500/sn0iDphRxQ7I6aLd9igIgACITak.jpg
Finding Nemo,https://image.tmdb.org/t/p/w500/5lc6nQc0VhWFYFbNv016xze8Jvy.jpg
The Lord of the Rings: The Return of the King,https://image.tmdb.org/t/p/w500/rCzpDGLbOoPwLjy3OAm5NUPOTrC.jpg
The Lord of the Rings: The Two Towers,https://image.tmdb.org/t/p/w500/5VTN0pR8gcqV3EPUHHfMGnJYN9L.jpg
Seventh Son,https://image.tmdb.org/t/p/w500/7Q8DfXSjcFSSQDOxz1Sk865wNqI.jpg
Lara Croft: Tomb Raider,https://image.tmdb.org/t/p/w500/sJpl1EfHGZhbKtZ3fWTlwrpM1tH.jpg
Transcendence,https://image.tmdb.org/t/p/w500/i3JqPtiJWnidaif3UA2K2Eng0hp.jpg
Jurassic Park III,https://image.tmdb.org/t/p/w500/oQXj4NUfS3r3gHXtDOzcJgj1lLc.jpg
Rise of the Planet of the Apes,https://image.tmdb.org/t/p/w500/oqA45qMyyo1TtrnVEBKxqmTPhbN.jpg
The Spiderwick Chronicles,https://image.tmdb.org/t/p/w500/uN7MUMaCXfa8DbMMp61A8iXEcEG.jpg
A Good Day to Die Hard,https://image.tmdb.org/t/p/w500/qJ0csDXAVFMsNn0cRcjy6W6PxAK.jpg
The Alamo,https://image.tmdb.org/t/p/w500/54KNQfJnYZwhI3sPYyjXtptWGfg.jpg
The Incredibles,https://image.tmdb.org/t/p/w500/2LqaLgk4Z226KkgPJuiOQ58wvrm.jpg
Cutthroat Island,https://image.tmdb.org/t/p/w500/hYdeBZ4BFXivdouxLfQGWNE6zRx.jpg
Percy Jackson & the Olympians: The Lightning Thief,https://image.tmdb.org/t/p/w500/brzpTyZ5bnM7s53C1KSk1TmrMO6.jpg
Men in Black,https://image.tmdb.org/t/p/w500/uLOmOF5IzWoyrgIF5MfUnh5pa1X.jpg
Toy Story 2,https://image.tmdb.org/t/p/w500/4rbcp3ng8n1MKHjpeqW0L7Fnpzz.jpg
Unstoppable,https://image.tmdb.org/t/p/w500/zKvHwL0GqLOear8rTnUPSTRYY0r.jpg
Rush Hour 2,https://image.tmdb.org/t/p/w500/aBQf2vMiCINeVC9v6BGVYKXurTh.jpg
What Lies Beneath,https://image.tmdb.org/t/p/w500/2L3Cn0CizbSy2E9KJt1SiOSyb6p.jpg
Cloudy with a Chance of Meatballs,https://image.tmdb.org/t/p/w500/qhOhIKf7QEyQ5dMrRUqs5eTX1Oq.jpg
Ice Age: Dawn of the Dinosaurs,https://image.tmdb.org/t/p/w500/cXOLaxcNjNAYmEx1trZxOTKhK3Q.jpg
The Secret Life of Walter Mitty,https://image.tmdb.org/t/p/w500/iAo1hlzsPV9XpYcLQp6Ud065tGO.jpg
Charlie's Angels,https://image.tmdb.org/t/p/w500/iHTmZs0BmkwMCYi8rhvMWC5G4EM.jpg
The Departed,https://image.tmdb.org/t/p/w500/nT97ifVT2J1yMQmeq20Qblg61T.jpg
Mulan,https://image.tmdb.org/t/p/w500/jAbexAtB0aSfP5Ay4TpWHARyVnG.jpg
Tropic Thunder,https://image.tmdb.org/t/p/w500/zAurB9mNxfYRoVrVjAJJwGV3sPg.jpg
The Girl with the Dragon Tattoo,https://image.tmdb.org/t/p/w500/8bokS83zGdhaXgN9tjidUKmAftW.jpg
Die Hard: With a Vengeance,https://image.tmdb.org/t/p/w500/buqmCdFQEWwEpL3agGgg2GVjN2d.jpg
Sherlock Holmes,https://image.tmdb.org/t/p/w500/momkKuWburNTqKBF6ez7rvhYVhE.jpg
Ben-Hur,https://image.tmdb.org/t/p/w500/c9CoGrBA5yw8A7YBMz0hGzfzpNq.jpg
Atlantis: The Lost Empire,https://image.tmdb.org/t/p/w500/8fUEFPUTF7kBMuKPiSQHxPvd8EZ.jpg
Alvin and the Chipmunks: The Road Chip,https://image.tmdb.org/t/p/w500/aQhFoqby8UYq4uGQXOtV7P8JLBl.jpg
Valkyrie,https://image.tmdb.org/t/p/w500/8eoRtXswC8IQDsqW7iJWO56NhAv.jpg
You Don't Mess with the Zohan,https://image.tmdb.org/t/p/w500/gBhLQmpCPoKFMCGsulMbIFzrBID.jpg
Pixels,https://image.tmdb.org/t/p/w500/d26S5EfVXLNxRXqyFy1yyl3qRq3.jpg
A.I. Artificial Intelligence,https://image.tmdb.org/t/p/w500/8MZSGX5JORoO72EfuAEcejH5yHn.jpg
The Haunted Mansion,https://image.tmdb.org/t/p/w500/lGi5yio4pdDz5PkSeZCbnMQz5vK.jpg
Contact,https://image.tmdb.org/t/p/w500/bCpMIywuNZeWt3i5UMLEIc0VSwM.jpg
Hollow Man,https://image.tmdb.org/t/p/w500/sd3qUIv5uoP2oTbqv66CzXSPjKG.jpg
The Interpreter,https://image.tmdb.org/t/p/w500/wTidq3J9fh8sEOAlD8WZFHVLSuB.jpg
Percy Jackson: Sea of Monsters,https://image.tmdb.org/t/p/w500/tAu90qEpLqwqiZLsMqpaMVr55oN.jpg
Lara Croft Tomb Raider: The Cradle of Life,https://image.tmdb.org/t/p/w500/g8ucmMzh58MBGl5BpFhmnSjfWR0.jpg
Now You See Me 2,https://image.tmdb.org/t/p/w500/A81kDB6a1K86YLlcOtZB27jriJh.jpg
The Saint,https://image.tmdb.org/t/p/w500/k43wPAVeepqzGwP52dKcknQjquj.jpg
Spy Game,https://image.tmdb.org/t/p/w500/6y8M1rxjKofQCRKKe6xeV91K2Fc.jpg
Mission to Mars,https://image.tmdb.org/t/p/w500/cTKWoBpN5Gvi0vpMb9mLtYlwXqT.jpg
Rio,https://image.tmdb.org/t/p/w500/4nJxhUknKV8Gqdhov8pU1YWDYfb.jpg
Bicentennial Man,https://image.tmdb.org/t/p/w500/wrs23eO0VEWwOQpXoOasMnlW9Y4.jpg
Volcano,https://image.tmdb.org/t/p/w500/5xIjktjXuro7anZ6AR58t5ZYWjQ.jpg
The Devil's Own,https://image.tmdb.org/t/p/w500/3KIPu7H3tST0j4tpqdKpQZUBCQz.jpg
K-19: The Widowmaker,https://image.tmdb.org/t/p/w500/vImR0HQkJs7Xs2qgdXEUDeX49m0.jpg
Conan the Barbarian,https://image.tmdb.org/t/p/w500/qw2A587Ee61IwcSOLNFRhuOACZZ.jpg
Cinderella Man,https://image.tmdb.org/t/p/w500/wkeOjIcpuqLMW4GnVowlM9VI0JE.jpg
The Nutcracker: The Untold Story,https://image.tmdb.org/t/p/w500/8qpovUSOZiqFOpsHoByfKojI8iC.jpg
Seabiscuit,https://image.tmdb.org/t/p/w500/5m7NfZvxYsSm2YBCJ2VPQf8ziKr.jpg
Twister,https://image.tmdb.org/t/p/w500/d4ie3f6QTvNw40V770Uzo87SDZn.jpg
Cast Away,https://image.tmdb.org/t/p/w500/7lLJgKnAicAcR5UEuo8xhSMj18w.jpg
Happy Feet,https://image.tmdb.org/t/p/w500/za41IHkj6LnkilfTzv5B2qmthKD.jpg
The Bourne Supremacy,https://image.tmdb.org/t/p/w500/jupG9sFT64YwM8PSkwkUD2wHcYD.jpg
Air Force One,https://image.tmdb.org/t/p/w500/evO1iENjLpUnbwjnt5XK85jRYob.jpg
Ocean's Eleven,https://image.tmdb.org/t/p/w500/hQQCdZrsHtZyR6NbKH2YyCqd2fR.jpg
The Three Musketeers,https://image.tmdb.org/t/p/w500/woCADkkDIIKrOMEokbFOEsAYtUa.jpg
Hotel Transylvania,https://image.tmdb.org/t/p/w500/eJGvzGrsfe2sqTUPv5IwLWXjVuR.jpg
Enchanted,https://image.tmdb.org/t/p/w500/8KCNzCArLlvLdQoHx6npua2VSVc.jpg
Safe House,https://image.tmdb.org/t/p/w500/7CBhSjQa07LYt0RGejYjWugGmdV.jpg
102 Dalmatians,https://image.tmdb.org/t/p/w500/ueE6u2GTECzGBtas6PFx7wwi9y0.jpg
Tower Heist,https://image.tmdb.org/t/p/w500/jQrroNwP8hbFiUlNMs20emauwPE.jpg
The Holiday,https://image.tmdb.org/t/p/w500/h1ITOpvJN3Tw4Sy60w2QTfYMvdd.jpg
Enemy of the State,https://image.tmdb.org/t/p/w500/x9pXrMKLsBGGOFyyZ0Gwt9YpVub.jpg
It's Complicated,https://image.tmdb.org/t/p/w500/bmjPrJgrGENFRrERP7lCJ9FGIVB.jpg
Ocean's Thirteen,https://image.tmdb.org/t/p/w500/pBsZs4zYUiUTemqbikTZ76iQRaU.jpg
Open Season,https://image.tmdb.org/t/p/w500/w5Lctmkc1yah215Luxmci4djaiW.jpg
Divergent,https://image.tmdb.org/t/p/w500/aNh4Q3iuPKDMPi2SL7GgOpiLukX.jpg
Enemy at the Gates,https://image.tmdb.org/t/p/w500/cHRAbVdsCWFaQrswRsBP7Bn255W.jpg
The Rundown,https://image.tmdb.org/t/p/w500/cwNeP2fz0vqNhmKIcSgLD0xc6g2.jpg
Last Action Hero,https://image.tmdb.org/t/p/w500/vkhEaWAv5j3qgrOGp3BgMeiYPKj.jpg
Memoirs of a Geisha,https://image.tmdb.org/t/p/w500/pBwYsQaSTgnPphIy02DJjCF2cqs.jpg
The Fast and the Furious: Tokyo Drift,https://image.tmdb.org/t/p/w500/46xqGOwHbh2TH2avWSw3SMXph4E.jpg
Arthur Christmas,https://image.tmdb.org/t/p/w500/brELZkSbkLrcCXJ0xt5hQUMXhut.jpg
Meet Joe Black,https://image.tmdb.org/t/p/w500/fDPAjvfPMomkKF7cMRmL5Anak61.jpg
Collateral Damage,https://image.tmdb.org/t/p/w500/rALb2pU8QQGIlYdHezB2F5kwecI.jpg
All That Jazz,https://image.tmdb.org/t/p/w500/culCEdj4srLljefgn4XKd6k3C5t.jpg
Mirror Mirror,https://image.tmdb.org/t/p/w500/gzTSQUUuFrm5ndkIbOVibT797os.jpg
Scott Pilgrim vs. the World,https://image.tmdb.org/t/p/w500/g5IoYeudx9XBEfwNL0fHvSckLBz.jpg
The Core,https://image.tmdb.org/t/p/w500/iMPR3OFhKNVvJw4eZoRhf9RzfHJ.jpg
Nutty Professor II: The Klumps,https://image.tmdb.org/t/p/w500/v8gI95Eio7kAjixyqYHxNKmJTmm.jpg
Scooby-Doo,https://image.tmdb.org/t/p/w500/mTAiBJGg8mqEfnYHHbi37ZoRSZm.jpg
Dredd,https://image.tmdb.org/t/p/w500/wLx65gtGVnUFCxceHWGszcruCZj.jpg
Click,https://image.tmdb.org/t/p/w500/oL0k5JA53PyoHSZqKb3cNkhwBCE.jpg
Creepshow,https://image.tmdb.org/t/p/w500/4SoyTCEpsgLjX6yAyMsx3AsAyRQ.jpg
Cats & Dogs 2 : The Revenge of Kitty Galore,https://image.tmdb.org/t/p/w500/syV2naEnz7wbakOOk7XanPX8MjL.jpg
Jumper,https://image.tmdb.org/t/p/w500/3pPZ9JhNz3VMmASVir5SMHvTDUU.jpg
Hellboy II: The Golden Army,https://image.tmdb.org/t/p/w500/zO0Wdrxnhx3KoJEvychSmnY3urC.jpg
Zodiac,https://image.tmdb.org/t/p/w500/6YmeO4pB7XTh8P8F960O1uA14JO.jpg
The 6th Day,https://image.tmdb.org/t/p/w500/rODFJOFiPk1UVCe4pmBza8T6feO.jpg
Bruce Almighty,https://image.tmdb.org/t/p/w500/wqkWrOFtYnZSvIMu8Lsmz7WIvKC.jpg
The Expendables,https://image.tmdb.org/t/p/w500/j09ZkH6R4JWVylBcDai1laCmGw7.jpg
Mission: Impossible,https://image.tmdb.org/t/p/w500/l5uxY5m5OInWpcExIpKG6AR3rgL.jpg
The Hunger Games,https://image.tmdb.org/t/p/w500/yXCbOiVDCxO71zI7cuwBRXdftq8.jpg
The Hangover Part II,https://image.tmdb.org/t/p/w500/cKZu0Fdkj7dmwbfMpgDqVVCkLJQ.jpg
Batman Returns,https://image.tmdb.org/t/p/w500/jKBjeXM7iBBV9UkUcOXx3m7FSHY.jpg
Over the Hedge,https://image.tmdb.org/t/p/w500/jtZnymorbnHY7mOiBXR14ZDJseM.jpg
Lilo & Stitch,https://image.tmdb.org/t/p/w500/cFuLvQJPoZpuruAtN3rVnMmLIH8.jpg
Charlotte's Web,https://image.tmdb.org/t/p/w500/fU0IR5HF8KxQbZijuWKPTrY81Qv.jpg
Deep Impact,https://image.tmdb.org/t/p/w500/a3vQS7JKqlOb3MdVJHuTCP9s7Mg.jpg
RED 2,https://image.tmdb.org/t/p/w500/tbksijr6g340yFWRgI4JfwrtM9h.jpg
The Longest Yard,https://image.tmdb.org/t/p/w500/nbKcVBcxF96ARW2oKHqDYAcLdu.jpg
Alvin and the Chipmunks: Chipwrecked,https://image.tmdb.org/t/p/w500/npOXWVoZyl8UrF2wtByHtfmsWSX.jpg
Grown Ups 2,https://image.tmdb.org/t/p/w500/hT6ijOtjtYrnyDhN7VA2QWyGFAm.jpg
Get Smart,https://image.tmdb.org/t/p/w500/sZUjbtUS8qxXp4mj90evnqPJqX7.jpg
Something's Gotta Give,https://image.tmdb.org/t/p/w500/1cpdqe0SpiHzzbOLq9GDUUlZdSl.jpg
Shutter Island,https://image.tmdb.org/t/p/w500/nrmXQ0zcZUL8jFLrakWc90IR8z9.jpg
Four Christmases,https://image.tmdb.org/t/p/w500/zixj44TC7rwzpxtJAG5OzFJnEqe.jpg
Robots,https://image.tmdb.org/t/p/w500/fnKCh67l2DDG9NxxIlk9IpsXQ99.jpg
Face/Off,https://image.tmdb.org/t/p/w500/69Xzn8UdPbVnmqSChKz2RTpoNfB.jpg
Bedtime Stories,https://image.tmdb.org/t/p/w500/rSOnWm8ahvgThYp8TKGRUTcvsyw.jpg
Road to Perdition,https://image.tmdb.org/t/p/w500/loSpBeirRfTPJ3cMIqpQArstGhh.jpg
Just Go with It,https://image.tmdb.org/t/p/w500/3rz7bfGsPGcI6cfY002n9VrUgao.jpg
Con Air,https://image.tmdb.org/t/p/w500/kOKjgrEzGOP92rVQ6srA9jtp60l.jpg
Eagle Eye,https://image.tmdb.org/t/p/w500/9KCOv0hL37IN3tWG3j86eZg3xDH.jpg
Cold Mountain,https://image.tmdb.org/t/p/w500/j0AJeeR5CQPDFh0otyWyCWREHO8.jpg
The Book of Eli,https://image.tmdb.org/t/p/w500/1H1y9ZiqNFaLgQiRDDZLA55PviW.jpg
Flubber,https://image.tmdb.org/t/p/w500/bnKvk04icAyCO1KjqhsaEXBO9aJ.jpg
The Haunting,https://image.tmdb.org/t/p/w500/xwLldS5JnB4441iS50ha9ZrkaA8.jpg
Space Jam,https://image.tmdb.org/t/p/w500/4RN5El3Pj2W4gpwgiAGLVfSJv2g.jpg
The Pink Panther,https://image.tmdb.org/t/p/w500/th6i4TqJa5tEQaSKul2XgqSqTV9.jpg
The Day the Earth Stood Still,https://image.tmdb.org/t/p/w500/vBgFSYmG5tb7GsZ3tHR0WNaWaxA.jpg
Conspiracy Theory,https://image.tmdb.org/t/p/w500/sTyTKZVikQU6g50HE8HR1tBSRxj.jpg
Fury,https://image.tmdb.org/t/p/w500/pfte7wdMobMF4CVHuOxyu6oqeeA.jpg
Six Days Seven Nights,https://image.tmdb.org/t/p/w500/fzWrrCzRa16v51TXAUuT6Wendw7.jpg
Yogi Bear,https://image.tmdb.org/t/p/w500/5u6kGhqKVorNwcvz6zETWUPRmus.jpg
Spirit: Stallion of the Cimarron,https://image.tmdb.org/t/p/w500/jTS4o0Yj1RoA2OGzl8USZyAJqYK.jpg
Zookeeper,https://image.tmdb.org/t/p/w500/y3b4AYw8dr4hIKTfEAjxUxx0z8G.jpg
Lost in Space,https://image.tmdb.org/t/p/w500/fCocPDUFuKswY2GxDdfYsT9BXMd.jpg
The Manchurian Candidate,https://image.tmdb.org/t/p/w500/4xEWtEbKK2EXMZ8UPff8hDCSiVW.jpg
Déjà Vu,https://image.tmdb.org/t/p/w500/1fAIdDUVhQaqBr4lVPOeEiNPA3l.jpg
Hotel Transylvania 2,https://image.tmdb.org/t/p/w500/3nFnrivNgipSKZ8LZJJbRSlAcTR.jpg
Fantasia 2000,https://image.tmdb.org/t/p/w500/5rwAtUaKEK48CPUijVfVU0IPKPZ.jpg
The Time Machine,https://image.tmdb.org/t/p/w500/iYayQahkghlbAsfOQX8b5eBzGVy.jpg
Mighty Joe Young,https://image.tmdb.org/t/p/w500/jM39MOyLOxCD6Njz4vfQkGaKkY1.jpg
Swordfish,https://image.tmdb.org/t/p/w500/mM6h4jMqC4q5IaFgBIGKQDLnRU.jpg
The Legend of Zorro,https://image.tmdb.org/t/p/w500/93iEBX1QbsxAv8eSybe8lhLXY1A.jpg
What Dreams May Come,https://image.tmdb.org/t/p/w500/78wCdphUzeb528wLZw2W0fn7yGB.jpg
Little Nicky,https://image.tmdb.org/t/p/w500/AudA8gnTWSBWXBHSBHnr3HHUXXM.jpg
The Brothers Grimm,https://image.tmdb.org/t/p/w500/iPrey2UYrA5Fqa8L3KnxqMqfmSq.jpg
Mars Attacks!,https://image.tmdb.org/t/p/w500/hll4O5vSAfnZDb6JbnP06GPtz7b.jpg
Evolution,https://image.tmdb.org/t/p/w500/sLluKqBaGl0NLOFTtoXLXN9u9G6.jpg
The Edge,https://image.tmdb.org/t/p/w500/zplJqfuUyqzW0D4jX3W1afl0d7b.jpg
Surrogates,https://image.tmdb.org/t/p/w500/v3Z0Hbl0oe57njrrIPh0fJPFoo.jpg
Thirteen Days,https://image.tmdb.org/t/p/w500/aLx9UXH9fK2v6NDMvMyW4X88K3u.jpg
Daylight,https://image.tmdb.org/t/p/w500/bRWNxtm3q0QvIIM52uQqRIEvpl2.jpg
Walking With Dinosaurs,https://image.tmdb.org/t/p/w500/lkElT9HpOUIjIL20Hwy3LZqgXWc.jpg
Battlefield Earth,https://image.tmdb.org/t/p/w500/wXCRuBHdJ5aTFQdsuGJFXNdo79T.jpg
Looney Tunes: Back in Action,https://image.tmdb.org/t/p/w500/q0kntpdsHA0QdYjpQdNBqrVTdQq.jpg
Nine,https://image.tmdb.org/t/p/w500/91O7z0vo7MiNWd5xD2BoivwbQsb.jpg
Timeline,https://image.tmdb.org/t/p/w500/uOCIrFOT4U9QXML3SLlpCxGs7BV.jpg
The Postman,https://image.tmdb.org/t/p/w500/piVzOuKFLHNGLxnjwNtibC26lTy.jpg
Babe: Pig in the City,https://image.tmdb.org/t/p/w500/glO6LcTWUZcbxWT2SB4eRDnFSsP.jpg
The Last Witch Hunter,https://image.tmdb.org/t/p/w500/dS9YdnJkxtKE2PKCSsxTaO7Jpf5.jpg
Red Planet,https://image.tmdb.org/t/p/w500/6svTVlVEJDoOOEz1G09HLeb7vtF.jpg
Arthur and the Invisibles,https://image.tmdb.org/t/p/w500/gH27K0S7BiZCsNMxzOQTacG9IZp.jpg
Oceans,https://image.tmdb.org/t/p/w500/kIT3G7QoV1vatMCL8TAA3xnkO2V.jpg
A Sound of Thunder,https://image.tmdb.org/t/p/w500/mdO0UpJEmSZJqauMbNrfzwKlxoR.jpg
Pompeii,https://image.tmdb.org/t/p/w500/dxxM3lLDjGRC50i5rhvfQziskAN.jpg
Top Cat Begins,https://image.tmdb.org/t/p/w500/qqgXfEgWUm3GjQ1QorETpACXeZQ.jpg
A Beautiful Mind,https://image.tmdb.org/t/p/w500/rEIg5yJdNOt9fmX4P8gU9LeNoTQ.jpg
The Lion King,https://image.tmdb.org/t/p/w500/sKCr78MXSLixwmZ8DyJLrpMsd15.jpg
Journey 2: The Mysterious Island,https://image.tmdb.org/t/p/w500/uFm2vnp9LhHx5MNo1Ego6O3vUhl.jpg
Cloudy with a Chance of Meatballs 2,https://image.tmdb.org/t/p/w500/ss5NcK2NWFg2YcKKYXLrk8q1myS.jpg
Red Dragon,https://image.tmdb.org/t/p/w500/ou9ZKA2cms02b7CdCdVqGkKu0O0.jpg
Hidalgo,https://image.tmdb.org/t/p/w500/iGzENlBPYJEFWZnye4t3nqWSSp1.jpg
Jack and Jill,https://image.tmdb.org/t/p/w500/kFeAxmZvu0TE4iuLRHQD6Cej8Wf.jpg
2 Fast 2 Furious,https://image.tmdb.org/t/p/w500/6nDZExrDKIXvSAghsFKVFRVJuSf.jpg
The Little Prince,https://image.tmdb.org/t/p/w500/je5Z7gbFTzrs3FPHINo9yGiHoVo.jpg
The Invasion,https://image.tmdb.org/t/p/w500/oS5rMuJXwNZZPx0ojhvjgduglD2.jpg
The Adventures of Rocky & Bullwinkle,https://image.tmdb.org/t/p/w500/xCFSsftt2rglC81I6QLWcZSTCBM.jpg
The Secret Life of Pets,https://image.tmdb.org/t/p/w500/g3Hms6AE174doeGR1gz5zX5sVsv.jpg
The League of Extraordinary Gentlemen,https://image.tmdb.org/t/p/w500/kdAuVFP63XXxnb983ry2pLCKd9S.jpg
Despicable Me 2,https://image.tmdb.org/t/p/w500/5Fh4NdoEnCjCK9wLjdJ9DJNFl2b.jpg
Independence Day,https://image.tmdb.org/t/p/w500/p0BPQGSPoSa8Ml0DAf2mB2kCU0R.jpg
The Lost World: Jurassic Park,https://image.tmdb.org/t/p/w500/ss6cqHQc72eCsXrvne11XVZs3bR.jpg
Madagascar,https://image.tmdb.org/t/p/w500/zMpJY5CJKUufG9OTw0In4eAFqPX.jpg
Children of Men,https://image.tmdb.org/t/p/w500/k9IAS4TehZFcKi4HVByxZNPfqex.jpg
X-Men,https://image.tmdb.org/t/p/w500/vF02RqXLgtmpJM5CRLSuvN3fVHi.jpg
Wanted,https://image.tmdb.org/t/p/w500/njy7Pz7ZHZceO7lNfGIHKphY8Hd.jpg
The Rock,https://image.tmdb.org/t/p/w500/eBcoxveWzzXQrCrwWMGAROcqgpP.jpg
Ice Age: The Meltdown,https://image.tmdb.org/t/p/w500/8vNkkk4erLGDg3UfbmSHsTdSNcY.jpg
50 First Dates,https://image.tmdb.org/t/p/w500/lzUI2Cg7OMfcUNv3f7MywYNBjs6.jpg
Hairspray,https://image.tmdb.org/t/p/w500/fgMka3HtFvI5OgW1eYdR9XpySxH.jpg
Exorcist: The Beginning,https://image.tmdb.org/t/p/w500/4b7Mhc4HZN7XzMMLukaQ9C0x1Dx.jpg
Inspector Gadget,https://image.tmdb.org/t/p/w500/dDcsv1Lql5aM6H4JYfDHjBAXKgT.jpg
Now You See Me,https://image.tmdb.org/t/p/w500/tWsNYbrqy1p1w6K9zRk0mSchztT.jpg
Grown Ups,https://image.tmdb.org/t/p/w500/cQGM5k1NtU85n4TUlrOrwijSCcm.jpg
The Terminal,https://image.tmdb.org/t/p/w500/cPB3ZMM4UdsSAhNdS4c7ps5nypY.jpg
Hotel for Dogs,https://image.tmdb.org/t/p/w500/xD2AssTeySNCamlGueai4yAZZfX.jpg
Vertical Limit,https://image.tmdb.org/t/p/w500/kpqQUEi8eAyYHMDFACf6YlnPIu7.jpg
Charlie Wilson's War,https://image.tmdb.org/t/p/w500/45FghqcdSYRWK7PsHUInaFPNd8l.jpg
Shark Tale,https://image.tmdb.org/t/p/w500/r08DpyPyhXcJTfNZAICNGMzcQ8l.jpg
Dreamgirls,https://image.tmdb.org/t/p/w500/sG5JyOj8Spe13QkNJMH8b5kzQUh.jpg
Be Cool,https://image.tmdb.org/t/p/w500/ekKCH7Zkb5ZTr1f1AczZY23FH.jpg
Munich,https://image.tmdb.org/t/p/w500/iUekaw96QLInZpsNwRTlRKrZgwm.jpg
Tears of the Sun,https://image.tmdb.org/t/p/w500/fUnSSQukwTwBSdCbufEE36petLq.jpg
Killers,https://image.tmdb.org/t/p/w500/9VB8vGV4Aznf6GUc9C7a1EzGHLz.jpg
The Man from U.N.C.L.E.,https://image.tmdb.org/t/p/w500/y5yZaForGSJbPD66Cvq9AT5WMAD.jpg
Spanglish,https://image.tmdb.org/t/p/w500/x3OTaBvjqzhRL53Q39fOoIYqxyO.jpg
Monster House,https://image.tmdb.org/t/p/w500/zCRPr4bkO3ae0U1134vJ39xZnAG.jpg
Bandits,https://image.tmdb.org/t/p/w500/vy5oMqjiYjjd7VWLnqo6c3u88lC.jpg
First Knight,https://image.tmdb.org/t/p/w500/dJH5bwtu3UxbwRsSlhlhmMrV8ZH.jpg
Anna and the King,https://image.tmdb.org/t/p/w500/PIlOkljucv7HnvATbn4JwrAvSn.jpg
Immortals,https://image.tmdb.org/t/p/w500/4SPPX5KIyaQ9O8n5rLvvUIiIhpF.jpg
Hostage,https://image.tmdb.org/t/p/w500/vjhLmtjO2pMQXRgkxcwZoq2Ma8n.jpg
Titan A.E.,https://image.tmdb.org/t/p/w500/el2iHk3LTJWfEnwrvcRkvWY501G.jpg
Hollywood Homicide,https://image.tmdb.org/t/p/w500/Am7AhZYG7HLksY5E35oaEJ3Desz.jpg
Soldier,https://image.tmdb.org/t/p/w500/g62RTtfhgzJo1GV2jjwdzpNuiUB.jpg
Carriers,https://image.tmdb.org/t/p/w500/jxjnjHtHXgvjdhkwpelE9ZwVMg6.jpg
Monkeybone,https://image.tmdb.org/t/p/w500/lgH7Wej9922C1MQv0wciAfesKH8.jpg
Flight of the Phoenix,https://image.tmdb.org/t/p/w500/pj3nKoouBhLkO94XUg8y5IeZ32c.jpg
Unbreakable,https://image.tmdb.org/t/p/w500/mLuehrGLiK5zFCyRmDDOH6gbfPf.jpg
Minions,https://image.tmdb.org/t/p/w500/dr02BdCNAUPVU07aOodwPYv6HCf.jpg
Sucker Punch,https://image.tmdb.org/t/p/w500/jtaUDnvIiHUd2ranDcjB5AbPx6o.jpg
Snake Eyes,https://image.tmdb.org/t/p/w500/gsh9mQKRrr4M90XC9Rr0wxefc9u.jpg
Sphere,https://image.tmdb.org/t/p/w500/reR7C7EYe3DiHm5OYpA0ACUMDld.jpg
The Angry Birds Movie,https://image.tmdb.org/t/p/w500/iOH0fEFtV9z9rZp9zmBFGGeWicv.jpg
Fool's Gold,https://image.tmdb.org/t/p/w500/f4djEBW3nyGRPLTcDlWYyaO43mx.jpg
Funny People,https://image.tmdb.org/t/p/w500/gEYKD5cWCBGg8Za3hhwDBk3gEsP.jpg
The Kingdom,https://image.tmdb.org/t/p/w500/AgtEL99178EEEKfd44mvvoPRZt1.jpg
Talladega Nights: The Ballad of Ricky Bobby,https://image.tmdb.org/t/p/w500/3iCiTqsmJz1mO85AHzTiHNkRmb6.jpg
Dr. Dolittle 2,https://image.tmdb.org/t/p/w500/asYjHXBoD44B6mLOcZtMfMV3hm1.jpg
Braveheart,https://image.tmdb.org/t/p/w500/or1gBugydmjToAEq7OZY0owwFk.jpg
Jarhead,https://image.tmdb.org/t/p/w500/6vdj47RAWOUZBkeQmqToeZ7eaio.jpg
The Simpsons Movie,https://image.tmdb.org/t/p/w500/s3b8TZWwmkYc2KoJ5zk77qB6PzY.jpg
The Majestic,https://image.tmdb.org/t/p/w500/m9WrB91B8ghxIZhyFugkoSleBE7.jpg
Driven,https://image.tmdb.org/t/p/w500/8tJ4Ya8yEyxCMihDumEyvwvUuLB.jpg
Two Brothers,https://image.tmdb.org/t/p/w500/5I2pRuJI3SZVsxP5iaorGaczzkI.jpg
The Village,https://image.tmdb.org/t/p/w500/v7UvYtKfIVaHLaHwVgfalyrK7Ho.jpg
Doctor Dolittle,https://image.tmdb.org/t/p/w500/tLrchGMIkdo1KamQJA6fwvDQEy0.jpg
Signs,https://image.tmdb.org/t/p/w500/YtrIdrTxpRhvCnlw43dwOjfLqx.jpg
Shrek 2,https://image.tmdb.org/t/p/w500/2yYP0PQjG8zVqturh1BAqu2Tixl.jpg
Cars,https://image.tmdb.org/t/p/w500/2Touk3m5gzsqr1VsvxypdyHY5ci.jpg
Runaway Bride,https://image.tmdb.org/t/p/w500/wzivR0yWJStVdhcl0A5rQvVdTQ7.jpg
xXx,https://image.tmdb.org/t/p/w500/xeEw3eLeSFmJgXZzmF2Efww0q3s.jpg
The SpongeBob Movie: Sponge Out of Water,https://image.tmdb.org/t/p/w500/2WDmjUlSAPlA27i2OwEC7sRTFw3.jpg
Ransom,https://image.tmdb.org/t/p/w500/4nmOA5ZOY2VlHzwSlKY03sF2JUz.jpg
Inglourious Basterds,https://image.tmdb.org/t/p/w500/aupnPtagH9JVBuMrGEanf4iqXEQ.jpg
Hook,https://image.tmdb.org/t/p/w500/a6rB1lGXoGms7gWxRfJneQmAjNV.jpg
Die Hard 2,https://image.tmdb.org/t/p/w500/ybki0UWO3OPhaM6MSniuKC7sy1R.jpg
S.W.A.T.,https://image.tmdb.org/t/p/w500/bon63yPVIgUFLP2653Dg9GCOJLJ.jpg
Vanilla Sky,https://image.tmdb.org/t/p/w500/cAh2pCiNPftsY3aSqJuIOde7uWr.jpg
Lady in the Water,https://image.tmdb.org/t/p/w500/ddNmoSy1Jd3PBF5XDZvrrBIfrja.jpg
AVP: Alien vs. Predator,https://image.tmdb.org/t/p/w500/ySWu5bCnnmgV1cVacvFnFIhgOjp.jpg
Alvin and the Chipmunks: The Squeakquel,https://image.tmdb.org/t/p/w500/A2tgUeWadVJs1g6zOCZgKRs8uWC.jpg
We Were Soldiers,https://image.tmdb.org/t/p/w500/q2LeLzw4q9HTelkKx29dyTMf5zK.jpg
Olympus Has Fallen,https://image.tmdb.org/t/p/w500/u3GTFGwesNBNd0t1hiLaEk1iqZU.jpg
Star Trek: Insurrection,https://image.tmdb.org/t/p/w500/xQCMAHeg5M9HpDIqanYbWdr4brB.jpg
Battle: Los Angeles,https://image.tmdb.org/t/p/w500/jloyGeVYZSxM9zsLFvVOWuj2ey4.jpg
Big Fish,https://image.tmdb.org/t/p/w500/tjK063yCgaBAluVU72rZ6PKPH2l.jpg
Wolf,https://image.tmdb.org/t/p/w500/5TprU55U2zjAMCwr2jQra3zj1zu.jpg
War Horse,https://image.tmdb.org/t/p/w500/3aRHhvvngFPJFy5uAjo7GVr3PhL.jpg
The Monuments Men,https://image.tmdb.org/t/p/w500/wiWAg4mKV2S4vImPxsPRIdj2R2B.jpg
The Abyss,https://image.tmdb.org/t/p/w500/2dCit3XAtv9KWCJvRKdPkJ0FAkH.jpg
Wall Street: Money Never Sleeps,https://image.tmdb.org/t/p/w500/gtonVdZZMWES6GyhasAX0xhUdrF.jpg
Dracula Untold,https://image.tmdb.org/t/p/w500/m5h3NtZ2ZfryIHl1MvatmANvIqQ.jpg
The Siege,https://image.tmdb.org/t/p/w500/gbeeWu8rYaIYMyq9ayN1AepjNxP.jpg
Stardust,https://image.tmdb.org/t/p/w500/7zbFmxy3DqKYL2M8Hop6uylp2Uy.jpg
Seven Years in Tibet,https://image.tmdb.org/t/p/w500/qm87HHUew8ICtUCM4asO3gFYvby.jpg
The Dilemma,https://image.tmdb.org/t/p/w500/a7EVBTqeh6NoCFDW24qIp11kyi9.jpg
Bad Company,https://image.tmdb.org/t/p/w500/umu141mcfIEhRLgyQp7TWlGJFW.jpg
Doom,https://image.tmdb.org/t/p/w500/y50lH061yWOvEstoZRn7lYs0huk.jpg
I Spy,https://image.tmdb.org/t/p/w500/hmjCMtkeqxruMVocq7iwMx899xi.jpg
Underworld: Awakening,https://image.tmdb.org/t/p/w500/jN0uuc8U6M3sTg9zEaliJV60Stf.jpg
Rock of Ages,https://image.tmdb.org/t/p/w500/oVeE2QTUb14jPU2lYEGPE3s8T9j.jpg
Hart's War,https://image.tmdb.org/t/p/w500/yRUhSU7vzs5ePa72LNPcKKCCMZ5.jpg
Killer Elite,https://image.tmdb.org/t/p/w500/7O2U0WPFPSvNSUYZlhbnV081lBF.jpg
Rollerball,https://image.tmdb.org/t/p/w500/5Wquo3EjfDpK7S1BHcybuC3TZDO.jpg
Ballistic: Ecks vs. Sever,https://image.tmdb.org/t/p/w500/7Jcb486hN7hQRZTsb0RybFGeDOQ.jpg
Hard Rain,https://image.tmdb.org/t/p/w500/ggMcOVSax4lBXjYqqQUJLCtrar3.jpg
Osmosis Jones,https://image.tmdb.org/t/p/w500/foZpSG88IQUCEBJE3unc5QzO6bQ.jpg
Legends of Oz: Dorothy's Return,https://image.tmdb.org/t/p/w500/5XiNCjFudNX0Wj5LanPuIb8E9pU.jpg
Blackhat,https://image.tmdb.org/t/p/w500/7zu6HPnKPjNA7NuR4DGRdaH0PdX.jpg
Sky Captain and the World of Tomorrow,https://image.tmdb.org/t/p/w500/cO73CS7XKRPfGYh6G36StnhswQc.jpg
Basic Instinct 2,https://image.tmdb.org/t/p/w500/yNRSbx6AhOlW673t2073Wr2iH4U.jpg
Escape Plan,https://image.tmdb.org/t/p/w500/qOZPLflxDqKogu9v9hYw3lolxGs.jpg
The Legend of Hercules,https://image.tmdb.org/t/p/w500/mU5fJzXeU8qTSjJCvxgGCgRcy8J.jpg
The Sum of All Fears,https://image.tmdb.org/t/p/w500/3E4LW4bjRhEMDeeXeIsmkJ94v8K.jpg
The Twilight Saga: Eclipse,https://image.tmdb.org/t/p/w500/dK4Gi1UdMiHzHc7r7CZQG4IQ9Sr.jpg
The Score,https://image.tmdb.org/t/p/w500/fsb4m9XW59mei8GKznvI3lLzcfp.jpg
Despicable Me,https://image.tmdb.org/t/p/w500/b1BT309QWjtFUlJPLmXmrcHOWEL.jpg
Money Train,https://image.tmdb.org/t/p/w500/jWBDz6Mf9aQVBiUS76JQsEhvoJl.jpg
Ted 2,https://image.tmdb.org/t/p/w500/38C91I7Xft0gyY7BITm8i4yvuRb.jpg
Agora,https://image.tmdb.org/t/p/w500/1xsFa6I5vDd2UI1AJ1tsW7BUChv.jpg
Mystery Men,https://image.tmdb.org/t/p/w500/ciVSbFmDecOIwlxl9F6GhHVgCVJ.jpg
Hall Pass,https://image.tmdb.org/t/p/w500/eol3uD6whQKOKCmmhF7z39fq2Pe.jpg
The Insider,https://image.tmdb.org/t/p/w500/w695X0FvTlBCS7GSLHNILnrfqPm.jpg
The Finest Hours,https://image.tmdb.org/t/p/w500/6UG91TJ4DKI6FGdqXZfDBeRZHX8.jpg
Body of Lies,https://image.tmdb.org/t/p/w500/sLjVDPPfNQfAma9XyOqHPClQb2V.jpg
Dinner for Schmucks,https://image.tmdb.org/t/p/w500/eqCyt9ILsInMYPa2iveiINeVOJD.jpg
Abraham Lincoln: Vampire Hunter,https://image.tmdb.org/t/p/w500/qv8deK0ZmutAuEpejruQKApIy6r.jpg
Entrapment,https://image.tmdb.org/t/p/w500/psrm7DToacaxQvgViBAcrYiLKzH.jpg
The X Files,https://image.tmdb.org/t/p/w500/yLIw6shz2WC3W3iI0jROsF4B2ha.jpg
The Last Legion,https://image.tmdb.org/t/p/w500/k2jaEoOsTEMqSskBJm3gfcuxNEc.jpg
Saving Private Ryan,https://image.tmdb.org/t/p/w500/uqx37cS8cpHg8U35f9U5IBlrCV3.jpg
Need for Speed,https://image.tmdb.org/t/p/w500/45D153Bk0bNwonV1w5IBBvqssPV.jpg
What Women Want,https://image.tmdb.org/t/p/w500/eqkBEMDk1316Yx5wVoabWY07JAi.jpg
Ice Age,https://image.tmdb.org/t/p/w500/gLhHHZUzeseRXShoDyC4VqLgsNv.jpg
Dreamcatcher,https://image.tmdb.org/t/p/w500/hJn1tEpjCCm3RiKMtZ2HNPmCaqZ.jpg
Lincoln,https://image.tmdb.org/t/p/w500/7mUYEkv9W3ek61eetZCfMQYVoi.jpg
The Matrix,https://image.tmdb.org/t/p/w500/dXNAPwY7VrqMAo51EKhhCJfaGb5.jpg
Apollo 13,https://image.tmdb.org/t/p/w500/tVeKscCm2fY1xDXZk8PgnZ87h9S.jpg
The Santa Clause 2,https://image.tmdb.org/t/p/w500/2EAMkz0z1pbr9weOY1Y7buy2AxV.jpg
Les Misérables,https://image.tmdb.org/t/p/w500/6CuzBs2Lb8At7qQr64mLXg2RYRb.jpg
You've Got Mail,https://image.tmdb.org/t/p/w500/e2uVtH6TpMfUl7WeOM70ezkcjsU.jpg
Step Brothers,https://image.tmdb.org/t/p/w500/nvggBbEraUTAVR6ffP3AaBUWSHs.jpg
The Mask of Zorro,https://image.tmdb.org/t/p/w500/bdMufwGDDzqu4kTSQwrKc5WR4bu.jpg
Due Date,https://image.tmdb.org/t/p/w500/sBxWS09pOOyXZ0dcnqfqqCAQGan.jpg
Unbroken,https://image.tmdb.org/t/p/w500/vAlHUjHwLWMV5mg4epGR9WSIfiy.jpg
Space Cowboys,https://image.tmdb.org/t/p/w500/hPzt1bbA1sUDQOl6Vujmyz2hjLN.jpg
Cliffhanger,https://image.tmdb.org/t/p/w500/b28DOM54OHb1c7Lsk6Nu7Kwuonj.jpg
Broken Arrow,https://image.tmdb.org/t/p/w500/iBPMwYYJFvdCBkXrwV75peo5Lz2.jpg
The Kid,https://image.tmdb.org/t/p/w500/A9NWYyn7eX0H9XIjaOvfWJ9mCGA.jpg
World Trade Center,https://image.tmdb.org/t/p/w500/bfTiVc8kxq8uRXeblV3Ct35APGu.jpg
Mona Lisa Smile,https://image.tmdb.org/t/p/w500/bg0VKsXnLjIZ0cHmZHZLs9gzrvm.jpg
The Dictator,https://image.tmdb.org/t/p/w500/n0W7kajF4GFMRk2c0wWwMQqTaDM.jpg
Eyes Wide Shut,https://image.tmdb.org/t/p/w500/knEIz1eNGl5MQDbrEAVWA7iRqF9.jpg
Annie,https://image.tmdb.org/t/p/w500/aKAM9V0izx4VhsdyAdBvAB26UCZ.jpg
Focus,https://image.tmdb.org/t/p/w500/lOzGWjceYTd0kd5HyX7Ch46O9kh.jpg
This Means War,https://image.tmdb.org/t/p/w500/7d1hwECRc1NZlGfAeYE42ki7Fem.jpg
Blade: Trinity,https://image.tmdb.org/t/p/w500/6f7iXvPOnf83MaLB1JmPzUor1rr.jpg
Red Dawn,https://image.tmdb.org/t/p/w500/a2GkHcioc2QEFJbQk1NTB85u3vD.jpg
Primary Colors,https://image.tmdb.org/t/p/w500/RXEgVSEBkMnV8LkEGkBpuz3mkD.jpg
Resident Evil: Retribution,https://image.tmdb.org/t/p/w500/ohdUDWVlcbuWphaLu6wS91xdJ73.jpg
Death Race,https://image.tmdb.org/t/p/w500/5A79GeOb3uChQ0l0ZDjDyODKQp3.jpg
The Long Kiss Goodnight,https://image.tmdb.org/t/p/w500/yREdXX5lMFUKhTvb0ofI7mzUHlR.jpg
Proof of Life,https://image.tmdb.org/t/p/w500/yw8x2i3vaHZZzpvqvF75E8q2N6M.jpg
Zathura: A Space Adventure,https://image.tmdb.org/t/p/w500/gDb5BW2NLqZ9cvg9nyzkZVvmgze.jpg
Fight Club,https://image.tmdb.org/t/p/w500/jSziioSwPVrOy9Yow3XhWIBDjq1.jpg
We Are Marshall,https://image.tmdb.org/t/p/w500/5PSiExbg6Fm8MiPJOikBCOcZFnd.jpg
Hudson Hawk,https://image.tmdb.org/t/p/w500/2AiR7HZuIOUdJp6LYOEOA8z7pF3.jpg
Lucky Numbers,https://image.tmdb.org/t/p/w500/glmBnEtrmtMypPyg8DiwPZja3Vj.jpg
"I, Frankenstein",https://image.tmdb.org/t/p/w500/a53tIl4k20zCZCNyq73kiXkwWkl.jpg
Oliver Twist,https://image.tmdb.org/t/p/w500/zhPdYZ3x2uanhM1SyBj4CuL6hSa.jpg
Elektra,https://image.tmdb.org/t/p/w500/gC6s6NKHneSrOKyQZnUMb443RKU.jpg
Sin City: A Dame to Kill For,https://image.tmdb.org/t/p/w500/50kALxDX4mmzIRljbNbPY0u4cie.jpg
Random Hearts,https://image.tmdb.org/t/p/w500/k7LoKDWDesvYD7DXDh9Ewlxtcx8.jpg
Everest,https://image.tmdb.org/t/p/w500/2jKOu2bjpLP6NXJcm7Ep14bDGtA.jpg
Perfume: The Story of a Murderer,https://image.tmdb.org/t/p/w500/2wrFrUej8ri5EpjgIkjKTAnr686.jpg
Austin Powers in Goldmember,https://image.tmdb.org/t/p/w500/n8V61f1v7idya4WJzGEJNoIp9iL.jpg
Astro Boy,https://image.tmdb.org/t/p/w500/6AK3uOHaIbl6EDaytHYe4FinZMu.jpg
Jurassic Park,https://image.tmdb.org/t/p/w500/b1xCNnyrPebIc7EWNZIa6jhb1Ww.jpg
Wyatt Earp,https://image.tmdb.org/t/p/w500/51LItgyecu2KMAtIchYogEykCIu.jpg
Clear and Present Danger,https://image.tmdb.org/t/p/w500/6xTM8FPxrLRYwz6I3fqtwh7xybs.jpg
Dragon Blade,https://image.tmdb.org/t/p/w500/hrEbZNZQ385i4snYWyCDpYrEofO.jpg
Little Man,https://image.tmdb.org/t/p/w500/9KzPw1VN0pMBnq1KIqBaLI8LAB7.jpg
U-571,https://image.tmdb.org/t/p/w500/7lc7jXmjQmITnfUBX7nN4kxKKbI.jpg
The American President,https://image.tmdb.org/t/p/w500/yObOAYFIHXHkFPQ3jhgkN2ezaD.jpg
The Love Guru,https://image.tmdb.org/t/p/w500/sp8AV64ftAZCT9uWfgbCb3olGDW.jpg
3000 Miles to Graceland,https://image.tmdb.org/t/p/w500/nJgr5sGoXnsgZ0EVt80i6X9dQiA.jpg
The Hateful Eight,https://image.tmdb.org/t/p/w500/jIywvdPjia2t3eKYbjVTcwBQlG8.jpg
Blades of Glory,https://image.tmdb.org/t/p/w500/yclY3zyzrL1MS9b6Eygs9ks0ZTY.jpg
Hop,https://image.tmdb.org/t/p/w500/2FrDmwXWjRE1zpNP288YncRt5RF.jpg
300,https://image.tmdb.org/t/p/w500/h7Lcio0c9ohxPhSZg42eTlKIVVY.jpg
Meet the Fockers,https://image.tmdb.org/t/p/w500/59fXm6N2x7QSbvt6BaBxTNBXGL8.jpg
Marley & Me,https://image.tmdb.org/t/p/w500/pnB6hjTKylb0Ve2nUWt16gzkErr.jpg
The Green Mile,https://image.tmdb.org/t/p/w500/8VG8fDNiy50H4FedGwdSVUPoaJe.jpg
Wild Hogs,https://image.tmdb.org/t/p/w500/qYyPCZcpNGZwbyBo1gwdCiW5hHC.jpg
Chicken Little,https://image.tmdb.org/t/p/w500/87FpA4b90eTaw3U6zmCNikoPLir.jpg
Gone Girl,https://image.tmdb.org/t/p/w500/ts996lKsxvjkO2yiYG0ht4qAicO.jpg
The Bourne Identity,https://image.tmdb.org/t/p/w500/aP8swke3gmowbkfZ6lmNidu0y9p.jpg
GoldenEye,https://image.tmdb.org/t/p/w500/z0ljRnNxIO7CRBhLEO0DvLgAFPR.jpg
The General's Daughter,https://image.tmdb.org/t/p/w500/w8CMN81n7SON7ALPMlxZtOzBZB.jpg
The Truman Show,https://image.tmdb.org/t/p/w500/vuza0WqY239yBXOadKlGwJsZJFE.jpg
The Prince of Egypt,https://image.tmdb.org/t/p/w500/2xUjYwL6Ol7TLJPPKs7sYW5PWLX.jpg
Daddy Day Care,https://image.tmdb.org/t/p/w500/uiey5XUKuPicwpIJMf1OpaOd1jL.jpg
2 Guns,https://image.tmdb.org/t/p/w500/ptURGAFktibhk7DEAbMazlmNqWa.jpg
Cats & Dogs,https://image.tmdb.org/t/p/w500/wUWoat7L4vvQburQ8pVEJhRG9L5.jpg
The Italian Job,https://image.tmdb.org/t/p/w500/eSkjK4kctyrWpFhxl35GPvSs6tI.jpg
Two Weeks Notice,https://image.tmdb.org/t/p/w500/r18hSGAcxWiUysbX6nFShIZyjjP.jpg
Antz,https://image.tmdb.org/t/p/w500/lWPjxbUMpAHFkJpZHHNWhQaRsax.jpg
Couples Retreat,https://image.tmdb.org/t/p/w500/igXVSRZsNX3TZsKrQqSyEJvzHRF.jpg
Days of Thunder,https://image.tmdb.org/t/p/w500/8UvcoeMJag8UWGF8sg7eYspzq0Q.jpg
Cheaper by the Dozen 2,https://image.tmdb.org/t/p/w500/wD68dEtcKuboxd8bhbqiTTxn6cX.jpg
Maze Runner: The Scorch Trials,https://image.tmdb.org/t/p/w500/mYw7ZyejqSCPFlrT2jHZOESZDU3.jpg
Eat Pray Love,https://image.tmdb.org/t/p/w500/gjR5zUeMGV6UNqtI0OuzqrLQcjU.jpg
The Family Man,https://image.tmdb.org/t/p/w500/9wToOVsKuf0XeKhlauzCa3D8Gui.jpg
RED,https://image.tmdb.org/t/p/w500/8eeK3OB5PeSRQD7BpZcGZKkehG.jpg
Any Given Sunday,https://image.tmdb.org/t/p/w500/bysZeUvSPZPJnku4qkHF34CdgMG.jpg
The Horse Whisperer,https://image.tmdb.org/t/p/w500/ptkDeHY2mRJVyNRyxb9TgyAjTYs.jpg
Collateral,https://image.tmdb.org/t/p/w500/nV5316WUsVij8sVXLCF1g7TFitg.jpg
The Scorpion King,https://image.tmdb.org/t/p/w500/aITIsX20tACn6jgtyDcCYpRT216.jpg
Ladder 49,https://image.tmdb.org/t/p/w500/aJWQNUUHVcI7kvlVdUzPS9J8XHt.jpg
Jack Reacher,https://image.tmdb.org/t/p/w500/uQBbjrLVsUibWxNDGA4Czzo8lwz.jpg
Deep Blue Sea,https://image.tmdb.org/t/p/w500/fyn0zyCI4kIlbDoHH0Hzv09hDC5.jpg
This Is It,https://image.tmdb.org/t/p/w500/8GvQzHFSqr9KhyVxLEpB5dXPOWG.jpg
Contagion,https://image.tmdb.org/t/p/w500/qL0IooP0bjXy0KXl9KEyPo22ll0.jpg
Kangaroo Jack,https://image.tmdb.org/t/p/w500/nflh9On0de4l7ItCl3n4NVXjmnm.jpg
Coraline,https://image.tmdb.org/t/p/w500/4jeFXQYytChdZYE9JYO7Un87IlW.jpg
The Happening,https://image.tmdb.org/t/p/w500/fP4nBrtmc0teSDDHzYmDE7TLQBT.jpg
Man on Fire,https://image.tmdb.org/t/p/w500/grCGLCcTHv9TChibzOwzUpykcjB.jpg
The Shaggy Dog,https://image.tmdb.org/t/p/w500/tGX3YyPaYMbjiRwR5PjRsJW7GtM.jpg
Starsky & Hutch,https://image.tmdb.org/t/p/w500/fmBYVkBjhVspPv3GGus84qhBo1a.jpg
Jingle All the Way,https://image.tmdb.org/t/p/w500/lHLOUt0ZIQLC5asHdIQBoTUvaEp.jpg
Hellboy,https://image.tmdb.org/t/p/w500/lbaTEneOofwvAyg77R8HbFML2zT.jpg
A Civil Action,https://image.tmdb.org/t/p/w500/2AVF1cjRGOfaB4oteSzxvHiQ3hR.jpg
ParaNorman,https://image.tmdb.org/t/p/w500/9DZPtuYTKYxt6vzHvZ5FLThG4fl.jpg
The Jackal,https://image.tmdb.org/t/p/w500/oXF26QmDEaRaH9Fbhs3NXtcnryx.jpg
Paycheck,https://image.tmdb.org/t/p/w500/h0BWaPnWYXwbCXF69DxS0YWcVy2.jpg
Up Close & Personal,https://image.tmdb.org/t/p/w500/zF67qcf7skMHLpXnifodinUqCFr.jpg
The Tale of Despereaux,https://image.tmdb.org/t/p/w500/6bBzgQ1uJabDHeGR9QvKrHvHYzG.jpg
The Tuxedo,https://image.tmdb.org/t/p/w500/lTMnOx7E2zEzIGY0og1KkfgYMhY.jpg
Under Siege 2: Dark Territory,https://image.tmdb.org/t/p/w500/gElwFCQTbSK5hdK0PVyia547nst.jpg
Jack Ryan: Shadow Recruit,https://image.tmdb.org/t/p/w500/m7HcLUodrD4lM4s0Hui1tzO2pjO.jpg
Joy,https://image.tmdb.org/t/p/w500/nZAs0HbW82TI1i4Xid83M941Pki.jpg
London Has Fallen,https://image.tmdb.org/t/p/w500/iEbLkYzyiUdOKNK4WNBFyGH7r2Y.jpg
Alien: Resurrection,https://image.tmdb.org/t/p/w500/9aRDMlU5Zwpysilm0WCWzU2PCFv.jpg
Shooter,https://image.tmdb.org/t/p/w500/2aWGxo1E5polpBjPvtBRkWp7qaS.jpg
The Boxtrolls,https://image.tmdb.org/t/p/w500/npBf0yc5Gt7aAyyVOcYtFyT2IPa.jpg
Practical Magic,https://image.tmdb.org/t/p/w500/AwmToSgf2IL3aHv0QRVsR5KvChv.jpg
The Lego Movie,https://image.tmdb.org/t/p/w500/lbctonEnewCYZ4FYoTZhs8cidAl.jpg
Miss Congeniality 2: Armed and Fabulous,https://image.tmdb.org/t/p/w500/gcYoIHND3ugn2VH1cNHHNQasEyI.jpg
Reign of Fire,https://image.tmdb.org/t/p/w500/vZVXCj3jXzIPJUHLaQohzt2uTM3.jpg
Gangster Squad,https://image.tmdb.org/t/p/w500/wAuQNTBFBu2yXZsX6yLhUPiwTlW.jpg
Year One,https://image.tmdb.org/t/p/w500/qF573jdJYwtCbXVXPDn4xu8nW2a.jpg
Invictus,https://image.tmdb.org/t/p/w500/runuhBAAX7PmdjGhqRKCyl4bh7z.jpg
State of Play,https://image.tmdb.org/t/p/w500/mWsfeSFUM3NxWa62UrA9IIn240B.jpg
Duplicity,https://image.tmdb.org/t/p/w500/vpWQs3CjwG6Er3DgZlv4L3NFjXg.jpg
My Favorite Martian,https://image.tmdb.org/t/p/w500/pOp4xriDEFUy2uN0BfnHJcjzqWt.jpg
The Sentinel,https://image.tmdb.org/t/p/w500/wPFVeVYuFhCnnOAZZHpMROCbssE.jpg
Planet 51,https://image.tmdb.org/t/p/w500/x7Itcg3ZdExKwdKguy73WPEqosW.jpg
Star Trek: Nemesis,https://image.tmdb.org/t/p/w500/cldAwhvBmOv9jrd3bXWuqRHoXyq.jpg
Intolerable Cruelty,https://image.tmdb.org/t/p/w500/7K8hDwOWsZv0MluyrB8nWlhJOgB.jpg
Trouble with the Curve,https://image.tmdb.org/t/p/w500/zLZQVmxOj5kICbS5Pq7rB1cbPvP.jpg
Edge of Darkness,https://image.tmdb.org/t/p/w500/pvHjp1vEFmp5FquSCPQ2O95tIZJ.jpg
The Relic,https://image.tmdb.org/t/p/w500/fAG4nKPUWEIwGBpP38H64GGV8kl.jpg
Analyze That,https://image.tmdb.org/t/p/w500/q3R6Hno3WFfIkHQg7CeVAEOcHQQ.jpg
Righteous Kill,https://image.tmdb.org/t/p/w500/wKL5pzUfGOqOFjf0VN47nXlZOAL.jpg
Mercury Rising,https://image.tmdb.org/t/p/w500/60AAso6I2TzQCy2SjqtzPni8csA.jpg
The Soloist,https://image.tmdb.org/t/p/w500/6GnFN9OTkaoeKNzd2Fbp3ZyJjKi.jpg
The Legend of Bagger Vance,https://image.tmdb.org/t/p/w500/7jKjh9PZvHJYYtCycQmTbBoZVV4.jpg
Almost Famous,https://image.tmdb.org/t/p/w500/3rrkyLYbgLj84AYvjhdcJot4JPx.jpg
Garfield: A Tail of Two Kitties,https://image.tmdb.org/t/p/w500/O2j1bwErQ6bbBVZM5Vxg3Tsoir.jpg
xXx: State of the Union,https://image.tmdb.org/t/p/w500/nL9J0N3HJSdZTKRsd5xcE6IzL5s.jpg
Priest,https://image.tmdb.org/t/p/w500/fYHiA7LPGl9DG7m3DUs0Td1VMcO.jpg
Sinbad: Legend of the Seven Seas,https://image.tmdb.org/t/p/w500/yiW2L1fDiBT7AeWXrykhTNtPrr8.jpg
Event Horizon,https://image.tmdb.org/t/p/w500/cHoeg3gAD5w63Et5DImY1Jb7HaO.jpg
Dragonfly,https://image.tmdb.org/t/p/w500/tafDYI10ZhorJ6nmsPqUfzQpRLn.jpg
The Black Dahlia,https://image.tmdb.org/t/p/w500/su7yuXqGUHICfoijtcSaxWLE34Y.jpg
Flyboys,https://image.tmdb.org/t/p/w500/xezeqrrno6ytLyLrbTXRGUk4rdu.jpg
The Last Castle,https://image.tmdb.org/t/p/w500/pYnUfauPVK6g8IRO2REYl4TUZ2p.jpg
Supernova,https://image.tmdb.org/t/p/w500/AmHGUjhgXnOYRYrF2ZYMtzfwxPe.jpg
Winter's Tale,https://image.tmdb.org/t/p/w500/sdmHGy9c92SjAhz1h05TSLfnnAj.jpg
The Mortal Instruments: City of Bones,https://image.tmdb.org/t/p/w500/zaK1aVn5vXfNwLIDop9U8XA3Q0x.jpg
Meet Dave,https://image.tmdb.org/t/p/w500/3Qfav5aVRcZmq854olMjJ795JJ2.jpg
Dark Water,https://image.tmdb.org/t/p/w500/cm4M9xaBu78IjuAVNG4LCXdXsg.jpg
Edtv,https://image.tmdb.org/t/p/w500/xnnjoMONNamGU6ZX6acbcxyOKv1.jpg
Inkheart,https://image.tmdb.org/t/p/w500/eXFK5aBDzUPSynAhSKMJy7xLxqE.jpg
The Spirit,https://image.tmdb.org/t/p/w500/rZovzd9Oz3fQChXdKo3aT7EUVkj.jpg
Mortdecai,https://image.tmdb.org/t/p/w500/zIRDhdAuMevOuY2vs3s1HNcqDq7.jpg
In the Name of the King: A Dungeon Siege Tale,https://image.tmdb.org/t/p/w500/bbN1lmDk1PT0GsTFCy179sk5nIF.jpg
Beyond Borders,https://image.tmdb.org/t/p/w500/j7Upm2AtGuTzCs2Asq0GyBIMAxX.jpg
The Monkey King 2,https://image.tmdb.org/t/p/w500/iOApsyuFG05NaDCNHnicrln1ztM.jpg
The Great Raid,https://image.tmdb.org/t/p/w500/k5Q76tzV2T4RtDdYwNj64c1qQ16.jpg
Deadpool,https://image.tmdb.org/t/p/w500/3E53WEZJqP6aM84D8CckXx4pIHw.jpg
Holy Man,https://image.tmdb.org/t/p/w500/sfJBsOdSbgLLarO6GIS0dWzFcCv.jpg
American Sniper,https://image.tmdb.org/t/p/w500/i1U46OwMc6vlm7OoSUKfqUH615e.jpg
Goosebumps,https://image.tmdb.org/t/p/w500/aeZT9pqEgrmXOGdESFkAuVjX6kw.jpg
Just Like Heaven,https://image.tmdb.org/t/p/w500/2cLbyVNhEEaUJGg7rfbLtX6454I.jpg
The Flintstones in Viva Rock Vegas,https://image.tmdb.org/t/p/w500/qTcf60dqziF7xU2amxIIsvrnkTl.jpg
Rambo III,https://image.tmdb.org/t/p/w500/uycbt9iVlAnKkQIisqUWuO8hVcm.jpg
Leatherheads,https://image.tmdb.org/t/p/w500/dl2yu8iuwG3dqbpjalm2odadRaH.jpg
The Ridiculous 6,https://image.tmdb.org/t/p/w500/kPc80jywR5Nm2KIQjkY5i4VXSx4.jpg
Did You Hear About the Morgans?,https://image.tmdb.org/t/p/w500/zNRLfwUGKaSQEDvOKlIOLGn8qRk.jpg
The Internship,https://image.tmdb.org/t/p/w500/hIh3ZgsZ31nbUAGn5SKIZGKiKCX.jpg
Resident Evil: Afterlife,https://image.tmdb.org/t/p/w500/nYPc4sJdCZLY7YFYUmqXXYt3luH.jpg
Red Tails,https://image.tmdb.org/t/p/w500/dXmhYTdeMiuQFW4VpiWbfjtxtl9.jpg
The Devil's Advocate,https://image.tmdb.org/t/p/w500/5ZzBGpxy55OQzHxKVY11IpY6a0o.jpg
That's My Boy,https://image.tmdb.org/t/p/w500/oaLhdRsZ5Mq8VfZtA4Wlvjzzn0X.jpg
DragonHeart,https://image.tmdb.org/t/p/w500/1J2FvxEoEKMFT9TjUdfhm0MJhZD.jpg
After the Sunset,https://image.tmdb.org/t/p/w500/ldor5Ep0B01TCfwZ2vWWA8VPT6U.jpg
Ghost Rider: Spirit of Vengeance,https://image.tmdb.org/t/p/w500/xEoBT6lYfQNpSpTm8gJMTrQytiw.jpg
Captain Corelli's Mandolin,https://image.tmdb.org/t/p/w500/9YahF8HFypIKFTvOTiYzObA0hom.jpg
The Pacifier,https://image.tmdb.org/t/p/w500/ayVLPibrtazh7U5FliWRLDMmG3d.jpg
Walking Tall,https://image.tmdb.org/t/p/w500/2sdmKtRz2SlGSLxxZDePKm5zxus.jpg
Forrest Gump,https://image.tmdb.org/t/p/w500/Cw4hIUIAmSYfK9QfaUW5igp9La.jpg
Alvin and the Chipmunks,https://image.tmdb.org/t/p/w500/3s3WvpKPXXeKAPketDDqiQTi20S.jpg
Meet the Parents,https://image.tmdb.org/t/p/w500/5tXJ9ctuyEOMUFLaeqRisbXowWs.jpg
Pocahontas,https://image.tmdb.org/t/p/w500/kZ1ft0QZ4e3zDUPMBftEkwI9ftd.jpg
Superman,https://image.tmdb.org/t/p/w500/d7px1FQxW4tngdACVRsCSaZq0Xl.jpg
The Nutty Professor,https://image.tmdb.org/t/p/w500/fMtb5aZoLRNbMnCkatFsTmPRfl5.jpg
Hitch,https://image.tmdb.org/t/p/w500/x3W9H3nhGQbWSlyI8Amp2F6Z6cz.jpg
George of the Jungle,https://image.tmdb.org/t/p/w500/lWp8hUqE4oLPxsYgilXoYoVThfU.jpg
American Wedding,https://image.tmdb.org/t/p/w500/pCO3lJv2PzPkJty29APxCVSjyoE.jpg
Captain Phillips,https://image.tmdb.org/t/p/w500/8Td0kkocW6sD3uRpzwfMfkqMWhx.jpg
Date Night,https://image.tmdb.org/t/p/w500/9ftaHHJW2IrtnGbazdn5SP8V7Cf.jpg
Casper,https://image.tmdb.org/t/p/w500/2ah8fNJFZVU3vcXhU5xfAYi2eym.jpg
The Equalizer,https://image.tmdb.org/t/p/w500/9u4yW7yPA0BQ2pv9XwiNzItwvp8.jpg
Maid in Manhattan,https://image.tmdb.org/t/p/w500/gnEuTYH3jhHxl80QyoPfZjEYd0J.jpg
Crimson Tide,https://image.tmdb.org/t/p/w500/21nqRJ6ofEgVvEl68J4O9V26Xzy.jpg
The Pursuit of Happyness,https://image.tmdb.org/t/p/w500/lBYOKAMcxIvuk9s9hMuecB9dPBV.jpg
Flightplan,https://image.tmdb.org/t/p/w500/oNjZFzbe7PfF3TxztNHDkinOPyB.jpg
Disclosure,https://image.tmdb.org/t/p/w500/9e8cp3ho2aZrHMFgitysCoJxXwP.jpg
City of Angels,https://image.tmdb.org/t/p/w500/iuzxpUjHsbQJXV3kB9ZAdCimM60.jpg
Kill Bill: Vol. 1,https://image.tmdb.org/t/p/w500/v7TaX8kXMXs5yFFGR41guUDNcnB.jpg
Bowfinger,https://image.tmdb.org/t/p/w500/iGuiFYEYwFkaRPl3FgLJYEm6dWq.jpg
Kill Bill: Vol. 2,https://image.tmdb.org/t/p/w500/2yhg0mZQMhDyvUQ4rG1IZ4oIA8L.jpg
Tango & Cash,https://image.tmdb.org/t/p/w500/jxxxjTu87OSmQYkMFF7MgOEDXRn.jpg
Death Becomes Her,https://image.tmdb.org/t/p/w500/kkWxyyyWFK5KNk9WVwQuGEC9H9H.jpg
Shanghai Noon,https://image.tmdb.org/t/p/w500/b0WwWRcDiDahkah5vZ0KjB4N9ZZ.jpg
Executive Decision,https://image.tmdb.org/t/p/w500/hLjXkFr9fHlWzRVwu1T31QSVHRq.jpg
Mr. Popper's Penguins,https://image.tmdb.org/t/p/w500/jGwZ1QI5DaL7mHQ2ZsMV1p8xvPS.jpg
The Forbidden Kingdom,https://image.tmdb.org/t/p/w500/z8chF1Z7hyuSVqLYTgElkQZh2VB.jpg
Free Birds,https://image.tmdb.org/t/p/w500/gnSU2wUBq2gTkBEkxY8C1d1fXAQ.jpg
Alien³,https://image.tmdb.org/t/p/w500/xh5wI0UoW7DfS1IyLy3d2CgrCEP.jpg
Evita,https://image.tmdb.org/t/p/w500/mVdQatilUGMtB6sV4FXA7O473UD.jpg
Ronin,https://image.tmdb.org/t/p/w500/AirrhRJjHwytOV0pdLu7YZ4DEyr.jpg
The Ghost and the Darkness,https://image.tmdb.org/t/p/w500/3KEPs6RKlin9pT9fqjtW7MSLC8H.jpg
Paddington,https://image.tmdb.org/t/p/w500/wpchRGhRhvhtU083PfX2yixXtiw.jpg
The Watch,https://image.tmdb.org/t/p/w500/gwfgYA9wGpV4QLB0LrcexwfwC19.jpg
The Hunted,https://image.tmdb.org/t/p/w500/AvdBPe2XSKm3cGyTKFgbquC2jCo.jpg
Instinct,https://image.tmdb.org/t/p/w500/8EKmzia6awjsqFxgBk5a82aTmb6.jpg
Stuck on You,https://image.tmdb.org/t/p/w500/5TmPGPsOP4EgMo8X14pyywxB1j2.jpg
Semi-Pro,https://image.tmdb.org/t/p/w500/7KJrvJf96UpkXsWVOjzCo1IbnW6.jpg
The Pirates! In an Adventure with Scientists!,https://image.tmdb.org/t/p/w500/bkLeXPDP6sramrTiF5W7TzUl4t0.jpg
Changeling,https://image.tmdb.org/t/p/w500/dsCAryPlgLlpZu80hhLTwQHRIpU.jpg
Chain Reaction,https://image.tmdb.org/t/p/w500/4ahjVHwXXsq5zK57ds8FwWY73MS.jpg
The Fan,https://image.tmdb.org/t/p/w500/lu7CjP8YES5dJMCFg5O9o9jCkjl.jpg
The Phantom of the Opera,https://image.tmdb.org/t/p/w500/aTsp2VTaCBiGs8w05OTXfD97FRZ.jpg
Elizabeth: The Golden Age,https://image.tmdb.org/t/p/w500/oBQ64TyPEINgVpwKWriv3QsIDJb.jpg
Æon Flux,https://image.tmdb.org/t/p/w500/5958Nt4QX6aRSUdQnvNw8wqjTJQ.jpg
Gods and Generals,https://image.tmdb.org/t/p/w500/cgTb9rFEgAi2hq8B5AUABZHX8I.jpg
Turbulence,https://image.tmdb.org/t/p/w500/gnsxWkxWHPXMOAzXvS7aKMSKP0N.jpg
Imagine That,https://image.tmdb.org/t/p/w500/lyCTP5C3raH46hJNS9WfBSnWHsG.jpg
Muppets Most Wanted,https://image.tmdb.org/t/p/w500/AmX19leUR5gzBZrvA2QXVxGpgHK.jpg
Thunderbirds,https://image.tmdb.org/t/p/w500/1jH0vADEIvuRlkvJzLUW5nVO96d.jpg
Burlesque,https://image.tmdb.org/t/p/w500/3U9zBIibERQZqYKM3N1a4MYgBsN.jpg
A Very Long Engagement,https://image.tmdb.org/t/p/w500/jZ3Ir3d69dsyxif8dTVh3DjKzKH.jpg
Lolita,https://image.tmdb.org/t/p/w500/8Puqbeh0D95DpXFWep1rmH78btu.jpg
D-Tox,https://image.tmdb.org/t/p/w500/rn2Zu7zjOfNQCqQmqO7T1PDcBCq.jpg
Blade II,https://image.tmdb.org/t/p/w500/yDHwo3eWcMiy5LnnEnlGV9iLu9k.jpg
Seven Pounds,https://image.tmdb.org/t/p/w500/85zUipgVy2QbvAJ6djZXYaGckMv.jpg
Bullet to the Head,https://image.tmdb.org/t/p/w500/arJfxShfuZPhqfBZZU6DkPZfnjn.jpg
The Godfather: Part III,https://image.tmdb.org/t/p/w500/lm3pQ2QoQ16pextRsmnUbG2onES.jpg
Elizabethtown,https://image.tmdb.org/t/p/w500/mOdlzAQxhMgiaazRzif1YtJzg9s.jpg
"You, Me and Dupree",https://image.tmdb.org/t/p/w500/rtqbg1CKR4dFdmHxmsiM3u9n71I.jpg
Superman II,https://image.tmdb.org/t/p/w500/3xk5cno9BHcnwc97XO9k21aI1Zi.jpg
Gigli,https://image.tmdb.org/t/p/w500/qOhAK3WDqdeVTIE59loXvEGU7Lu.jpg
All the King's Men,https://image.tmdb.org/t/p/w500/7o8nnvFnkekDAlIYznNUWzxQFM6.jpg
Shaft,https://image.tmdb.org/t/p/w500/5ncvnNPaN73cOqD4muE413sSOyY.jpg
Anastasia,https://image.tmdb.org/t/p/w500/bppGWGA8zq1sRvTdDJnUzVW9GcH.jpg
Moulin Rouge!,https://image.tmdb.org/t/p/w500/2kjM5CUZRIU5yOANUowrbJcRL9L.jpg
Domestic Disturbance,https://image.tmdb.org/t/p/w500/quRhjnXAuIn04VmgM84nmKzt79J.jpg
Black Mass,https://image.tmdb.org/t/p/w500/zfwciv4LIJkNQsfuhYGv0Nkiweg.jpg
Flags of Our Fathers,https://image.tmdb.org/t/p/w500/2nkPrhf4YIyMFelfe4zdOnGRYz5.jpg
Law Abiding Citizen,https://image.tmdb.org/t/p/w500/fcEXcip7v0O1ndV4VUdFqJSqbOg.jpg
Grindhouse,https://image.tmdb.org/t/p/w500/tvMBwJlmQTIQf5EBjHzzyE9tjcN.jpg
Beloved,https://image.tmdb.org/t/p/w500/jIoT0J2fNXXCYZst6OkKStQIPw9.jpg
Lucky You,https://image.tmdb.org/t/p/w500/23jI1zZnrLlrkeGjjkBkUF4FVTf.jpg
Catch Me If You Can,https://image.tmdb.org/t/p/w500/ctjEj2xM32OvBXCq8zAdK3ZrsAj.jpg
Zero Dark Thirty,https://image.tmdb.org/t/p/w500/wNSdSSxowM3WIqmPJNg3RagYbwP.jpg
The Break-Up,https://image.tmdb.org/t/p/w500/ghCLIPRZNAndBoIZJ8f7lN5Mlly.jpg
Mamma Mia!,https://image.tmdb.org/t/p/w500/zdUA4FNHbXPadzVOJiU0Rgn6cHR.jpg
Valentine's Day,https://image.tmdb.org/t/p/w500/qOTcfD2DdnOTmhH0r1TOE09VvNh.jpg
The Dukes of Hazzard,https://image.tmdb.org/t/p/w500/2ZrNyYJEgE0VIqhelQPqFTR20xF.jpg
The Thin Red Line,https://image.tmdb.org/t/p/w500/seMydAaoxQP6F0xbE1jOcTmn5Jr.jpg
The Change-Up,https://image.tmdb.org/t/p/w500/iV6ARQZyGpjygtzFMdWH9U1Lj9x.jpg
Man on the Moon,https://image.tmdb.org/t/p/w500/msOZS07xRIFnapwp3fprGbKEAfT.jpg
Casino,https://image.tmdb.org/t/p/w500/gziIkUSnYuj9ChCi8qOu2ZunpSC.jpg
From Paris with Love,https://image.tmdb.org/t/p/w500/poVoLKLxUqsTLSntA40Po2F78dZ.jpg
Bulletproof Monk,https://image.tmdb.org/t/p/w500/kHWv16c4uDmiEujICSBdQ52TH55.jpg
"Me, Myself & Irene",https://image.tmdb.org/t/p/w500/rvRrcbLbpn7UJGRH1JupgHOeJFq.jpg
Barnyard,https://image.tmdb.org/t/p/w500/qB9jFInwUEb2VLhMeKQX17Vdrnp.jpg
Deck the Halls,https://image.tmdb.org/t/p/w500/smJDzhYGhl6j9OrucsB7IkMNy82.jpg
The Twilight Saga: New Moon,https://image.tmdb.org/t/p/w500/k2qTooPlHffgNABNWxeJdGMglPK.jpg
Shrek,https://image.tmdb.org/t/p/w500/iB64vpL3dIObOtMZgX3RqdVdQDc.jpg
The Adjustment Bureau,https://image.tmdb.org/t/p/w500/5ZzeR8iz1nEFLp94OBnbakLZawo.jpg
Robin Hood: Prince of Thieves,https://image.tmdb.org/t/p/w500/hbRnWUNJkKKVN5mkcuC5ooqjE4e.jpg
Jerry Maguire,https://image.tmdb.org/t/p/w500/lABvGN7fDk5ifnwZoxij6G96t2w.jpg
Ted,https://image.tmdb.org/t/p/w500/1QVZXQQHCEIj8lyUhdBYd2qOYtq.jpg
As Good as It Gets,https://image.tmdb.org/t/p/w500/xXxuJPNUDZ0vjsAXca0O5p3leVB.jpg
Patch Adams,https://image.tmdb.org/t/p/w500/xN1aKur5ddWQSXTqvzDPJD2TCxe.jpg
Anchorman 2: The Legend Continues,https://image.tmdb.org/t/p/w500/BAdmxMdCqzjs6hx3KuEtnoWP8d.jpg
Mr. Deeds,https://image.tmdb.org/t/p/w500/7gGk3pkpRsNlJ4PrJgEfgY9PG43.jpg
Super 8,https://image.tmdb.org/t/p/w500/pUWIjaMMYJjeBm5bJyE3mIXdQ62.jpg
Erin Brockovich,https://image.tmdb.org/t/p/w500/eMs20iUQyZVs05Ck7Q0LNnRsstr.jpg
How to Lose a Guy in 10 Days,https://image.tmdb.org/t/p/w500/2dlftyPz7mTYbrsPvTogyFmYd7d.jpg
22 Jump Street,https://image.tmdb.org/t/p/w500/850chzYHYbT3IISl6Q7dbBuFP2B.jpg
Interview with the Vampire,https://image.tmdb.org/t/p/w500/2162lAT2MP36MyJd2sttmj5du5T.jpg
Yes Man,https://image.tmdb.org/t/p/w500/8Vk2nQF1kY34x53YnWd5zDaTht.jpg
Central Intelligence,https://image.tmdb.org/t/p/w500/hXQVMbRNpf7c93e8clMY4W5DRm6.jpg
Stepmom,https://image.tmdb.org/t/p/w500/wMPv2Yz6QDzv6YhSbaqM48Medl1.jpg
Daddy's Home,https://image.tmdb.org/t/p/w500/fB9lALk9zKsMYWvf0bJSkJN219Z.jpg
Into the Woods,https://image.tmdb.org/t/p/w500/bINGDDuvUnZyde2sIcSx41IE5b6.jpg
Inside Man,https://image.tmdb.org/t/p/w500/ffMUgkDZICNiyaws1Jkv8qG8uFW.jpg
Payback,https://image.tmdb.org/t/p/w500/8Bqlv2kbOyZFqfiPNgzdBscqYPn.jpg
Congo,https://image.tmdb.org/t/p/w500/hPNSToNIIpRO6y5Rh973leqQqNr.jpg
We Bought a Zoo,https://image.tmdb.org/t/p/w500/dcOvIqdsojUdAtWt1nPT9xS76Su.jpg
Knowing,https://image.tmdb.org/t/p/w500/OG0mxQt4YaNIWiz8EKJSHe9lPh.jpg
Failure to Launch,https://image.tmdb.org/t/p/w500/omReuKQ8ItWYD5pOLmsKh3MF24w.jpg
The Ring Two,https://image.tmdb.org/t/p/w500/bHbz7z2pecTawhkqLpuC2m0qywe.jpg
"Crazy, Stupid, Love.",https://image.tmdb.org/t/p/w500/p4RafgAPk558muOjnBMHhMArjS2.jpg
Garfield,https://image.tmdb.org/t/p/w500/vqwTSWNLyH55g8kBT61s2DgNYEp.jpg
Christmas with the Kranks,https://image.tmdb.org/t/p/w500/q866vL3KhAjbkZH1enT7AoxmRHx.jpg
Moneyball,https://image.tmdb.org/t/p/w500/4yIQq1e6iOcaZ5rLDG3lZBP3j7a.jpg
Outbreak,https://image.tmdb.org/t/p/w500/4KymNvlWR0XF0sqX2BWRd9Z3yXR.jpg
Non-Stop,https://image.tmdb.org/t/p/w500/Nkgaj3X0W2jHQ1TzHEgWFpN3kJ.jpg
Race to Witch Mountain,https://image.tmdb.org/t/p/w500/5RBZsOKMMxnp8L6UmOiylKOw4yo.jpg
V for Vendetta,https://image.tmdb.org/t/p/w500/1avD1JeaRiJX5M4ahPdZPypGoGN.jpg
Shanghai Knights,https://image.tmdb.org/t/p/w500/vVNQStMlZS9mn2AKBEpadRunHgt.jpg
Curious George,https://image.tmdb.org/t/p/w500/7SpokDLiRHON9H36GdlF7vWKOm6.jpg
Herbie Fully Loaded,https://image.tmdb.org/t/p/w500/7lTfTZ8CDfXw09eAv3OOvsbCVgs.jpg
Don't Say a Word,https://image.tmdb.org/t/p/w500/mDawnZWQnePqQbiisEWZaY9e4UI.jpg
Hansel & Gretel: Witch Hunters,https://image.tmdb.org/t/p/w500/j343Rpj3WeNvP0SV80zveve70io.jpg
Unfaithful,https://image.tmdb.org/t/p/w500/bjiHEhuiwhIygzjczbTPAA07cGc.jpg
I Am Number Four,https://image.tmdb.org/t/p/w500/2NrP3h3GEsrPXX60bmjKuYWAvl9.jpg
Syriana,https://image.tmdb.org/t/p/w500/mO3hWUTOxmLJxihvDU0YFkb0Mb5.jpg
13 Hours: The Secret Soldiers of Benghazi,https://image.tmdb.org/t/p/w500/fZlAxZMo6BId1SiqyjLmkd7oUB7.jpg
The Book of Life,https://image.tmdb.org/t/p/w500/aotTZos5KswgCryEzx2rlOjFsm1.jpg
Firewall,https://image.tmdb.org/t/p/w500/v4HHAWJthAGxnvefLGSyeSInZZx.jpg
Absolute Power,https://image.tmdb.org/t/p/w500/izvyt3cxlilhbYwybTOteDWqf99.jpg
G.I. Jane,https://image.tmdb.org/t/p/w500/6yBgZJYqaR4XkxwjsB9tS4GK1ZN.jpg
The Game,https://image.tmdb.org/t/p/w500/4UOa079915QjiTA2u5hT2yKVgUu.jpg
Silent Hill,https://image.tmdb.org/t/p/w500/r0bEDWO2w4a43K2xTNSF284qOsc.jpg
The Replacements,https://image.tmdb.org/t/p/w500/6qerI41HqkdRlio1sG0d5HLZcFN.jpg
American Reunion,https://image.tmdb.org/t/p/w500/de5QBIdVR4dnkBZ4a0zjkS4lTg.jpg
The Negotiator,https://image.tmdb.org/t/p/w500/dUMHEymATOGbs2K3E4dmNSVBgFQ.jpg
Into the Storm,https://image.tmdb.org/t/p/w500/kBgrhrES9kMKSPxawUYV61KjlnB.jpg
Beverly Hills Cop III,https://image.tmdb.org/t/p/w500/7vIpCkgGEfk5LZwm78nMxswLJRH.jpg
Gremlins 2: The New Batch,https://image.tmdb.org/t/p/w500/35F5yD7MljvBE2AC0NHAVCoPGEi.jpg
The Judge,https://image.tmdb.org/t/p/w500/3K93GWotLXe4FqpErri0xkpLaD5.jpg
The Peacemaker,https://image.tmdb.org/t/p/w500/hc3p6pvIrfO4AmrVLb6qTviOwW2.jpg
Resident Evil: Apocalypse,https://image.tmdb.org/t/p/w500/way9dOm4dM2sm9UMcu2PEXMTX0q.jpg
Bridget Jones: The Edge of Reason,https://image.tmdb.org/t/p/w500/zDthRXkGnwFIWI0zWcJyS7h6lUl.jpg
Out of Time,https://image.tmdb.org/t/p/w500/zMExJ6RdJQmRMydvozhEBlOLX1m.jpg
On Deadly Ground,https://image.tmdb.org/t/p/w500/8jnO8EByAsfupWj9RjQxYAO4AUH.jpg
The Adventures of Sharkboy and Lavagirl,https://image.tmdb.org/t/p/w500/xpFbHSkRgOxOoutKqXob9T8iBPA.jpg
The Beach,https://image.tmdb.org/t/p/w500/4y7LxD8TSi6AtsM2xSYqUm1gu7u.jpg
Raising Helen,https://image.tmdb.org/t/p/w500/ijJFJX0kSmnaWXIj9Wg86JwYJvB.jpg
Ninja Assassin,https://image.tmdb.org/t/p/w500/ipJ4mgqse6uoTRsDyU3TXmva1rt.jpg
For Love of the Game,https://image.tmdb.org/t/p/w500/vkeKxoSXE1qMArcFNTNBBH8TjKZ.jpg
Striptease,https://image.tmdb.org/t/p/w500/4zMy6R7acotCmGoDk4sjzRtDwKn.jpg
Marmaduke,https://image.tmdb.org/t/p/w500/wNNqAqvOn717AWBhBQskH2Lnzmz.jpg
Hereafter,https://image.tmdb.org/t/p/w500/nOy0X8XSmSDOuwV8pqT70WoWHwT.jpg
Murder by Numbers,https://image.tmdb.org/t/p/w500/plH3TujSUVttiIikToKfwdCorJI.jpg
Assassins,https://image.tmdb.org/t/p/w500/wPmZYnaQpxwoHmwNwVhZ2IY0UbF.jpg
Hannibal Rising,https://image.tmdb.org/t/p/w500/7FTDMQoac0uqJUquZk4KenDzLMZ.jpg
The Story of Us,https://image.tmdb.org/t/p/w500/8rm0CZpHW1D7pIv8OguJNHF93LV.jpg
The Host,https://image.tmdb.org/t/p/w500/1mfIZw6WgkCX310eoe0Ys14c3Fi.jpg
Basic,https://image.tmdb.org/t/p/w500/jtyF4NF9fQlyGP8cgU1mK3DLUTB.jpg
Blood Work,https://image.tmdb.org/t/p/w500/A6wWJkIREagRWFNu3YotID3n9aW.jpg
The International,https://image.tmdb.org/t/p/w500/28TUZRU5QGoUIrhUz7xkQH3KhNB.jpg
Escape from L.A.,https://image.tmdb.org/t/p/w500/3L9lL2eUsmLNNfENPwNOc82Hzpw.jpg
The Iron Giant,https://image.tmdb.org/t/p/w500/ct04FCFLPImNG5thcPLRnVsZlmS.jpg
The Life Aquatic with Steve Zissou,https://image.tmdb.org/t/p/w500/qZoFLNBC78jzboWeDH6Ha0qavF2.jpg
Free State of Jones,https://image.tmdb.org/t/p/w500/fTB6p9QwPRKIuK5LtB5CZXlkx5b.jpg
The Life of David Gale,https://image.tmdb.org/t/p/w500/7tcAvE82JyxIi79cwQV5br90KVz.jpg
Man of the House,https://image.tmdb.org/t/p/w500/anBhlqCABytNvybE2Xr3tvsCOTp.jpg
Run All Night,https://image.tmdb.org/t/p/w500/iGvSMoPbWZWDnIhh54yiq3sW7wH.jpg
Eastern Promises,https://image.tmdb.org/t/p/w500/nLwv1pxRCRZucQaqs6oPkq7HH3K.jpg
Into the Blue,https://image.tmdb.org/t/p/w500/h5oXcjRu0EOiAxSxYuGq58897tu.jpg
The Messenger: The Story of Joan of Arc,https://image.tmdb.org/t/p/w500/lFzOGA2LPdOfQyhEiY74uDf2WKa.jpg
Your Highness,https://image.tmdb.org/t/p/w500/zw1tEKhR1ncGGtuYkkf30GYlvYQ.jpg
Dream House,https://image.tmdb.org/t/p/w500/uQFbnBEYguc6EWYKG0Hgq4LVdc2.jpg
Mad City,https://image.tmdb.org/t/p/w500/wXb9KGqxyrAHNygRRI1HW1BhcU.jpg
Baby's Day Out,https://image.tmdb.org/t/p/w500/21U2jwl36hoTHsXB3fDuIQkcchu.jpg
The Scarlet Letter,https://image.tmdb.org/t/p/w500/8gIU7O3oV6NyWUjlL6ppbpnIZLW.jpg
Fair Game,https://image.tmdb.org/t/p/w500/tX2cafjaDnEOi50xnUIloAc2fp2.jpg
Domino,https://image.tmdb.org/t/p/w500/pZdIfYkM5kV5BaUDYzwzgmpUxno.jpg
Jade,https://image.tmdb.org/t/p/w500/8KWiZKDYpAgh8n27lanvTuDquyX.jpg
Gamer,https://image.tmdb.org/t/p/w500/d5BTNmr87p7EvguTFW72vlL9l9H.jpg
Beautiful Creatures,https://image.tmdb.org/t/p/w500/t7PWQHpJHb2ozALCfaPaC5aHxBs.jpg
Death to Smoochy,https://image.tmdb.org/t/p/w500/wrwwuNLITsA5N5cVnA3ftvHFqHj.jpg
Zoolander 2,https://image.tmdb.org/t/p/w500/n8AJzALlTPBwe9Tkv3tdxbiAr9i.jpg
The Big Bounce,https://image.tmdb.org/t/p/w500/l6tzLXXGubnC6TbFgg8acfcvGRO.jpg
What Planet Are You From?,https://image.tmdb.org/t/p/w500/2VtgMZPj3uDLz0zOQqZ74SUZGK4.jpg
Drive Angry,https://image.tmdb.org/t/p/w500/nx2pChi41Xv4dsXsfSG3gnKcWaY.jpg
Street Fighter: The Legend of Chun-Li,https://image.tmdb.org/t/p/w500/lbNemoc9bRIAIVck0e2cv1cgftN.jpg
The One,https://image.tmdb.org/t/p/w500/gcr3t71KmeXINemMrhaGBGVJPwW.jpg
The Adventures of Ford Fairlane,https://image.tmdb.org/t/p/w500/u6accimG7LmroR8WgNklEJS7oFq.jpg
The Boat That Rocked,https://image.tmdb.org/t/p/w500/l7CBRLAXUnHi0kp2krhLtlJvtWI.jpg
Traffic,https://image.tmdb.org/t/p/w500/jbccmnqE4oAPI67bApgt2JiRPz8.jpg
Indiana Jones and the Last Crusade,https://image.tmdb.org/t/p/w500/sizg1AU8f8JDZX4QIgE4pjUMBvx.jpg
Anna Karenina,https://image.tmdb.org/t/p/w500/b9mvt1kKqDuveD1AJuGSkBEuagU.jpg
Chappie,https://image.tmdb.org/t/p/w500/uuDUpzlMFomdSfNWlpEPS9nVZWV.jpg
The Bone Collector,https://image.tmdb.org/t/p/w500/7atMCqRaDpAOnGsteTRm17zmvN3.jpg
Panic Room,https://image.tmdb.org/t/p/w500/hANYbvfwxmkC9E4yY6YyJxYxlSJ.jpg
The Tooth Fairy,https://image.tmdb.org/t/p/w500/i0dms1hH1ObbysPscPDKjgqNns0.jpg
Three Kings,https://image.tmdb.org/t/p/w500/fClJQW8xn8wHOFqoA4jUn0PZh1f.jpg
Child 44,https://image.tmdb.org/t/p/w500/p8uTx2xm72vXqI0H4W5kU3ku9ND.jpg
Rat Race,https://image.tmdb.org/t/p/w500/8ghNCfFbCJjcNSz2K5jOC3eO6ZD.jpg
K-PAX,https://image.tmdb.org/t/p/w500/tafXZX0I6rso7EyoEzfygfTqxq6.jpg
Kate & Leopold,https://image.tmdb.org/t/p/w500/fbWYmlGvQXmmZEr4bMeJFjWfFXZ.jpg
Bedazzled,https://image.tmdb.org/t/p/w500/sBV28EVvWsJRosMsEFCbVmpAZEl.jpg
The Cotton Club,https://image.tmdb.org/t/p/w500/jgCsLhIRLKlvUy1p1iImCi0nPnX.jpg
3:10 to Yuma,https://image.tmdb.org/t/p/w500/voMB69AsLnPNmtfbrBl0lbeFKDH.jpg
Taken 3,https://image.tmdb.org/t/p/w500/vzvMXMypMq7ieDofKThsxjHj9hn.jpg
Out of Sight,https://image.tmdb.org/t/p/w500/v49q7AMR3pB4M762woWB1NYMCLF.jpg
The Cable Guy,https://image.tmdb.org/t/p/w500/YJt9l3RdrRohI95btQKPXwpdii.jpg
Earth,https://image.tmdb.org/t/p/w500/AeswDyMS7DS8c66vrnLZxXXbLT1.jpg
Dick Tracy,https://image.tmdb.org/t/p/w500/sjeP4bpgsUvAGE8oFcICy2GaHxw.jpg
The Thomas Crown Affair,https://image.tmdb.org/t/p/w500/5yqs1MVlqdIg1DY5adC5jFx3d7j.jpg
Riding in Cars with Boys,https://image.tmdb.org/t/p/w500/1xzvRrpA9V1TxXP7kIf8d0AgJ1R.jpg
First Blood,https://image.tmdb.org/t/p/w500/a9sa6ERZCpplbPEO7OMWE763CLD.jpg
Solaris,https://image.tmdb.org/t/p/w500/pgqj7QoBPWFLLKtLEpPmFYFRMgB.jpg
Happily N'Ever After,https://image.tmdb.org/t/p/w500/gOOlHRhdEoJbPNE1jpocNawjnc5.jpg
Mary Reilly,https://image.tmdb.org/t/p/w500/cW5wTiv5fdtBOd22utmAIZBCMS3.jpg
My Best Friend's Wedding,https://image.tmdb.org/t/p/w500/b5g4bp8gS5ovMyR5439AII6zQ3n.jpg
America's Sweethearts,https://image.tmdb.org/t/p/w500/4TQOYs8rCWi44O1tNbIQiRqHQkA.jpg
Insomnia,https://image.tmdb.org/t/p/w500/riVXh3EimGO0y5dgQxEWPRy5Itg.jpg
Star Trek: First Contact,https://image.tmdb.org/t/p/w500/iqhHe893Vcf07jNkNQ31tu85dKG.jpg
Jonah Hex,https://image.tmdb.org/t/p/w500/xwAdu0lOO2Y5sXjK87glhJg3c6r.jpg
Courage Under Fire,https://image.tmdb.org/t/p/w500/vDJurMJkrx049AiXa3DJx5Zx7a4.jpg
Liar Liar,https://image.tmdb.org/t/p/w500/p1habYSdC7oD3WygQ5lynU5G5rV.jpg
The Infiltrator,https://image.tmdb.org/t/p/w500/758F57DxVRLe38S1Je4O1Bjx2u6.jpg
Inchon,https://image.tmdb.org/t/p/w500/s0yJZQlZ6g7e3lTjSaUKWltYByA.jpg
The Flintstones,https://image.tmdb.org/t/p/w500/k7gkf5Wa8YZ9iyEOylBMfw9pnkp.jpg
Taken 2,https://image.tmdb.org/t/p/w500/yzAlcuJhpnxRPjaj7AHBRbNPQCJ.jpg
Scary Movie 3,https://image.tmdb.org/t/p/w500/8dLsax5KSwlCY5uWXETKjud5k6U.jpg
Miss Congeniality,https://image.tmdb.org/t/p/w500/pat3vKaRlB70he4ghwTMydR4TvP.jpg
Journey to the Center of the Earth,https://image.tmdb.org/t/p/w500/kL55wY0s2H9JdwfjoWIp9plvYnl.jpg
The Princess Diaries 2: Royal Engagement,https://image.tmdb.org/t/p/w500/upJOyrxxSIxlSZC7KEqJfB1vlGl.jpg
The Pelican Brief,https://image.tmdb.org/t/p/w500/7B1HS0SqfJR1jbeHS6V0ZWdzLXP.jpg
The Client,https://image.tmdb.org/t/p/w500/oLdkJ4ZjxPtFSUChdjDQvHM9l75.jpg
The Bucket List,https://image.tmdb.org/t/p/w500/idbNSe8zsYKQL97dJApfOrDSdya.jpg
Patriot Games,https://image.tmdb.org/t/p/w500/9IT7gnszrRthduYxCLqaIkM55Un.jpg
Monster-in-Law,https://image.tmdb.org/t/p/w500/iRqcGkIPdRbEaW0xMEA5kgceUF8.jpg
Prisoners,https://image.tmdb.org/t/p/w500/uhviyknTT5cEQXbn6vWIqfM4vGm.jpg
Training Day,https://image.tmdb.org/t/p/w500/bUeiwBQdupBLQthMCHKV7zv56uv.jpg
Galaxy Quest,https://image.tmdb.org/t/p/w500/fZXSwgZknp81vmciTb86rw0MejV.jpg
Scary Movie 2,https://image.tmdb.org/t/p/w500/7Eb1JWK0Cb0rbfsYjwfc9g0PbQH.jpg
The Muppets,https://image.tmdb.org/t/p/w500/h5N6x5gS45wAALt5fsWVn0oCYQR.jpg
Blade,https://image.tmdb.org/t/p/w500/oWT70TvbsmQaqyphCZpsnQR7R32.jpg
Coach Carter,https://image.tmdb.org/t/p/w500/y3HOTTyM5nLsdUzXFtFCohG28qj.jpg
Changing Lanes,https://image.tmdb.org/t/p/w500/8wh9WzTKo5pJw3EgHYWA60W7Kbl.jpg
Anaconda,https://image.tmdb.org/t/p/w500/33NysOnLpLZY0ewHTcfpalzAsRG.jpg
Coyote Ugly,https://image.tmdb.org/t/p/w500/xYM0laKrEqjiRSQNvqRrXPXN3iL.jpg
Love Actually,https://image.tmdb.org/t/p/w500/7QPeVsr9rcFU9Gl90yg0gTOTpVv.jpg
A Bug's Life,https://image.tmdb.org/t/p/w500/Ah3J9OJVc2CNCuH2zMydXy9fmIC.jpg
From Hell,https://image.tmdb.org/t/p/w500/t2WpWM8nBO4sULXr2bDfNEt4qgr.jpg
The Specialist,https://image.tmdb.org/t/p/w500/9CVAjtkSaFs9FyddGfThj11ZuQq.jpg
Tin Cup,https://image.tmdb.org/t/p/w500/rB7OvMmjcBFoogleORaUqrRgp8g.jpg
"Yours, Mine and Ours",https://image.tmdb.org/t/p/w500/ejbrAFkAHP5W5mzI8wA0zUTcDdg.jpg
Kicking & Screaming,https://image.tmdb.org/t/p/w500/4erPZ5V0yzNXRB2IcypOACMEgOA.jpg
The Hitchhiker's Guide to the Galaxy,https://image.tmdb.org/t/p/w500/yr9A3KGQlxBh3yW0cmglsr8aMIz.jpg
Fat Albert,https://image.tmdb.org/t/p/w500/biA3teAO8xZQfdBfLIK9ATdfOkJ.jpg
Resident Evil: Extinction,https://image.tmdb.org/t/p/w500/6yaLr7Ymg5cvbtSVi5hHwBKx35I.jpg
Blended,https://image.tmdb.org/t/p/w500/o2YrH9jS7CAfWjETHFeL0tth79E.jpg
Last Holiday,https://image.tmdb.org/t/p/w500/2SkM1AHIgCQgdOboER6euPKTxGF.jpg
The River Wild,https://image.tmdb.org/t/p/w500/wVgQ2T63ThjIsY4R0qoHXjyllql.jpg
The Indian in the Cupboard,https://image.tmdb.org/t/p/w500/ozQAmW85tTJu2dhRe3evzyY03Nb.jpg
Savages,https://image.tmdb.org/t/p/w500/joyiyBwYY5QCpldqT1FzrTqsTJK.jpg
Cellular,https://image.tmdb.org/t/p/w500/AhD3qVfVmxz5CXDxctXwK5nmrOp.jpg
Johnny English,https://image.tmdb.org/t/p/w500/mmzW88tnkB2MnOV3Un2F9IUxSnZ.jpg
The Ant Bully,https://image.tmdb.org/t/p/w500/oFuqX0inTvbA1XAFv2x3CQnI65m.jpg
Dune,https://image.tmdb.org/t/p/w500/4kJmUCE7mkVJjXa7A0g2rY4IGTm.jpg
Across the Universe,https://image.tmdb.org/t/p/w500/447c8Te3DXC46rQvDEixKGO4dS6.jpg
Revolutionary Road,https://image.tmdb.org/t/p/w500/cvkD3yiVXLg3as8EAG3LaTycONQ.jpg
16 Blocks,https://image.tmdb.org/t/p/w500/cBLqMVfTZpuKmMQKDLKusb93dbR.jpg
Babylon A.D.,https://image.tmdb.org/t/p/w500/bQqb3T0FIHOvgozzX9aygmWUbLZ.jpg
The Glimmer Man,https://image.tmdb.org/t/p/w500/fMXc2nf3iZFsVbNNmJ5MCtjcwlk.jpg
Multiplicity,https://image.tmdb.org/t/p/w500/rlG2vi85uSEwWigVTtqDecVFTxR.jpg
Aliens in the Attic,https://image.tmdb.org/t/p/w500/bb8ym5zSRGmhNx3gyDnzSN2waS4.jpg
The Pledge,https://image.tmdb.org/t/p/w500/9QOzFL3FPMAUNNPrNiKC3mEDxco.jpg
The Producers,https://image.tmdb.org/t/p/w500/nG0Bix2SH2SQcbAIGhb6yqTG5UH.jpg
The Phantom,https://image.tmdb.org/t/p/w500/8k8RSMkmGR9Lp6FbKtithM3KIQb.jpg
All the Pretty Horses,https://image.tmdb.org/t/p/w500/6E4E7wYXw1DE2321F2hVNryLSk7.jpg
Nixon,https://image.tmdb.org/t/p/w500/cz2MTGr2wpDZLirgV2rGHBdA2t3.jpg
The Ghost Writer,https://image.tmdb.org/t/p/w500/rK7m2Ba0ieXa37NaAmrx4dfRvvM.jpg
Deep Rising,https://image.tmdb.org/t/p/w500/A1nOnrAlG3EbOvzgZt2ya11OmjQ.jpg
Miracle at St. Anna,https://image.tmdb.org/t/p/w500/7PqmgaQBuD0Zp9pDIkkEjkhCJUj.jpg
Curse of the Golden Flower,https://image.tmdb.org/t/p/w500/gHkkDpfo5YnOrbVfwtDHi91BkrU.jpg
Bangkok Dangerous,https://image.tmdb.org/t/p/w500/iTRftxHW8i4H7ONaOiCIwEXjNDJ.jpg
Big Trouble,https://image.tmdb.org/t/p/w500/gI2Qs1yTTj3NcESJyttCkbmJ4k9.jpg
Love in the Time of Cholera,https://image.tmdb.org/t/p/w500/lU3uvWGQlWeySxrUlJpxNaHW2Ra.jpg
Shadow Conspiracy,https://image.tmdb.org/t/p/w500/m8dgxxCrpLhKjkjH2DPxkz0inoJ.jpg
Johnny English Reborn,https://image.tmdb.org/t/p/w500/zDbrU0eSnRGh5gHc1iqTACTNNyT.jpg
Foodfight!,https://image.tmdb.org/t/p/w500/to9ggXVyhNTCICHcHMCtFtANd8P.jpg
Argo,https://image.tmdb.org/t/p/w500/m5gPWFZFIp4UJFABgWyLkbXv8GX.jpg
The Fugitive,https://image.tmdb.org/t/p/w500/b3rEtLKyOnF89mcK75GXDXdmOEf.jpg
The Bounty Hunter,https://image.tmdb.org/t/p/w500/fJPKar0jnAsS09l3xfP6LL8sUkX.jpg
Sleepers,https://image.tmdb.org/t/p/w500/yUpiEk2EojS9ZEXb3nIQonQCYYF.jpg
Rambo: First Blood Part II,https://image.tmdb.org/t/p/w500/fVwRtWqEPdsCH21BVDGqgkAQcff.jpg
The Juror,https://image.tmdb.org/t/p/w500/31mRYhJvaknQx8PQnR2UV7YCkLT.jpg
Pinocchio,https://image.tmdb.org/t/p/w500/bnZJrLRnoQHpzEJdka1KYfsAF3N.jpg
Heaven's Gate,https://image.tmdb.org/t/p/w500/kW4Vk31nhtKPKGuYMaVATq3wcHC.jpg
Underworld: Evolution,https://image.tmdb.org/t/p/w500/oJaQG353uOzOqffQ5K2hg03k4Vp.jpg
Victor Frankenstein,https://image.tmdb.org/t/p/w500/bYUmSLPtWylFKbEBHOXT1kt9l5b.jpg
Finding Forrester,https://image.tmdb.org/t/p/w500/chd9bCGNYtzDoJqGw5wUHlhrkOb.jpg
28 Days,https://image.tmdb.org/t/p/w500/tlgz7Shx0UavR5pyITeJ2mUHKFI.jpg
Unleashed,https://image.tmdb.org/t/p/w500/gghvmS3UxtOw1UHIgYjpeZNxHil.jpg
The Sweetest Thing,https://image.tmdb.org/t/p/w500/qLysz4B5YmiDq52Op0zq4eD75LC.jpg
The Firm,https://image.tmdb.org/t/p/w500/kFexXCzidkm4LwlgZqxsJsDQB5v.jpg
Charlie St. Cloud,https://image.tmdb.org/t/p/w500/r4XSrs6N086EU8CNm339dHRPhZg.jpg
The Mechanic,https://image.tmdb.org/t/p/w500/k37axEHszFP9WOVvbozxF0r7X7g.jpg
21 Jump Street,https://image.tmdb.org/t/p/w500/8v3Sqv9UcIUC4ebmpKWROqPBINZ.jpg
Notting Hill,https://image.tmdb.org/t/p/w500/hHRIf2XHeQMbyRb3HUx19SF5Ujw.jpg
Chicken Run,https://image.tmdb.org/t/p/w500/8XgmIsbpVamdhwcNVsYzohFZTtT.jpg
Along Came Polly,https://image.tmdb.org/t/p/w500/7Tp16THdpHkMrqgoiDresDz9CWL.jpg
Boomerang,https://image.tmdb.org/t/p/w500/apwkBVaJqLuK6mxe6sOABCeNjRw.jpg
The Heat,https://image.tmdb.org/t/p/w500/yERBa1y5zNUOTRKQPiDCPIc2fuv.jpg
Cleopatra,https://image.tmdb.org/t/p/w500/bj7rUGUewofA9cpHt1h36gvDFfy.jpg
Here Comes the Boom,https://image.tmdb.org/t/p/w500/g3ZjNkQP4M7Cs0clPD9q7EO2P1g.jpg
High Crimes,https://image.tmdb.org/t/p/w500/hywuHoNTiDXp0M32LUa228EQ2br.jpg
The Mirror Has Two Faces,https://image.tmdb.org/t/p/w500/ekk8MKMp3tlJjcMuhOgKsMCRrvR.jpg
The Mothman Prophecies,https://image.tmdb.org/t/p/w500/z2PiOTyjbCOnMHY2QJdq3I4jU44.jpg
Brüno,https://image.tmdb.org/t/p/w500/wcUc7TYtsb72dHVb51sYaGIvQsr.jpg
Licence to Kill,https://image.tmdb.org/t/p/w500/8nzJve63EXA79HGAyidZwivZrQ2.jpg
Red Riding Hood,https://image.tmdb.org/t/p/w500/ixQYkLeLlTTnAoT32dukndyObB6.jpg
15 Minutes,https://image.tmdb.org/t/p/w500/1qGyTDp4K4J2RjGtT5hR81ilX9r.jpg
Super Mario Bros.,https://image.tmdb.org/t/p/w500/yt5bbMfKpg1nRr4k5edxs7tPK2m.jpg
Lord of War,https://image.tmdb.org/t/p/w500/3MGQD4yXokufNlW1AyRXdiy7ytP.jpg
Hero,https://image.tmdb.org/t/p/w500/vxgZto2Cz7ILHAlmRXt50I2brB2.jpg
One for the Money,https://image.tmdb.org/t/p/w500/eeltLl5jLUl9d96tpKkCAWu4JWu.jpg
The Interview,https://image.tmdb.org/t/p/w500/tIDC4xT65l7a8qbgg8GvwD5g8c5.jpg
The Warrior's Way,https://image.tmdb.org/t/p/w500/otjBqNDpZ3C9mzfDOI4kaiib3Qd.jpg
Micmacs,https://image.tmdb.org/t/p/w500/yiqooJWNDEVsp8lbdTrTBvLAk0m.jpg
8 Mile,https://image.tmdb.org/t/p/w500/7BmQj8qE1FLuLTf7Xjf9sdIHzoa.jpg
Why I Did (Not) Eat My Father,https://image.tmdb.org/t/p/w500/7qccdwXUMazLqkMKm4ZJ7lAnzUF.jpg
A Knight's Tale,https://image.tmdb.org/t/p/w500/srb1XnrlDZHcdpjBKqUu4qAzxKU.jpg
The Medallion,https://image.tmdb.org/t/p/w500/lbjFWKfe8WdS8Pj6WVPlyEKeVEo.jpg
The Sixth Sense,https://image.tmdb.org/t/p/w500/vOyfUXNFSnaTk7Vk5AjpsKTUWsu.jpg
Man on a Ledge,https://image.tmdb.org/t/p/w500/pziTpiYy5dtVdvXctYIZv09r5Nk.jpg
The Big Year,https://image.tmdb.org/t/p/w500/q6Pr8fWKh664seri2MaQeIJ6eSI.jpg
The Karate Kid,https://image.tmdb.org/t/p/w500/1mp4ViklKvA0WXXsNvNx0RBuiit.jpg
American Hustle,https://image.tmdb.org/t/p/w500/z6O1KDhfWDTm5ZBr6Ovr0eg8LqO.jpg
The Proposal,https://image.tmdb.org/t/p/w500/6stnAm1wSek8ZrislwK4xGTyCnt.jpg
Double Jeopardy,https://image.tmdb.org/t/p/w500/dPd9QvEeMQpgHO6iLB1LqALTZl.jpg
Back to the Future Part II,https://image.tmdb.org/t/p/w500/hQq8xZe5uLjFzSBt4LanNP7SQjl.jpg
Lucy,https://image.tmdb.org/t/p/w500/kRbpUTRNm6QbLQFPFWUcNC4czEm.jpg
Fifty Shades of Grey,https://image.tmdb.org/t/p/w500/63kGofUkt1Mx0SIL4XI4Z5AoSgt.jpg
Spy Kids 3-D: Game Over,https://image.tmdb.org/t/p/w500/buA8dN4zLNr0dYBeKfHfMnEfdLE.jpg
A Time to Kill,https://image.tmdb.org/t/p/w500/w8UCke112E9jrhjKcwG32kyhTx5.jpg
Cheaper by the Dozen,https://image.tmdb.org/t/p/w500/afclGGoQslTYFTnyW1LRMtJMiBp.jpg
Lone Survivor,https://image.tmdb.org/t/p/w500/zaBIrloyhGK7iNTZMb3f9SARsl8.jpg
A League of Their Own,https://image.tmdb.org/t/p/w500/f9BtX6wYOwJUyfUr4vyeT3COz6m.jpg
The Conjuring 2,https://image.tmdb.org/t/p/w500/zEqyD0SBt6HL7W9JQoWwtd5Do1T.jpg
The Social Network,https://image.tmdb.org/t/p/w500/n0ybibhJtQ5icDqTp8eRytcIHJx.jpg
He's Just Not That Into You,https://image.tmdb.org/t/p/w500/jip2ap24Y6JxEgzVRyNqyYssnyR.jpg
Scary Movie 4,https://image.tmdb.org/t/p/w500/dEwlu8S0z1AibuX1weLwUyiRWFl.jpg
Scream 3,https://image.tmdb.org/t/p/w500/qpH8ToZVlFD1bakL04LkEKodyDI.jpg
Back to the Future Part III,https://image.tmdb.org/t/p/w500/crzoVQnMzIrRfHtQw0tLBirNfVg.jpg
Get Hard,https://image.tmdb.org/t/p/w500/rJPbS2cYOYhDCjT5NmW1Fm6gFl3.jpg
Dracula,https://image.tmdb.org/t/p/w500/4ZbUxjY5DZ7RCxGwvzSEr4rThd1.jpg
Julie & Julia,https://image.tmdb.org/t/p/w500/1QZNWOOwfRi86ZApGvr2TtJZPBK.jpg
42,https://image.tmdb.org/t/p/w500/iZ7jVGQWj3eBUdqwAPUlKk0BaS2.jpg
The Talented Mr. Ripley,https://image.tmdb.org/t/p/w500/6ojHgqtIR41O2qLKa7LFUVj0cZa.jpg
Dumb and Dumber To,https://image.tmdb.org/t/p/w500/cvEi0xV7TUkabJGuzulhvbMjrHi.jpg
Eight Below,https://image.tmdb.org/t/p/w500/39hR806Me4wI42LCFcK2LBiCRGW.jpg
The Intern,https://image.tmdb.org/t/p/w500/bTQ46fupPbjBfFBHuzfD3hxxL0Q.jpg
Ride Along 2,https://image.tmdb.org/t/p/w500/qKvVUHdiwqkXdlRsW4fHO7SAZef.jpg
The Last of the Mohicans,https://image.tmdb.org/t/p/w500/qzJMPWRtZveBkxXOv3ucWhoJuyj.jpg
Ray,https://image.tmdb.org/t/p/w500/tSPC7sO2XYNL9QcMmK88tuUALL5.jpg
Sin City,https://image.tmdb.org/t/p/w500/i66G50wATMmPrvpP95f0XP6ZdVS.jpg
Vantage Point,https://image.tmdb.org/t/p/w500/9xA1KaGoYQJveY3C87J41Au5Kkn.jpg
"I Love You, Man",https://image.tmdb.org/t/p/w500/xr4zAYsvgTzvMMiWu6qCAP9WBer.jpg
Shallow Hal,https://image.tmdb.org/t/p/w500/q4lZrHWTWuybb6pzMucj1c0ngCW.jpg
JFK,https://image.tmdb.org/t/p/w500/r0VWVTYlqdRCK5ZoOdNnHdqM2gt.jpg
Big Momma's House 2,https://image.tmdb.org/t/p/w500/wlbov6pkgySqYZilZcO54f29Dg1.jpg
The Mexican,https://image.tmdb.org/t/p/w500/5GqF6rVjUW6CVTuj7w1A2JE49AF.jpg
17 Again,https://image.tmdb.org/t/p/w500/yEcfFXEWpuXcfsR9nKESVCFneqV.jpg
The Other Woman,https://image.tmdb.org/t/p/w500/yHnbb6z8REuFIyBLT2Nj3MX54dY.jpg
The Final Destination,https://image.tmdb.org/t/p/w500/5vxXrr1MqGsT4NNeRITpfDnl4Rq.jpg
Bridge of Spies,https://image.tmdb.org/t/p/w500/fmOOjHAQzxr0c1sfcY4qkiSRBH6.jpg
Behind Enemy Lines,https://image.tmdb.org/t/p/w500/fZReMWU3zszvaktDUqOoWCzHssZ.jpg
Get Him to the Greek,https://image.tmdb.org/t/p/w500/6g0li87w8LIK77QRUtOkQkM6bD7.jpg
Shall We Dance?,https://image.tmdb.org/t/p/w500/aGIyiQv08Gw1HO5BV1yrwCWtGHC.jpg
Small Soldiers,https://image.tmdb.org/t/p/w500/2nuUjSzHsoYlRvTPmLo7m7gCQry.jpg
Spawn,https://image.tmdb.org/t/p/w500/3svvunKXkhRvEKByGDua1Qu0otq.jpg
The Count of Monte Cristo,https://image.tmdb.org/t/p/w500/ifMgDAUXVQLY4DeOu3VTTi55jSP.jpg
The Lincoln Lawyer,https://image.tmdb.org/t/p/w500/gOn8Ve9Yi8fxjRkmLr5BZoOc7KV.jpg
Unknown,https://image.tmdb.org/t/p/w500/aXBQD515okXQZmYA89ntXMvSJSd.jpg
The Prestige,https://image.tmdb.org/t/p/w500/Ag2B2KHKQPukjH7WutmgnnSNurZ.jpg
Horrible Bosses 2,https://image.tmdb.org/t/p/w500/boBOkwIqgrs8noxBUSDkkicKa4K.jpg
Escape from Planet Earth,https://image.tmdb.org/t/p/w500/9la0CSCJqwh6io3yk4Xv3aEZxEA.jpg
Apocalypto,https://image.tmdb.org/t/p/w500/cRY25Q32kDNPFDkFkxAs6bgCq3L.jpg
The Living Daylights,https://image.tmdb.org/t/p/w500/1oRlmWX9hewpn2B44wawBjHd7dx.jpg
Predators,https://image.tmdb.org/t/p/w500/wdniP8NDaJIydi1hMxhpbJMUfr6.jpg
Legal Eagles,https://image.tmdb.org/t/p/w500/RH9bXtsxy12YKXqvAwKd5XmGvq.jpg
Secret Window,https://image.tmdb.org/t/p/w500/hvzw4wufKZkDCTPVeG71Z7pGfZh.jpg
The Lake House,https://image.tmdb.org/t/p/w500/tHpc1118dYWLnHZleGhwZxRbpae.jpg
The Skeleton Key,https://image.tmdb.org/t/p/w500/wHmubdzrVw8oq7htzrf364wsJNp.jpg
The Odd Life of Timothy Green,https://image.tmdb.org/t/p/w500/24HWf4QBnEbNYDJfNFR1CmwtST5.jpg
Made of Honor,https://image.tmdb.org/t/p/w500/pDg8D0jNqmz7RbCBgblWvmPswHE.jpg
Jersey Boys,https://image.tmdb.org/t/p/w500/kz956Y83YtT6vTyg0Q40mzRe2UM.jpg
The Rainmaker,https://image.tmdb.org/t/p/w500/twLGHXPjQtS8UyVGp5GXmhJiTM7.jpg
Gothika,https://image.tmdb.org/t/p/w500/frSGNQcWx1ek8dCduFYCux1ho7n.jpg
Amistad,https://image.tmdb.org/t/p/w500/6QqNyIHKow0jngiQgTNBOBrLILM.jpg
Medicine Man,https://image.tmdb.org/t/p/w500/lkHqtViTG4Zzh7i9rrtHJGTnEUg.jpg
Aliens vs Predator: Requiem,https://image.tmdb.org/t/p/w500/5iTwPDNtvK6ZZF607BHBbU3HO0B.jpg
Ri¢hie Ri¢h,https://image.tmdb.org/t/p/w500/qgGh5d0IHAZRlHIdFS3XWVygumR.jpg
Autumn in New York,https://image.tmdb.org/t/p/w500/avtPZ5vGvFugnY0NK8d3Przx6P7.jpg
Music and Lyrics,https://image.tmdb.org/t/p/w500/1WXVpnovC0EETbqcjVhy3hwIITK.jpg
Paul,https://image.tmdb.org/t/p/w500/dKhexH8nS08lVlSmwSs00cHFxbY.jpg
The Guilt Trip,https://image.tmdb.org/t/p/w500/55JqWqocsMNx5uanELDRDFqu40J.jpg
Scream 4,https://image.tmdb.org/t/p/w500/3cf8p2qw9qnsaaFWc64AG6U05eT.jpg
8MM,https://image.tmdb.org/t/p/w500/mhr9xRpjOBqlBjgDwtiOx6FsLvV.jpg
The Doors,https://image.tmdb.org/t/p/w500/x1LM3dzGuG6xOz0aT2e71o11vhu.jpg
Sex Tape,https://image.tmdb.org/t/p/w500/u2h7UnSHrbAA5WBoKhdH1rlDZfz.jpg
Hanging Up,https://image.tmdb.org/t/p/w500/lnnFFGhIXi6ZDU3r29eKHKTHdq0.jpg
Final Destination 5,https://image.tmdb.org/t/p/w500/Akx1Po4ZLetOWfYJhQf75tbhTtK.jpg
Mickey Blue Eyes,https://image.tmdb.org/t/p/w500/gEnKsStQ27P0KCCIGtkYwvFQ0RX.jpg
Pay It Forward,https://image.tmdb.org/t/p/w500/62OIokwaxFwBFWM147ijLJsaVJD.jpg
Fever Pitch,https://image.tmdb.org/t/p/w500/xwJBEOM5BVElAgQIA82KBLX10fu.jpg
Drillbit Taylor,https://image.tmdb.org/t/p/w500/shqO696kFnM8Z4ODa3JglcjP97u.jpg
A Million Ways to Die in the West,https://image.tmdb.org/t/p/w500/n9SicwnoNGWBwE75le27sUhCLMm.jpg
The Shadow,https://image.tmdb.org/t/p/w500/xAbFJH3vQYZvUyzzGAtG4OLy492.jpg
Extremely Loud & Incredibly Close,https://image.tmdb.org/t/p/w500/6pszViNvKr1r31pP7gJNYDHEx5P.jpg
Morning Glory,https://image.tmdb.org/t/p/w500/aFRXEoB3QkeHNHYmVGC3uzFSol8.jpg
Get Rich or Die Tryin',https://image.tmdb.org/t/p/w500/aaEJu8vFKtrAoSRtw3xjCf1aM5d.jpg
The Art of War,https://image.tmdb.org/t/p/w500/9fbStI2ht3gMgsVRusqoBDWeK9c.jpg
Rent,https://image.tmdb.org/t/p/w500/fomBrfOHWxlaVcjPk4yCQgIwAnh.jpg
Bless the Child,https://image.tmdb.org/t/p/w500/s1RGEF8xIA6ecF8W4do8CaWI0yE.jpg
The Out-of-Towners,https://image.tmdb.org/t/p/w500/wOmLJYh7oOfATE236XpoDfcXhOh.jpg
The Island of Dr. Moreau,https://image.tmdb.org/t/p/w500/hOJeQXve8W9rNRhdgC1WV3GQJyA.jpg
The Musketeer,https://image.tmdb.org/t/p/w500/oaKp6HZQDTtCOwn4JGi2Mh7Ep95.jpg
The Other Boleyn Girl,https://image.tmdb.org/t/p/w500/q2lgC8mmAltWTkbqPM8n5EYF4XL.jpg
Sweet November,https://image.tmdb.org/t/p/w500/3biEHZSBSYqSkawU2sQyNbLcjgE.jpg
The Reaping,https://image.tmdb.org/t/p/w500/o8Vl4Vxp5LBth9J6Aa3k6PAefxt.jpg
Mean Streets,https://image.tmdb.org/t/p/w500/9msfwOeGc9uL1iRRTBdEf15XonC.jpg
Renaissance Man,https://image.tmdb.org/t/p/w500/iPRtaSfN8gNWFclgrcg5oD3V41i.jpg
Colombiana,https://image.tmdb.org/t/p/w500/rEdGDgRB3gducezNSIyx2lbKQy4.jpg
Quest for Camelot,https://image.tmdb.org/t/p/w500/pLfFEQ9HTw0HRvBkW3nI9RUze03.jpg
City By The Sea,https://image.tmdb.org/t/p/w500/vpjKtnE5SGTfmdw4YtJsnrfFJs0.jpg
At First Sight,https://image.tmdb.org/t/p/w500/9nylrKj8zWxTor9BCy3umv6WHZe.jpg
Torque,https://image.tmdb.org/t/p/w500/pY35tW8BMAjZewl87OxjXK8ui02.jpg
City Hall,https://image.tmdb.org/t/p/w500/w7EkAl4Oi8Lc6VQKaqRHrOV3CxR.jpg
Showgirls,https://image.tmdb.org/t/p/w500/o4HT3Ap5c99W4FYpdXUtTvxGgPc.jpg
Marie Antoinette,https://image.tmdb.org/t/p/w500/cybXGmv8Rjd5Os8Xml6YxMBQ0Zt.jpg
Kiss of Death,https://image.tmdb.org/t/p/w500/2cCxEqeIy6Q8HgVjfT7obOnF5Zi.jpg
Get Carter,https://image.tmdb.org/t/p/w500/xGANaRWD6638ch1qQmqgRp395R6.jpg
The Impossible,https://image.tmdb.org/t/p/w500/k0DLCiDbnYywOHiISALbl2EH2NE.jpg
Ishtar,https://image.tmdb.org/t/p/w500/2n6cDGd84I1KvCeYlTju7MBC9sN.jpg
Fantastic Mr. Fox,https://image.tmdb.org/t/p/w500/euZyZb6iGreujYKrGyZHRddhUYh.jpg
Life or Something Like It,https://image.tmdb.org/t/p/w500/b9lUSfCjv8jjNRSsmk65HEV1Pv3.jpg
Memoirs of an Invisible Man,https://image.tmdb.org/t/p/w500/zbplzn4WrBkKDmmWlQkWdsacmNa.jpg
Amélie,https://image.tmdb.org/t/p/w500/nSxDa3M9aMvGVLoItzWTepQ5h5d.jpg
New York Minute,https://image.tmdb.org/t/p/w500/px9hV6w6XzAjGdxCRUAUasAHQsP.jpg
Alfie,https://image.tmdb.org/t/p/w500/dvKvkoc2d06cOSheq5hQ7G4FJJX.jpg
Big Miracle,https://image.tmdb.org/t/p/w500/hqdrgC5oHK06DDaAlulReUC7Nog.jpg
The Deep End of the Ocean,https://image.tmdb.org/t/p/w500/4Q8g9CfW7EiwxRCpLSDpOmcaEZb.jpg
FearDotCom,https://image.tmdb.org/t/p/w500/phcd5AJvA1S45JMKYoNLhTzFwsE.jpg
Cirque du Freak: The Vampire's Assistant,https://image.tmdb.org/t/p/w500/8DSRpomxdPAsyecjDH2sgMqYBkL.jpg
Duplex,https://image.tmdb.org/t/p/w500/mCQ4oO9djqcthBRD3ftTnR8qSP7.jpg
Soul Men,https://image.tmdb.org/t/p/w500/ewU8w8IPlAkauFutzSwYYFILiU8.jpg
Raise the Titanic,https://image.tmdb.org/t/p/w500/XvukyvRCbkYKKv1TdtlyNxvzEl.jpg
Universal Soldier: The Return,https://image.tmdb.org/t/p/w500/qlcPJK0Me8aUtDPwk3TqN2RdKH4.jpg
Pandorum,https://image.tmdb.org/t/p/w500/mNMfa6r3pl0EzFIKEkVcxyr6Rc7.jpg
Impostor,https://image.tmdb.org/t/p/w500/7Uy4JbalP0mEyKnFW2IorQDmbBa.jpg
Extreme Ops,https://image.tmdb.org/t/p/w500/984tq1bRL2uzR0wHrNzZVYTR0Al.jpg
Just Visiting,https://image.tmdb.org/t/p/w500/7KqzbefXjADSUE8j2ZsrudvAArY.jpg
Sunshine,https://image.tmdb.org/t/p/w500/oKGGeJ8qvm0UmClz43VJ31fzPP7.jpg
A Thousand Words,https://image.tmdb.org/t/p/w500/hSxVSMHrW3epffELvi2CC5XdFXb.jpg
Delgo,https://image.tmdb.org/t/p/w500/wtk430tDLZ0Ql5jCUWCja8qJJQQ.jpg
The Gunman,https://image.tmdb.org/t/p/w500/lnUozDnDANTsDYEdsNsHC6b8IiS.jpg
Stormbreaker,https://image.tmdb.org/t/p/w500/2KTfHVWvVLmghBabwoygdJuf6Y2.jpg
Disturbia,https://image.tmdb.org/t/p/w500/3f9KwSrieczuH9nRrwfOsoMoMNd.jpg
Hackers,https://image.tmdb.org/t/p/w500/w8H2KpRtpzwlxz5KrvINCVihok1.jpg
The Hunting Party,https://image.tmdb.org/t/p/w500/kXUfQGa7BoW856hDYAFtZLtiAAQ.jpg
The Hudsucker Proxy,https://image.tmdb.org/t/p/w500/xBQBr6Q1OTivouBK66oFgy86n03.jpg
The Warlords,https://image.tmdb.org/t/p/w500/9sAWyaASakMW9f3LSXK8Br3RCED.jpg
Nomad: The Warrior,https://image.tmdb.org/t/p/w500/vLHtz57xpPBrIl9YAhEgC29LCyk.jpg
Snowpiercer,https://image.tmdb.org/t/p/w500/kw6YQudA0TMcNmGUGy5XIw7zbnV.jpg
A Monster in Paris,https://image.tmdb.org/t/p/w500/wSYZR2QL58jWPIEe9TG7G9PlTya.jpg
The Last Shot,https://image.tmdb.org/t/p/w500/2Rm4xsJnrZaZL0qPO2wBP5MJJpE.jpg
The Crow,https://image.tmdb.org/t/p/w500/rMMB3v6jYHjsvXRNJYESacoTD7j.jpg
Baahubali: The Beginning,https://image.tmdb.org/t/p/w500/9BAjt8nSSms62uOVYn1t3C3dVto.jpg
The Time Traveler's Wife,https://image.tmdb.org/t/p/w500/J3ewuzQwhFro0pDpdcbZ4j7MYy.jpg
Because I Said So,https://image.tmdb.org/t/p/w500/wQtGQnr5RPnmzSfV9zUcgh8R9NX.jpg
Frankenweenie,https://image.tmdb.org/t/p/w500/yGjVbLVdZRBlZTTQVBsj2KUjL1s.jpg
Serenity,https://image.tmdb.org/t/p/w500/4sqUOaPFoP2W81mq1UYqZqf5WzA.jpg
Against the Ropes,https://image.tmdb.org/t/p/w500/9CuODYTA3vvrGluaIl0hMPsEIK8.jpg
Superman III,https://image.tmdb.org/t/p/w500/c4oR6qgZW2s5foGkQi2Dd86KuAS.jpg
Grudge Match,https://image.tmdb.org/t/p/w500/jTq9jYTKKo6EhQPso4xTMpPYYXW.jpg
Red Cliff,https://image.tmdb.org/t/p/w500/eEelFTjUYJJDlwqd53VfSA8xMfj.jpg
Sweet Home Alabama,https://image.tmdb.org/t/p/w500/698cbxq0SRwCdOPG5Bwi7JDk12d.jpg
The Ugly Truth,https://image.tmdb.org/t/p/w500/2rq96Ihbqb1eU3TEBVtgFlqbeX7.jpg
Sgt. Bilko,https://image.tmdb.org/t/p/w500/q4zmVdQq35ZBj8uyxsU2RCPOQxo.jpg
Spy Kids 2: The Island of Lost Dreams,https://image.tmdb.org/t/p/w500/z8pfWCk6SlxxDLXXQdUHdxF5dwJ.jpg
Star Trek: Generations,https://image.tmdb.org/t/p/w500/gh0ZZRwSmlzEZTIZee3ZCN9Jssx.jpg
The Grandmaster,https://image.tmdb.org/t/p/w500/ydBVVIscL6TsX5hYztA5YpBCwJ3.jpg
Water for Elephants,https://image.tmdb.org/t/p/w500/8T7Hvb9trKvCAmbSI8cEIU0Sl2T.jpg
Dragon Nest: Warriors' Dawn,https://image.tmdb.org/t/p/w500/8fklM49dK7AZ3j8jgycxbRwECGa.jpg
The Hurricane,https://image.tmdb.org/t/p/w500/zhnxjsNnnpsBMF5V1H7Pzkec45Y.jpg
Enough,https://image.tmdb.org/t/p/w500/yAfXnB6B69iM8KiWwzGulCXF4Mo.jpg
Heartbreakers,https://image.tmdb.org/t/p/w500/bwvec0gRMSpLakcPuxe0RWScNv3.jpg
Paul Blart: Mall Cop 2,https://image.tmdb.org/t/p/w500/qML63w7vgspicwLK6xXGLK17cM0.jpg
Angel Eyes,https://image.tmdb.org/t/p/w500/6ZeMoynnz4pRweKKZ9c2G1absMJ.jpg
Joe Somebody,https://image.tmdb.org/t/p/w500/9AJvAour6cslSMy9Q0WLd0jIJh1.jpg
The Ninth Gate,https://image.tmdb.org/t/p/w500/rxw9l9YNL14ODdmAavUwHLBjiDo.jpg
Extreme Measures,https://image.tmdb.org/t/p/w500/uowP2Nw2mLpQni1vtbUb1LUSiP0.jpg
Rock Star,https://image.tmdb.org/t/p/w500/8pRMweo9WA1MvYOLsD2hWyFpZ1V.jpg
Precious,https://image.tmdb.org/t/p/w500/d4ltLIDbvZskSwbzXqi0Hfv5ma4.jpg
White Squall,https://image.tmdb.org/t/p/w500/5xF4qy44Lvv68glS7eHWH7laTqt.jpg
The Thing,https://image.tmdb.org/t/p/w500/ob1NaOSYDC4iBaFkTgIUecaMFGT.jpg
Riddick,https://image.tmdb.org/t/p/w500/pUul9pGWOKT7X0smkTvsIEIQxcP.jpg
Switchback,https://image.tmdb.org/t/p/w500/3v4nX475G97Vd8XCapTKQ7NTqMs.jpg
Texas Rangers,https://image.tmdb.org/t/p/w500/69tMHlxiCYlYKGZm1aPH1u7hY88.jpg
City of Ember,https://image.tmdb.org/t/p/w500/xHYxFNsl8KuT4tHai8d1Y5gJI0F.jpg
The Master,https://image.tmdb.org/t/p/w500/rUSjbyvYWN9H4az8xt0tDtU7I6v.jpg
Virgin Territory,https://image.tmdb.org/t/p/w500/zofWP7ZKhoVTh2VUltaDo4LRQXc.jpg
The Express,https://image.tmdb.org/t/p/w500/eOoCzH0MqeGr2taUZO4SwG416PF.jpg
The 5th Wave,https://image.tmdb.org/t/p/w500/ja34BV577dtjWl2S5G1tB93IjYb.jpg
Creed,https://image.tmdb.org/t/p/w500/1BfTsk5VWuw8FCocAhCyqnRbEzq.jpg
The Town,https://image.tmdb.org/t/p/w500/3NIzyXkfylsjflRKSz8Fts3lXzm.jpg
What to Expect When You're Expecting,https://image.tmdb.org/t/p/w500/dHLN64hvTtbqVqeJI67Ali5XSBE.jpg
Burn After Reading,https://image.tmdb.org/t/p/w500/jdwSkQu3XirmX18MNj8CqFWsCk.jpg
Nim's Island,https://image.tmdb.org/t/p/w500/vhNoXDpc7T5OdmAuu8DMHLB39uo.jpg
Rush,https://image.tmdb.org/t/p/w500/95BDrWmcfJDEa2WCfjmLgi67jhi.jpg
Magnolia,https://image.tmdb.org/t/p/w500/tpfC325Jk6S38VTe5dDWjWtoyxr.jpg
Cop Out,https://image.tmdb.org/t/p/w500/qA31i7FPVDHezuoevx3497CvZd4.jpg
How to Be Single,https://image.tmdb.org/t/p/w500/a4Ce3qHqIyHM3QfGsiVTAu3YADJ.jpg
Dolphin Tale,https://image.tmdb.org/t/p/w500/af2SRFllNW26WFG84AfTv3xLT5t.jpg
Twilight,https://image.tmdb.org/t/p/w500/3Gkb6jm6962ADUPaCBqzz9CTbn9.jpg
John Q,https://image.tmdb.org/t/p/w500/xEE91LvXiqgs7Hmdl44LCzHtFf6.jpg
Blue Streak,https://image.tmdb.org/t/p/w500/jek2osBtFhzU6Hjj7yp1egOtbqO.jpg
We're the Millers,https://image.tmdb.org/t/p/w500/qF2LJ0jwWrtXSuT4AFD5OS2IqaT.jpg
The Inhabited Island,https://image.tmdb.org/t/p/w500/dQ6Cox1ycTpvEgLKAHRzRerwEL8.jpg
Breakdown,https://image.tmdb.org/t/p/w500/m3VB59ppr1RlpxNUYRUfZTgjgU.jpg
Never Say Never Again,https://image.tmdb.org/t/p/w500/zhoAL4o1STGgLbLxJ9r1ijfyHC9.jpg
Hot Tub Time Machine,https://image.tmdb.org/t/p/w500/wjzbVXAes1acbh6k4OO5xVfy5.jpg
Dolphin Tale 2,https://image.tmdb.org/t/p/w500/7ujGA9YqxQ3uwtMelCEsaBKasuR.jpg
Reindeer Games,https://image.tmdb.org/t/p/w500/8y1PedfYWllJVoBbkt9KWLY155v.jpg
A Man Apart,https://image.tmdb.org/t/p/w500/mgcGj39KYcyPx6zDiICHsPQNAJQ.jpg
Aloha,https://image.tmdb.org/t/p/w500/58Y4CjcRX8AtMNtI0AXu9H7iebP.jpg
Ghosts of Mississippi,https://image.tmdb.org/t/p/w500/gu81MbuLTPbw95xWuDuM7ddcCir.jpg
Snow Falling on Cedars,https://image.tmdb.org/t/p/w500/h1CujbeKvwkR6LMr4jVuMM0C94X.jpg
The Rite,https://image.tmdb.org/t/p/w500/gRTxM95huMwIDfZBJWjuifMTfpx.jpg
Gattaca,https://image.tmdb.org/t/p/w500/eSKr5Fl1MEC7zpAXaLWBWSBjgJq.jpg
Isn't She Great,https://image.tmdb.org/t/p/w500/ikmulTGVfW6jYYNz4iO5yoN7dla.jpg
Space Chimps,https://image.tmdb.org/t/p/w500/ecAKgzlt78OvEVpZURYYdSz8K5v.jpg
Head of State,https://image.tmdb.org/t/p/w500/5itBve85q2oXmiQ3SkgCJa5Asxq.jpg
The Hangover,https://image.tmdb.org/t/p/w500/A0uS9rHR56FeBtpjVki16M5xxSW.jpg
Ip Man 3,https://image.tmdb.org/t/p/w500/8PvinaGEqzf1rrfFAxiXujJnCtI.jpg
Austin Powers: The Spy Who Shagged Me,https://image.tmdb.org/t/p/w500/jiF7UShERJFn5RtgfBK2lIJrOTc.jpg
Batman,https://image.tmdb.org/t/p/w500/cij4dd21v2Rk2YtUQbV5kW69WB2.jpg
There Be Dragons,https://image.tmdb.org/t/p/w500/7y6ehxTLB1ZJl3xFVFbhcnoJx1m.jpg
Lethal Weapon 3,https://image.tmdb.org/t/p/w500/efOCSdTquRGQFTpTsLYApfBWmJK.jpg
The Blind Side,https://image.tmdb.org/t/p/w500/bMgq7VBriuBFknXEe9E9pVBYGZq.jpg
Spy Kids,https://image.tmdb.org/t/p/w500/j3rUkHIAAoKr6jU30q3Db4fcIF9.jpg
Horrible Bosses,https://image.tmdb.org/t/p/w500/uQkUwgyFHAm0jGQERPG6Z9o9Zbj.jpg
True Grit,https://image.tmdb.org/t/p/w500/tCrB8pcjadZjsDk7rleGJaIv78k.jpg
The Devil Wears Prada,https://image.tmdb.org/t/p/w500/8912AsVuS7Sj915apArUFbv6F9L.jpg
Star Trek: The Motion Picture,https://image.tmdb.org/t/p/w500/wfiAfNwH6CMKxz4vRaW8CPTabtk.jpg
Identity Thief,https://image.tmdb.org/t/p/w500/lIliJCGoWT6tEVaDivLpXEf038w.jpg
Cape Fear,https://image.tmdb.org/t/p/w500/meJZAAuVcjic2ipvbOPz5UlE4P9.jpg
21,https://image.tmdb.org/t/p/w500/efG8Po57alqSlhqHU1lXJ3duG6t.jpg
Trainwreck,https://image.tmdb.org/t/p/w500/wrY629UTCUAKLJ4CxQXz6DCE7pr.jpg
Guess Who,https://image.tmdb.org/t/p/w500/8BF6qSAANBvhEPZxQVTUiZbfiOy.jpg
The English Patient,https://image.tmdb.org/t/p/w500/8eHHqMg8qEYtVw8LQLygsHXSR2q.jpg
L.A. Confidential,https://image.tmdb.org/t/p/w500/lWCgf5sD5FpMljjpkRhcC8pXcch.jpg
Sky High,https://image.tmdb.org/t/p/w500/nBB0XNMwvYvWpo67EcxQqKMoMKf.jpg
In & Out,https://image.tmdb.org/t/p/w500/jUTQp6cPgfOX4St2WfaeUvxZCts.jpg
Species,https://image.tmdb.org/t/p/w500/cT5wdyo8kT7dycqjrolJ2sHWkFx.jpg
A Nightmare on Elm Street,https://image.tmdb.org/t/p/w500/b9rMHAAKISRmIonaQd9Cccx0S4X.jpg
The Cell,https://image.tmdb.org/t/p/w500/1LX8AOUGDSrBDzgC4KLtRvyJFgY.jpg
The Man in the Iron Mask,https://image.tmdb.org/t/p/w500/zHE9yRURvA7DyhYtQxkGTfE1Ywi.jpg
Secretariat,https://image.tmdb.org/t/p/w500/6YJ39NqRJ0ljUQohizHmE2hB6Wh.jpg
TMNT,https://image.tmdb.org/t/p/w500/bcpVoVarN7vqwzMuIP0Gb0xYZ0N.jpg
Radio,https://image.tmdb.org/t/p/w500/uQ6ci4iFHhB6TWB2f4wftR7AEly.jpg
Friends with Benefits,https://image.tmdb.org/t/p/w500/nKhhDFCdzxeJ3GUunQ570LDpUkz.jpg
Neighbors 2: Sorority Rising,https://image.tmdb.org/t/p/w500/eyjcLLwxuRXACbglIbwWwaXK9DN.jpg
Saving Mr. Banks,https://image.tmdb.org/t/p/w500/4RkcUe5PKnYvrCwMjk8giUAoID7.jpg
Malcolm X,https://image.tmdb.org/t/p/w500/o2s9ow0uRRm1BcF3teznk5twd90.jpg
This Is 40,https://image.tmdb.org/t/p/w500/mzUuOIFoVkRTHACRb58vm6mkbBN.jpg
Old Dogs,https://image.tmdb.org/t/p/w500/u056hk3at4ukf9DWASVjogXyZfn.jpg
Underworld: Rise of the Lycans,https://image.tmdb.org/t/p/w500/yW9gF7rGn8EoV8B8rxOx1xjxVZf.jpg
License to Wed,https://image.tmdb.org/t/p/w500/lJbT99nN3jEe23EfQvmlSh6EQ2b.jpg
The Benchwarmers,https://image.tmdb.org/t/p/w500/5yMPCr4qhuNg6fT538xicHaMaG7.jpg
Must Love Dogs,https://image.tmdb.org/t/p/w500/252PdRj3y2S05DC4oSf2qk2vva3.jpg
Donnie Brasco,https://image.tmdb.org/t/p/w500/xtKLvpOfARi1XVm8u2FTdhY5Piq.jpg
Resident Evil,https://image.tmdb.org/t/p/w500/1UKNef590A0ZaMnxsscIcWuK1Em.jpg
Poltergeist,https://image.tmdb.org/t/p/w500/4eMN3GANH5GG4kXdHkrTZEUuQ9M.jpg
The Ladykillers,https://image.tmdb.org/t/p/w500/l4g9R39NCp6VaYFrw6q8JwKNW9x.jpg
Max Payne,https://image.tmdb.org/t/p/w500/3cWnCG5NyXJYARO2hmNqfbbgrMA.jpg
In Time,https://image.tmdb.org/t/p/w500/3Mwj2sIONQckOZP3YwsUXF7U5I4.jpg
The Back-Up Plan,https://image.tmdb.org/t/p/w500/fB6PxwdydGzdq5jSWrxwSMEqSFs.jpg
Something Borrowed,https://image.tmdb.org/t/p/w500/66VZu75VeLGc6tcAypqyGzWcPeN.jpg
Black Knight,https://image.tmdb.org/t/p/w500/JC7c2Y70R5oBNa8v4pnHfzYvFK.jpg
The Bad News Bears,https://image.tmdb.org/t/p/w500/kJNXMni0ObOXLth6v9xpUhWbtrp.jpg
Street Fighter,https://image.tmdb.org/t/p/w500/6yh95dD2Y6uWAlPfWCZZygBM1ec.jpg
The Pianist,https://image.tmdb.org/t/p/w500/2hFvxCCWrTmCYwfy7yum0GKRi3Y.jpg
The Nativity Story,https://image.tmdb.org/t/p/w500/nd0oj0lmEx1X8WraiVkYMZlDjKk.jpg
House of Wax,https://image.tmdb.org/t/p/w500/aCLSgw1DaqkRvosYc3YUttBTtpT.jpg
Closer,https://image.tmdb.org/t/p/w500/fGGaokx4k00S0J603VG53Qlr9jz.jpg
J. Edgar,https://image.tmdb.org/t/p/w500/gltciP2dIaEQmm4JeYfB088k40n.jpg
Mirrors,https://image.tmdb.org/t/p/w500/bt5a4ThyLpLTsia2e2ZTLzQjXO0.jpg
Queen of the Damned,https://image.tmdb.org/t/p/w500/4MMpvQYgOz8K6lzlIVMXWjLzUPC.jpg
Predator 2,https://image.tmdb.org/t/p/w500/83X4VwY9sdSJykskmsplIVG0a4h.jpg
Untraceable,https://image.tmdb.org/t/p/w500/ySUwDRDEn01lKIMPQorpFCMLWqE.jpg
Blast from the Past,https://image.tmdb.org/t/p/w500/qVN4bbVX2tzaNbAdEJT5eOPq26c.jpg
Flash Gordon,https://image.tmdb.org/t/p/w500/eTdEaRjtVnFbd5KVhxLRfbYW46e.jpg
Jersey Girl,https://image.tmdb.org/t/p/w500/nMmMWoSooR6QmCjdT0AvZardof1.jpg
Alex Cross,https://image.tmdb.org/t/p/w500/bQYXid9o6nunJBgmmjo6JFIQe1p.jpg
Midnight in the Garden of Good and Evil,https://image.tmdb.org/t/p/w500/cXS5o6RIp8m1epBm5I7cX49bfFd.jpg
Heist,https://image.tmdb.org/t/p/w500/eKdz5i9gbzJthAxUZBBj5SVbzKR.jpg
Nanny McPhee and the Big Bang,https://image.tmdb.org/t/p/w500/9cgHfgBXVZmVR63AhwJ82R1kAFS.jpg
Hoffa,https://image.tmdb.org/t/p/w500/aMGhaSkhkFwz33hKEsBrJ3ptx3g.jpg
The X Files: I Want to Believe,https://image.tmdb.org/t/p/w500/3zQMhutUMJP6lK49x7i2YfsOHL9.jpg
Ella Enchanted,https://image.tmdb.org/t/p/w500/7AyNzwSEpJEG1gBdgwRfXi1cjs8.jpg
Concussion,https://image.tmdb.org/t/p/w500/uuRFr7Jhsq7bITDyyvxZrQMAr9e.jpg
Abduction,https://image.tmdb.org/t/p/w500/d0TIDrwnMFVjg2EO4LsXQn1mbbc.jpg
Valiant,https://image.tmdb.org/t/p/w500/tSRO8wukDlGMlrkmRpqL2nWhgPs.jpg
Wonder Boys,https://image.tmdb.org/t/p/w500/5yvQe06HPNII2eZCJWTeMwqLWvR.jpg
Superhero Movie,https://image.tmdb.org/t/p/w500/nAzo5OOmoE9SXOv4mHTuiu58QXA.jpg
Broken City,https://image.tmdb.org/t/p/w500/hqa5FwNZC55zqSpdeGFtBDqw55y.jpg
Cursed,https://image.tmdb.org/t/p/w500/em45jL4CfTMyj5V83kj7rhdorJu.jpg
Premium Rush,https://image.tmdb.org/t/p/w500/gHnGhJmE0LByOd4RS2mOASmUqQu.jpg
Hot Pursuit,https://image.tmdb.org/t/p/w500/lobNOBHuJQCP9ZYAf86MBMwRrmZ.jpg
The Four Feathers,https://image.tmdb.org/t/p/w500/bfmpeRr9LTXzBC2dpC89FE5uavK.jpg
Parker,https://image.tmdb.org/t/p/w500/u1cl4RsdqMjolVVsHwiLRPN1CT2.jpg
Wimbledon,https://image.tmdb.org/t/p/w500/agiItFfsvNsjpinLGwjfpYOhLaX.jpg
Furry Vengeance,https://image.tmdb.org/t/p/w500/604qqquWBgFy34jLhHLtebFPQy6.jpg
Bait,https://image.tmdb.org/t/p/w500/e2OIr4y90ZZjIRWQ0XBOVzpBn4x.jpg
Krull,https://image.tmdb.org/t/p/w500/izDbySIrTmID0Nh6UqcWrUvOMjU.jpg
Lions for Lambs,https://image.tmdb.org/t/p/w500/37L6IoLhTgLzq6XYWpWUlbbEzMj.jpg
Flight of the Intruder,https://image.tmdb.org/t/p/w500/tzjCePBItSRfZxLnOd3KBGHQIJl.jpg
Walk Hard: The Dewey Cox Story,https://image.tmdb.org/t/p/w500/Aa1IQ4Cuin3d7qIahvPheMmR4E5.jpg
The Shipping News,https://image.tmdb.org/t/p/w500/3IdEZw4YN4NfvjLRyZVWpI0z2IH.jpg
American Outlaws,https://image.tmdb.org/t/p/w500/ov9PIn56yrwvrwOfvVTKplmV0S6.jpg
The Young Victoria,https://image.tmdb.org/t/p/w500/iGyuReyij3bPCtzJdSjTR8PR0pa.jpg
Whiteout,https://image.tmdb.org/t/p/w500/kkXXA3353MX60B8PRSkTGRabxXu.jpg
The Tree of Life,https://image.tmdb.org/t/p/w500/l8cwuB5WJSoj4uMAsnzuHBOMaSJ.jpg
Knock Off,https://image.tmdb.org/t/p/w500/hK7hKDA51FCbtFCuXZNiQ6gPq3S.jpg
Sabotage,https://image.tmdb.org/t/p/w500/ygG17WukZCidKm7wGM3Zzrr5WRi.jpg
The Order,https://image.tmdb.org/t/p/w500/7kj4TffoKCt4gIrNupr2oqmir69.jpg
Punisher: War Zone,https://image.tmdb.org/t/p/w500/oOvKJgYUIpfswGHAdW6159bPbvM.jpg
Zoom,https://image.tmdb.org/t/p/w500/v4rSFmiy0v9D7qmKkaUVJn5UhZ1.jpg
The Walk,https://image.tmdb.org/t/p/w500/tiESRqurrZwAC0hpERogOsBhjeg.jpg
Warriors of Virtue,https://image.tmdb.org/t/p/w500/8fT8cttGyXx36P24W0tum2QxsLf.jpg
A Good Year,https://image.tmdb.org/t/p/w500/10ErazhJxfL68rWg2KLfwiRuIou.jpg
Radio Flyer,https://image.tmdb.org/t/p/w500/nQjCKrwWYH6ES0HrnkLkPXnOEp0.jpg
Bound by Honor,https://image.tmdb.org/t/p/w500/gvP6R6juhe2IpCG7QGDgjyUvm0g.jpg
Smilla's Sense of Snow,https://image.tmdb.org/t/p/w500/2BwL0fKCaNRXfqMsu2uvFFS7dZX.jpg
Femme Fatale,https://image.tmdb.org/t/p/w500/i2OgxmZVbIsJxaLiYMjCSewsLty.jpg
Lion of the Desert,https://image.tmdb.org/t/p/w500/xm7CKN5mo09RNAcL1IP1xmJ5avT.jpg
The Horseman on the Roof,https://image.tmdb.org/t/p/w500/tsmwnxi8hGXQTNVqBRCAVsfeGON.jpg
Ride with the Devil,https://image.tmdb.org/t/p/w500/pH3J5IUzho4ZVaRuTuErzqHHovb.jpg
Biutiful,https://image.tmdb.org/t/p/w500/4BLshBMp8INRDhvfuKwxMlHDIIt.jpg
Bandidas,https://image.tmdb.org/t/p/w500/31wgXG6OxDaXbp5IzyNoUJdVS5e.jpg
Black Water Transit,https://m.media-amazon.com/images/M/MV5BZWFhZWEwYjktYzQzMi00ZTlhLTg2NzUtOTJiNDRkZTdmOTZjXkEyXkFqcGdeQXVyMjQwMjk0NjI@._V1_SX300.jpg
The Maze Runner,https://image.tmdb.org/t/p/w500/ode14q7WtDugFDp78fo9lCsmay9.jpg
Unfinished Business,https://image.tmdb.org/t/p/w500/eVWVZf3fkx9eNqbHyn9xNlmC2h4.jpg
The Age of Innocence,https://image.tmdb.org/t/p/w500/5Tuyt26v7qNR8Cl3m7ZRx36rduf.jpg
The Fountain,https://image.tmdb.org/t/p/w500/4XTf8GuCVLWolubANaKkpk62YPq.jpg
Chill Factor,https://image.tmdb.org/t/p/w500/fgPC0xS3o6J5eWFwetssfSD2SEK.jpg
Stolen,https://image.tmdb.org/t/p/w500/8rTcpPiet2Lt2uZXBFIH5U7ylBY.jpg
Ponyo,https://image.tmdb.org/t/p/w500/yp8vEZflGynlEylxEesbYasc06i.jpg
The Longest Ride,https://image.tmdb.org/t/p/w500/qdUVfvPBvT6cetDDM7rn8y2CNZE.jpg
The Astronaut's Wife,https://image.tmdb.org/t/p/w500/54RGJ6INW9ERG8IaalmMKbbDgwH.jpg
I Dreamed of Africa,https://image.tmdb.org/t/p/w500/kuDIrcsUI0duLSTUgKKLKEiEdrK.jpg
Playing for Keeps,https://image.tmdb.org/t/p/w500/jYv6MqOoAIpxZd6ydJ4S5S2QHDZ.jpg
Mandela: Long Walk to Freedom,https://image.tmdb.org/t/p/w500/nzjwDSwLbalv7bCXnFbkAuIxXLx.jpg
Reds,https://image.tmdb.org/t/p/w500/AeiKdVVM93fwfQG1m3N0cgVZgHl.jpg
A Few Good Men,https://image.tmdb.org/t/p/w500/rLOk4z9zL1tTukIYV56P94aZXKk.jpg
Exit Wounds,https://image.tmdb.org/t/p/w500/tGIJhBejmredgUZRNdteZyiahag.jpg
Big Momma's House,https://image.tmdb.org/t/p/w500/5YoSFqpTz5qIxsX61CPMGKONQIY.jpg
Thunder and the House of Magic,https://image.tmdb.org/t/p/w500/3R13g2XgblynIrQGF8geFZJPNvR.jpg
The Darkest Hour,https://image.tmdb.org/t/p/w500/iUrtHcc8rn7iX31Id3MYOT1rbyw.jpg
Step Up Revolution,https://image.tmdb.org/t/p/w500/jMpwxmk3r7Aq36GcqMbCuP9DJYQ.jpg
Snakes on a Plane,https://image.tmdb.org/t/p/w500/i0ynvZ89tV1t8MAL9FmeQELfXH0.jpg
The Watcher,https://image.tmdb.org/t/p/w500/hsMvndtd3KPAvJ3q7zKZuNSB1R3.jpg
The Punisher,https://image.tmdb.org/t/p/w500/7rmA1HwYp2GKM85BL0cVwCaosGr.jpg
Goal!: The Dream Begins,https://image.tmdb.org/t/p/w500/9YZhJGoIbJtrjDYbENGhR6f6SZE.jpg
Safe,https://image.tmdb.org/t/p/w500/kOCpkoMUVae9UIf85gO71SyjLbW.jpg
Pushing Tin,https://image.tmdb.org/t/p/w500/61FWajJNKeS27DO4KgvS5LUgcHh.jpg
Return of the Jedi,https://image.tmdb.org/t/p/w500/jQYlydvHm3kUix1f8prMucrplhm.jpg
Doomsday,https://image.tmdb.org/t/p/w500/cKUmTyXgmhv8cMRCY9RYTKcAeTn.jpg
The Reader,https://image.tmdb.org/t/p/w500/r0WURbmnhgKeBpHcpDULBgRedQM.jpg
Wanderlust,https://image.tmdb.org/t/p/w500/hH1Bla0W4YIn9sdd9NwODzDCcE4.jpg
Elf,https://image.tmdb.org/t/p/w500/oOleziEempUPu96jkGs0Pj6tKxj.jpg
Phenomenon,https://image.tmdb.org/t/p/w500/5eK1HNf0Kl2vDPOeqf1kX4SKxrw.jpg
Snow Dogs,https://image.tmdb.org/t/p/w500/8DDC6z1XyLSiNLzKw1pXcYeAOJ3.jpg
Scrooged,https://image.tmdb.org/t/p/w500/uO0znfB2ZzTXA1IS7jkrjNbpkYK.jpg
Nacho Libre,https://image.tmdb.org/t/p/w500/kh7B91bMl2lZ0mH9WhPfaNUIEQH.jpg
Bridesmaids,https://image.tmdb.org/t/p/w500/gJtA7hYsBMQ7EM3sPBMUdBfU7a0.jpg
This Is the End,https://image.tmdb.org/t/p/w500/tNIW0NhX1hKvUsy6PQ80DOKUhkD.jpg
Stigmata,https://image.tmdb.org/t/p/w500/sKS1Vuqj7OQpOumfs6ArC0TICTN.jpg
Men of Honor,https://image.tmdb.org/t/p/w500/wNUAnXV1mzOOfvnVBIYsalkk078.jpg
Takers,https://image.tmdb.org/t/p/w500/s2zx7JA87rkQcmsV40k0vbVJ6oh.jpg
The Big Wedding,https://image.tmdb.org/t/p/w500/ooSGwWVJRp81ErEH7VmTmVwjoMc.jpg
"Big Mommas: Like Father, Like Son",https://image.tmdb.org/t/p/w500/n1GSxFcDaZ6lMVf21M0KloPfuhu.jpg
Source Code,https://image.tmdb.org/t/p/w500/nTr0lvAzeQmUjgSgDEHTJpnrxTz.jpg
Alive,https://image.tmdb.org/t/p/w500/uQACcCZqd7WCTRin9xRIW5gr1bd.jpg
The Number 23,https://image.tmdb.org/t/p/w500/iPJwdvgX3I5dEw9QhDOG3hxUvMp.jpg
The Young and Prodigious T.S. Spivet,https://image.tmdb.org/t/p/w500/pmr4h0ZLguYsvxaVmjS0bguLcnB.jpg
1941,https://image.tmdb.org/t/p/w500/52Bn5yC6IHQuVxPUza3Q6RZCZTu.jpg
Dreamer: Inspired By a True Story,https://image.tmdb.org/t/p/w500/7Z5FuLTrP5myJ2Dl9VzDRa6q0CG.jpg
A History of Violence,https://image.tmdb.org/t/p/w500/3qnO72NHmUgs9JZXAmu4aId9QDl.jpg
Transporter 2,https://image.tmdb.org/t/p/w500/cdm17vK8PxHfTi7ayZf6WKbOgUO.jpg
The Quick and the Dead,https://image.tmdb.org/t/p/w500/jhEmrXJpP6F3cqwyLjvgBgxxxFA.jpg
Laws of Attraction,https://image.tmdb.org/t/p/w500/6aqR0xwmK0mPOIVShDlT88Vo5W0.jpg
Bringing Out the Dead,https://image.tmdb.org/t/p/w500/gE2Q8mL0m0EA6HakRyc92uzSPJn.jpg
Repo Men,https://image.tmdb.org/t/p/w500/1ZA5kEKuA6HgbyzZXXlyU4piNI.jpg
Dragon Wars: D-War,https://image.tmdb.org/t/p/w500/rEpvqWGu08coDLUpcpiz4sMoDYo.jpg
Bogus,https://image.tmdb.org/t/p/w500/unp3wg7uzIV3HikMexGQJpO0OHc.jpg
The Incredible Burt Wonderstone,https://image.tmdb.org/t/p/w500/Bl95sg5Ljo3Hu9SSL0JOvLerLh.jpg
Cats Don't Dance,https://image.tmdb.org/t/p/w500/6CrgfB0dNUsanaMWHTv0Y6AFeNd.jpg
Cradle Will Rock,https://image.tmdb.org/t/p/w500/d8LJWY8kaAIlfMiQLOGglL8VqVT.jpg
The Good German,https://image.tmdb.org/t/p/w500/3LjHC2CWDkzoiPehf3GViujws0.jpg
George and the Dragon,https://image.tmdb.org/t/p/w500/50NxkQexHBoQypzfADEdlxxOlWA.jpg
Apocalypse Now,https://image.tmdb.org/t/p/w500/gQB8Y5RCMkv2zwzFHbUJX3kAhvA.jpg
Going the Distance,https://image.tmdb.org/t/p/w500/tTllmSew3nsizpzWNWKUkOuANhm.jpg
Mr. Holland's Opus,https://image.tmdb.org/t/p/w500/kBmwWeSN3ajnYHZ3dSybEobxEPI.jpg
Criminal,https://image.tmdb.org/t/p/w500/hn6HmGTopbbxv4Myy2IwGWxViFP.jpg
Out of Africa,https://image.tmdb.org/t/p/w500/6oMKqh08TfxmvnoFR4mm1wZB67P.jpg
Flight,https://image.tmdb.org/t/p/w500/tFsHDNclXoCKy2xMxskzXXMaFJS.jpg
Moonraker,https://image.tmdb.org/t/p/w500/6LrJdXNmu5uHOVALZxVYd44Lva0.jpg
The Grand Budapest Hotel,https://image.tmdb.org/t/p/w500/eWdyYQreja6JGCzqHWXpWHDrrPo.jpg
Hearts in Atlantis,https://image.tmdb.org/t/p/w500/qPTEh8vutS5FSCDoR16MWVGHqTm.jpg
Arachnophobia,https://image.tmdb.org/t/p/w500/lHjpwv1Yv2RcGcTQb4Lc1cKw1y9.jpg
Frequency,https://image.tmdb.org/t/p/w500/eu3Hrjj271dnBdNAF0HqfmwWASt.jpg
Vacation,https://image.tmdb.org/t/p/w500/fYDALvoCt3DBlSWN6pSAnGQ9ld7.jpg
Get Shorty,https://image.tmdb.org/t/p/w500/r82SdPhg4fnIcLt0ogIjQxqjdcO.jpg
Chicago,https://image.tmdb.org/t/p/w500/3ED8cWCXY9zkx77Sd0N5qMbsdDP.jpg
Big Daddy,https://image.tmdb.org/t/p/w500/lEYg1X8RjqNB5NWEtodcbK7vm1G.jpg
American Pie 2,https://image.tmdb.org/t/p/w500/854ZZxXdeabAs90mrV72NqShJqR.jpg
Toy Story,https://image.tmdb.org/t/p/w500/uXDfjJbdP4ijW5hWSBrPrlKpxab.jpg
Speed,https://image.tmdb.org/t/p/w500/82PkCE4R95KhHICUDF7G4Ly2z3l.jpg
The Vow,https://image.tmdb.org/t/p/w500/y5GUXzTvt7kSQbdQrSvbYNoa8HB.jpg
Extraordinary Measures,https://image.tmdb.org/t/p/w500/bmBCMoCc6OdINBOC7P6pOIs1MuO.jpg
Remember the Titans,https://image.tmdb.org/t/p/w500/825ohvC4wZ3gCuncCaqkWeQnK8h.jpg
The Hunt for Red October,https://image.tmdb.org/t/p/w500/yVl7zidse4KiWtGMqHFtZCx4X3N.jpg
The Butler,https://image.tmdb.org/t/p/w500/pAi8Bl3ZKX6pANPVhNwbhbQANop.jpg
DodgeBall: A True Underdog Story,https://image.tmdb.org/t/p/w500/r8KbNHkkwFXLjV1suGwm0Qjure5.jpg
The Addams Family,https://image.tmdb.org/t/p/w500/qFf8anju5f2epI0my8RdwwIXFIP.jpg
Ace Ventura: When Nature Calls,https://image.tmdb.org/t/p/w500/wcinCf1ov2D6M3P7BBZkzQFOiIb.jpg
The Princess Diaries,https://image.tmdb.org/t/p/w500/7axhsbEzFan6HQQ1aMOy7w3CFRx.jpg
The First Wives Club,https://image.tmdb.org/t/p/w500/2ApifgYnfdJUSmCKzTBrWOYYWsn.jpg
Se7en,https://image.tmdb.org/t/p/w500/191nKfP0ehp3uIvWqgPbFmI4lv9.jpg
District 9,https://image.tmdb.org/t/p/w500/tuGlQkqLxnodDSk6mp5c2wvxUEd.jpg
The SpongeBob SquarePants Movie,https://image.tmdb.org/t/p/w500/1rvzKV1d18EbDVaEd4VDzK3cgnY.jpg
Mystic River,https://image.tmdb.org/t/p/w500/hCHVDbo6XJGj3r2i4hVjKhE0GKF.jpg
Million Dollar Baby,https://image.tmdb.org/t/p/w500/jcfEqKdWF1zeyvECPqp3mkWLct2.jpg
Analyze This,https://image.tmdb.org/t/p/w500/eqa4TEgkx63WRhqyD8eTwmL7bUi.jpg
The Notebook,https://image.tmdb.org/t/p/w500/rNzQyW4f8B8cQeg7Dgj3n6eT5k9.jpg
27 Dresses,https://image.tmdb.org/t/p/w500/rEfourJfgEyKiewwH8ZkUYt9AqE.jpg
Hannah Montana: The Movie,https://image.tmdb.org/t/p/w500/nZUKhfpUCFfTy24LGBHdDlK5RLx.jpg
Rugrats in Paris: The Movie,https://image.tmdb.org/t/p/w500/grIL8mvfLznaWsv7EEEPhCpkH81.jpg
The Prince of Tides,https://image.tmdb.org/t/p/w500/1AyeW3YlwfhRwLDeUCW686obceb.jpg
Legends of the Fall,https://image.tmdb.org/t/p/w500/t1KPGlW0UGd0m515LPQmk2F4nu1.jpg
Up in the Air,https://image.tmdb.org/t/p/w500/useGH8nfwlaHK44IWEZdUYJOE2N.jpg
About Schmidt,https://image.tmdb.org/t/p/w500/tstvsrJHY57hc951lb190alXRQm.jpg
Warm Bodies,https://image.tmdb.org/t/p/w500/pvVpl38YOBDOANb0pWbXFb8X3iZ.jpg
Looper,https://image.tmdb.org/t/p/w500/sNjL6SqErDBE8OUZlrDLkexfsCj.jpg
Down to Earth,https://image.tmdb.org/t/p/w500/w2XM4YCfBOOWEL4a0abQji7QxwI.jpg
Babe,https://image.tmdb.org/t/p/w500/zKuQMtnbVTz9DsOnOJmlW71v4qH.jpg
Hope Springs,https://image.tmdb.org/t/p/w500/mHEca5NntVHtUPfBiQ3ZVFBRixe.jpg
Forgetting Sarah Marshall,https://image.tmdb.org/t/p/w500/d4elOzyhNWVlxpG7BwigrumkFTe.jpg
Four Brothers,https://image.tmdb.org/t/p/w500/8cO39cnWSZQi2ncPG5TxL3YRzKc.jpg
Baby Mama,https://image.tmdb.org/t/p/w500/xZOwucsL5NInPyFcmqJzytHkaJR.jpg
Hope Floats,https://image.tmdb.org/t/p/w500/6PRFM09xjGSWpXObW87CT5JELGJ.jpg
Bride Wars,https://image.tmdb.org/t/p/w500/eyXT8tmUoyHrg7YX1UVjmecHCWP.jpg
Without a Paddle,https://image.tmdb.org/t/p/w500/bSQBfHDzyfzxrCLepjegVb5F8j8.jpg
13 Going on 30,https://image.tmdb.org/t/p/w500/iNZdSIfhSCMtRILDNyhLn8UKeSG.jpg
Midnight in Paris,https://image.tmdb.org/t/p/w500/4wBG5kbfagTQclETblPRRGihk0I.jpg
The Nut Job,https://image.tmdb.org/t/p/w500/4iHnGlmOjAj2k5zUftYDIzSITCf.jpg
Blow,https://image.tmdb.org/t/p/w500/yYZFVfk8aeMP4GxBSU9MTvqs9mJ.jpg
Message in a Bottle,https://image.tmdb.org/t/p/w500/ulUjszY6YJFsDUd0E3WolJg6sOp.jpg
Star Trek V: The Final Frontier,https://image.tmdb.org/t/p/w500/uiXr41VLYsuug3CZbFrKLSNahuZ.jpg
Like Mike,https://image.tmdb.org/t/p/w500/9HSaQmu1QwzvUE7R97RGoDqjTv5.jpg
The Naked Gun 33⅓: The Final Insult,https://image.tmdb.org/t/p/w500/p0AYsdgkudR9P5fNV5AjzbwQt8W.jpg
A View to a Kill,https://image.tmdb.org/t/p/w500/arJF829RP9cYvh0NU70dC5TtXSa.jpg
The Curse of the Were-Rabbit,https://image.tmdb.org/t/p/w500/cMQ2lNd7sBe6PCf6zF5QxrKzbRG.jpg
P.S. I Love You,https://image.tmdb.org/t/p/w500/x6M9nlTpgpI4AOw0tMkOAVbhL5z.jpg
Racing Stripes,https://image.tmdb.org/t/p/w500/epDsuf5oUdzTFYHqV2IRcyy8Rwc.jpg
Atonement,https://image.tmdb.org/t/p/w500/hMRIyBjPzxaSXWM06se3OcNjIQa.jpg
Letters to Juliet,https://image.tmdb.org/t/p/w500/y9DdvY1IRNS2hWLq161hmP2gXn.jpg
Black Rain,https://image.tmdb.org/t/p/w500/funhGWt9ee3Uwb6Ar8SGCCvbJdV.jpg
The Three Stooges,https://image.tmdb.org/t/p/w500/b0nNQCL90RGTwjxLEFsFFLQZKNe.jpg
Corpse Bride,https://image.tmdb.org/t/p/w500/3RAoVTxUk1OzZClscAsynuu670p.jpg
Glory Road,https://image.tmdb.org/t/p/w500/bGRSV5tStxDNPRLCewnOeeiZzrY.jpg
Sicario,https://image.tmdb.org/t/p/w500/lz8vNyXeidqqOdJW9ZjnDAMb5Vr.jpg
Southpaw,https://image.tmdb.org/t/p/w500/kSQ49Fi3NVTqGGXILmxV2T2pdkG.jpg
Drag Me to Hell,https://image.tmdb.org/t/p/w500/fdyejM5Zd6dsa0YyWa02ZAKwQzK.jpg
The Age of Adaline,https://image.tmdb.org/t/p/w500/3XFuCS6wBfpSnUQboLd1JtkJqe0.jpg
Secondhand Lions,https://image.tmdb.org/t/p/w500/mYIMMAma7DCACRfiGhHAybPAdKa.jpg
Step Up 3D,https://image.tmdb.org/t/p/w500/rPcqa5TZ7S63RNmCuY45ZizFBen.jpg
Blue Crush,https://image.tmdb.org/t/p/w500/iZSw0JVG0cIFuZoTHuQU3nmGT4k.jpg
Stranger Than Fiction,https://image.tmdb.org/t/p/w500/nCzcepubwShvZ4vbCsygQNgF2Z1.jpg
30 Days of Night,https://image.tmdb.org/t/p/w500/7LwSrvFA0gz1KAlcrGcinoQPene.jpg
The Cabin in the Woods,https://image.tmdb.org/t/p/w500/zZZe5wn0udlhMtdlDjN4NB72R6e.jpg
Meet the Spartans,https://image.tmdb.org/t/p/w500/DWQOjAPvM8Kk1Qp3Xq0zae0Z6w.jpg
Midnight Run,https://image.tmdb.org/t/p/w500/yx0touyDQ9enWDsFgS4MbBwCSNd.jpg
The Running Man,https://image.tmdb.org/t/p/w500/GTAUOhO4BN0peJVvxGEQydJvUO.jpg
Little Shop of Horrors,https://image.tmdb.org/t/p/w500/iKkbN17OmFosaW6asCNZTTsyvpu.jpg
Hanna,https://image.tmdb.org/t/p/w500/6QDeHwBXDHbCbuzStgUpuUAqnap.jpg
Mortal Kombat: Annihilation,https://image.tmdb.org/t/p/w500/ttryglcY2osWZE3sRYBf3ewTZsW.jpg
Larry Crowne,https://image.tmdb.org/t/p/w500/8GDM7RqM6J1vNUdlU94rmtlNa3e.jpg
Carrie,https://image.tmdb.org/t/p/w500/8tT1rqlsTguyfUBMrbHR9cv1rxM.jpg
Take the Lead,https://image.tmdb.org/t/p/w500/vkGSs0eeOOISEe9jddBZnRSkn46.jpg
Gridiron Gang,https://image.tmdb.org/t/p/w500/tTjDApg546wt8OWazvPbEhygu83.jpg
What's the Worst That Could Happen?,https://image.tmdb.org/t/p/w500/dF9vz1LB6078ULfweT2vxdWZzos.jpg
9,https://image.tmdb.org/t/p/w500/91O7z0vo7MiNWd5xD2BoivwbQsb.jpg
Side Effects,https://image.tmdb.org/t/p/w500/dk10bwGyj8aRdOTl3EkgATEefh2.jpg
The Prince & Me,https://image.tmdb.org/t/p/w500/1rdb6Cr5VuLzW9ha2INswhpgmln.jpg
Winnie the Pooh,https://image.tmdb.org/t/p/w500/xlFs85nq62jeR4a9iHNGB113m6x.jpg
Dumb and Dumberer: When Harry Met Lloyd,https://image.tmdb.org/t/p/w500/qxD6P3UXASFCdbrVavceZzgOfI9.jpg
Bulworth,https://image.tmdb.org/t/p/w500/gR9jZ7W2d28aSa2Yimz797VNXRh.jpg
Get on Up,https://image.tmdb.org/t/p/w500/dVbGeU5agxFGcJnL5hk4uO8W7i2.jpg
One True Thing,https://image.tmdb.org/t/p/w500/hOYQIMtrqVeHUBe999V1KIqO7Gf.jpg
Virtuosity,https://image.tmdb.org/t/p/w500/5emgnXYrXjqyiup2JsvtuENseiV.jpg
My Super Ex-Girlfriend,https://image.tmdb.org/t/p/w500/j4NCuEfLHzIjaWDns5fz6nGH2FD.jpg
Deliver Us from Evil,https://image.tmdb.org/t/p/w500/Uz32ERsyCmGwV8Eg2wmT2ooWpo.jpg
Sanctum,https://image.tmdb.org/t/p/w500/zRUNv1CbeVtmTCNr6RLHnxV2QYm.jpg
Little Black Book,https://image.tmdb.org/t/p/w500/c6TD54dLIryqhQAOdGExy8Lie1l.jpg
The Five-Year Engagement,https://image.tmdb.org/t/p/w500/4Bj6pw3ZCo1f2DXP4k7AUDwMTFX.jpg
Mr. 3000,https://image.tmdb.org/t/p/w500/g7CNkytZsZzQ8ZEr8F4SmrhjI5y.jpg
The Next Three Days,https://image.tmdb.org/t/p/w500/wBaRZ3aHa7qoYTSY0ONbXrXYk4B.jpg
Ultraviolet,https://image.tmdb.org/t/p/w500/27OzQ2BBahQHYPiPEAXRXMbhnPQ.jpg
Assault on Precinct 13,https://image.tmdb.org/t/p/w500/oBpsRvMN1ONl8oFHuWt1rasDYFJ.jpg
The Replacement Killers,https://image.tmdb.org/t/p/w500/6q96xjyGTQllKAKgmwyBsk5JSe5.jpg
Fled,https://image.tmdb.org/t/p/w500/5oGdTgWXCOKerrfdBxJrOlFyifL.jpg
Eight Legged Freaks,https://image.tmdb.org/t/p/w500/5blAumPPS6vX6zcUlt9oIhOEheK.jpg
Love & Other Drugs,https://image.tmdb.org/t/p/w500/wZLM2uKJRYNchLmiCIjosX0rXy8.jpg
88 Minutes,https://image.tmdb.org/t/p/w500/bSrmBJ2Png69Qnb5L1KHYZMsDP7.jpg
North Country,https://image.tmdb.org/t/p/w500/upxUN4zmX79o49mBW9htKZDeNq7.jpg
The Whole Ten Yards,https://image.tmdb.org/t/p/w500/4fbglyCpPqK1u40fhncLXKAF74A.jpg
Splice,https://image.tmdb.org/t/p/w500/4oqaWnO3dKYAt3vZWAD4oLfOXOC.jpg
Howard the Duck,https://image.tmdb.org/t/p/w500/eU0dWo8PJgsSAZFbcyHiUpuLSyW.jpg
Pride and Glory,https://image.tmdb.org/t/p/w500/8VZ1ABbtXqwPcc06yXbf3gj3anG.jpg
The Cave,https://image.tmdb.org/t/p/w500/gMfJo22XulGLA8h8yAjiLhdQusv.jpg
Alex & Emma,https://image.tmdb.org/t/p/w500/1CVw4MMqeBdkUs3DfCDWkaP6O3U.jpg
Wicker Park,https://image.tmdb.org/t/p/w500/gRKEluSpV1wBrZVTvLLaCSkzqcf.jpg
Fright Night,https://image.tmdb.org/t/p/w500/ySQ3v4Fzpy3fePs86eoLiDzwLYM.jpg
The New World,https://image.tmdb.org/t/p/w500/dPyWMlQd54r3pK17GKG3iqjvNZ7.jpg
Wing Commander,https://image.tmdb.org/t/p/w500/e3p2vkA4mnFaBlyAIntkZWkzOJW.jpg
In Dreams,https://image.tmdb.org/t/p/w500/q3Q00fCgeZGjAYaiwbfTMuIrUb0.jpg
Dragonball Evolution,https://image.tmdb.org/t/p/w500/sunS9xhPnFNP5wlOWrvbpBteAB.jpg
The Last Stand,https://image.tmdb.org/t/p/w500/3tP4r47v8v6mEj5X5RuG9y8Frbh.jpg
Godsend,https://image.tmdb.org/t/p/w500/lLncs8FEzKupj19wCqZ3sPmg3eU.jpg
Chasing Liberty,https://image.tmdb.org/t/p/w500/aGh5zpJSuxcx4lzFFbZ2QyY8wQP.jpg
Hoodwinked Too! Hood VS. Evil,https://image.tmdb.org/t/p/w500/3ofAJDO8A7ulJwgMGKcwEOPNWV3.jpg
An Unfinished Life,https://image.tmdb.org/t/p/w500/7ugLG1yF1l8HWYhmdmHHSC3kJ8b.jpg
The Imaginarium of Doctor Parnassus,https://image.tmdb.org/t/p/w500/DtrqQHa0wT9AWrk2WA9beROJJx.jpg
Barney's Version,https://image.tmdb.org/t/p/w500/vdsSaFbBWl8N6RV2XJuPBFyKeV8.jpg
Runner Runner,https://image.tmdb.org/t/p/w500/ck5jZjv7WVoCBBgTH1gJlhyCLPy.jpg
Antitrust,https://image.tmdb.org/t/p/w500/9PXyfcJe53A9qFkcj5dkTJwIWoS.jpg
Glory,https://image.tmdb.org/t/p/w500/pGDzBjZvzmSCIEduQBfESLMiwtp.jpg
Once Upon a Time in America,https://image.tmdb.org/t/p/w500/i0enkzsL5dPeneWnjl1fCWm6L7k.jpg
Dead Man Down,https://image.tmdb.org/t/p/w500/8xWo2WE36JdBwlCmwvXM4bb5rBg.jpg
The Merchant of Venice,https://image.tmdb.org/t/p/w500/bvpPg5oTD1qT7hjY3BOsoniYdHG.jpg
The Good Thief,https://image.tmdb.org/t/p/w500/TMlSiPuj9LymfwPiKFiRRnhkRq.jpg
Supercross,https://image.tmdb.org/t/p/w500/82dbqeFOA2iPhwWuciZItw1ELew.jpg
Miss Potter,https://image.tmdb.org/t/p/w500/fecGKwGABfZdMbiH1WQN9zMcOkS.jpg
The Promise,https://image.tmdb.org/t/p/w500/tdm4mlc27S1d72ub4Y4xcU2OlDD.jpg
DOA: Dead or Alive,https://image.tmdb.org/t/p/w500/hRcYqTWgbPF3TtpSDfwqRDAJjlv.jpg
The Assassination of Jesse James by the Coward Robert Ford,https://image.tmdb.org/t/p/w500/xMKn6EQS7eR5ubhPJbw5pQSBZMw.jpg
1911,https://image.tmdb.org/t/p/w500/k93DWz849jCsHW7rIbeUAIxewpr.jpg
Little Nicholas,https://image.tmdb.org/t/p/w500/zOsPAIRyknuPhYpFV0nTzbVLlgM.jpg
Wild Card,https://image.tmdb.org/t/p/w500/zN80Tlly8oMpKbVJv2TfRIj8dHG.jpg
Machine Gun Preacher,https://image.tmdb.org/t/p/w500/534yDalJ8rybnSn8VZ9XPWU3egc.jpg
Animals United,https://image.tmdb.org/t/p/w500/gUCLetZNa3rZknSmLc2gGUdxWH7.jpg
Goodbye Bafana,https://image.tmdb.org/t/p/w500/omL85DnSNaZLLnF0KzqSZihuWAr.jpg
United Passions,https://image.tmdb.org/t/p/w500/oQhVvz3N86DdHnYGsZ9Y2420II5.jpg
Grace of Monaco,https://image.tmdb.org/t/p/w500/kHiiS7rG7VMTp5a5fbH0WCKs9mS.jpg
Savva. Heart of the Warrior,https://image.tmdb.org/t/p/w500/rNF4FPFOEDsh91HoBoKvzz4ARCK.jpg
Ripley's Game,https://image.tmdb.org/t/p/w500/eVhycD9GBWPwnttygKYDi9hllAy.jpg
Sausage Party,https://image.tmdb.org/t/p/w500/vNgdPJQ5CI60oEiiHLKRNrsDhMy.jpg
Pitch Perfect 2,https://image.tmdb.org/t/p/w500/fQaEGzFmvTYu3G641WV0Tg9auAt.jpg
Walk the Line,https://image.tmdb.org/t/p/w500/iIXy2T3fIxfKCBCJqkAnVBFPO8o.jpg
Keeping the Faith,https://image.tmdb.org/t/p/w500/9NF199FTvHr9ggqdBTVbPhF1MGk.jpg
The Borrowers,https://image.tmdb.org/t/p/w500/kgaocWyuxihDe5aNqok6fORIHnY.jpg
Frost/Nixon,https://image.tmdb.org/t/p/w500/nLrRrHZQ40tWqLTY3kxgS4x7GUw.jpg
Confessions of a Dangerous Mind,https://image.tmdb.org/t/p/w500/mM58ABMRzwn5zVx6BS7IiNK0j3F.jpg
Serving Sara,https://image.tmdb.org/t/p/w500/zi8uGxsyhxo0Uzg09ImxLzBDSK3.jpg
The Boss,https://image.tmdb.org/t/p/w500/f43EUrZvE9bV0EmuqgtPgWVXnUc.jpg
Cry Freedom,https://image.tmdb.org/t/p/w500/zEONV1NAzzoQGFFgSIEs7vJzDrN.jpg
Mumford,https://image.tmdb.org/t/p/w500/a2uqenG3BZICDrcrr49IZwoHA8Y.jpg
Seed of Chucky,https://image.tmdb.org/t/p/w500/vd9K93gQ9whMKjXzADZanxWpIXM.jpg
The Jacket,https://image.tmdb.org/t/p/w500/bt89UfRhjAvJDAO9CWJnRFXAN3p.jpg
Aladdin,https://image.tmdb.org/t/p/w500/eLFfl7vS8dkeG1hKp5mwbm37V83.jpg
Straight Outta Compton,https://image.tmdb.org/t/p/w500/1CiLJx8Xtv3TbbFj6k7BboSmKgC.jpg
Indiana Jones and the Temple of Doom,https://image.tmdb.org/t/p/w500/gpdVNUaa4LhRMLfJOPj1AZdhAZ3.jpg
The Rugrats Movie,https://image.tmdb.org/t/p/w500/uZejGKCSd6nwfMx8U0Td37U2fTc.jpg
Along Came a Spider,https://image.tmdb.org/t/p/w500/vipRsbIpwUNf1gjfOcVNizQ1o3c.jpg
Florence Foster Jenkins,https://image.tmdb.org/t/p/w500/1HAdtUchzWEo0LMFHrgD2UBIBS3.jpg
Once Upon a Time in Mexico,https://image.tmdb.org/t/p/w500/ETUpGxmLocsfER8GT8w5sOkRG0.jpg
Die Hard,https://image.tmdb.org/t/p/w500/7Bjd8kfmDSOzpmhySpEhkUyK2oH.jpg
Role Models,https://image.tmdb.org/t/p/w500/ki79dSjh6Rr51xrsz4dT04UGxSU.jpg
The Big Short,https://image.tmdb.org/t/p/w500/scVEaJEwP8zUix8vgmMoJJ9Nq0w.jpg
Taking Woodstock,https://image.tmdb.org/t/p/w500/wIdyAJCvIj3QUoNmmDdnhXpCMpp.jpg
Miracle,https://image.tmdb.org/t/p/w500/mxtej2th8t8x0ufVBTyhsO6Htxj.jpg
Dawn of the Dead,https://image.tmdb.org/t/p/w500/ttquyxStEEctzghtA2f4PUGprDr.jpg
The Wedding Planner,https://image.tmdb.org/t/p/w500/meq4bLUPcBlOG3Z5YdiWuBMlpO.jpg
Space Pirate Captain Harlock,https://image.tmdb.org/t/p/w500/mlHoTQLYsuzJJArO2fHS5rqnLqe.jpg
The Royal Tenenbaums,https://image.tmdb.org/t/p/w500/nG7hZJn7wQTSDCQT39Gy3s3tbrp.jpg
Identity,https://image.tmdb.org/t/p/w500/sYgimsiBywqVwJI8H4sETke8m7v.jpg
Last Vegas,https://image.tmdb.org/t/p/w500/9Aht200Eu2jYiE9cEQdFfNDtHl6.jpg
For Your Eyes Only,https://image.tmdb.org/t/p/w500/xV4Nnr6DjjERlqNikqDQX8LUgua.jpg
Serendipity,https://image.tmdb.org/t/p/w500/4jS66Qmq2Ru5S2YzHVknGd4xJyT.jpg
Timecop,https://image.tmdb.org/t/p/w500/bgxP6ws8ErBiarnb4S93vv0lkf4.jpg
Zoolander,https://image.tmdb.org/t/p/w500/qdrbSneHZjJG2Dj0hhBxzzAo4HB.jpg
Safe Haven,https://image.tmdb.org/t/p/w500/2CbJ3HTb6SFbMeguYH52UQSHOwY.jpg
Hocus Pocus,https://image.tmdb.org/t/p/w500/by4D4Q9NlUjFSEUA1yrxq6ksXmk.jpg
No Reservations,https://image.tmdb.org/t/p/w500/eKqfRSf0DZ0Qey1f9ZHuZfsmXVR.jpg
Kick-Ass,https://image.tmdb.org/t/p/w500/iHMbrTHJwocsNvo5murCBw0CwTo.jpg
30 Minutes or Less,https://image.tmdb.org/t/p/w500/12VgS5G6OG7ANKrSbhtUD2POHb8.jpg
Dracula 2000,https://image.tmdb.org/t/p/w500/jnAfl6GSZbBMigL98RJGbOSk4V1.jpg
"Alexander and the Terrible, Horrible, No Good, Very Bad Day",https://image.tmdb.org/t/p/w500/pxbAepXQjsGFDHaR3dPndFSxDU0.jpg
Pride & Prejudice,https://image.tmdb.org/t/p/w500/o8UhmEbWPHmTUxP0lMuCoqNkbB3.jpg
Blade Runner,https://image.tmdb.org/t/p/w500/63N9uy8nd9j7Eog2axPQ8lbr3Wj.jpg
Rob Roy,https://image.tmdb.org/t/p/w500/kWI2rF6RAnRtEjfBlZgsXumgOm5.jpg
3 Days to Kill,https://image.tmdb.org/t/p/w500/paDgMlfQIrK6PCG5g7UYv9YOdmK.jpg
We Own the Night,https://image.tmdb.org/t/p/w500/fcb2c9BcRc21iiWih23FQfT39uB.jpg
Lost Souls,https://image.tmdb.org/t/p/w500/9DOq3KqGrNbqa3z5M8iDJ2wuaxJ.jpg
Winged Migration,https://image.tmdb.org/t/p/w500/qjv7cYLSufwf03So0SuRFU7sRxB.jpg
Just My Luck,https://image.tmdb.org/t/p/w500/wWpqG3zrrPZhvNLflYJdbW1NgY3.jpg
"Mystery, Alaska",https://image.tmdb.org/t/p/w500/bmg4sjOQswcrP5mPL9YzNom9cXx.jpg
The Spy Next Door,https://image.tmdb.org/t/p/w500/nJJrceb2xHGIA0irADX0JvWSIHT.jpg
A Simple Wish,https://image.tmdb.org/t/p/w500/cfyJ7yIvNTlz2ooH8iU6r0pxAMj.jpg
Ghosts of Mars,https://image.tmdb.org/t/p/w500/i2zztssCIbahGES1fdfWFmDXian.jpg
Our Brand Is Crisis,https://image.tmdb.org/t/p/w500/tE7oaFegUgfBC0FMZbHdwB9I1lC.jpg
Pride and Prejudice and Zombies,https://image.tmdb.org/t/p/w500/jsJlOhVHiz1xXr36616EI8tJ4b2.jpg
Kundun,https://image.tmdb.org/t/p/w500/yvdFRDoQIQ5PBk4u8x8gJT8NJAw.jpg
How to Lose Friends & Alienate People,https://image.tmdb.org/t/p/w500/8Xd1mO861aK2OirTbxZrODNhihW.jpg
Kick-Ass 2,https://image.tmdb.org/t/p/w500/1go2A3gdQjaMuHWquybgoJlQRcX.jpg
Alatriste,https://image.tmdb.org/t/p/w500/hQ4b8dXp0uCqslHm0jOvjw4BNUe.jpg
Brick Mansions,https://image.tmdb.org/t/p/w500/6OopiNRk7lWP0hPsY0eYqq2kQTi.jpg
Octopussy,https://image.tmdb.org/t/p/w500/yoosZitM9igSk3Sd0sBXIhKlAh1.jpg
Knocked Up,https://image.tmdb.org/t/p/w500/b4OaXw2MW97VvIiZE0Sbn1NfxSh.jpg
My Sister's Keeper,https://image.tmdb.org/t/p/w500/atRGqnG7pe0hZP97RWDLrT2hRGZ.jpg
Welcome Home Roscoe Jenkins,https://image.tmdb.org/t/p/w500/1VzS2bkQHVcIxSeBJifOx65oxHK.jpg
A Passage to India,https://image.tmdb.org/t/p/w500/rvBWlGRKte2U6qElHV13h6JvmSe.jpg
Notes on a Scandal,https://image.tmdb.org/t/p/w500/ieX6ZO2Kf2qjoIBXbQW5awivbhY.jpg
Rendition,https://image.tmdb.org/t/p/w500/uW8gNhIJkNabd0AIafWqFRxB8Os.jpg
Star Trek VI: The Undiscovered Country,https://image.tmdb.org/t/p/w500/tvTOJD7Gz668GLy2nNdLRQvpPsv.jpg
Divine Secrets of the Ya-Ya Sisterhood,https://image.tmdb.org/t/p/w500/hI05FJ8wgPROHQgLtfJ4ZuH3l4b.jpg
Kiss the Girls,https://image.tmdb.org/t/p/w500/25h5I3E3ydhazsPDnscWHivq5pn.jpg
The Blues Brothers,https://image.tmdb.org/t/p/w500/rhYJKOt6UrQq7JQgLyQcSWW5R86.jpg
The Sisterhood of the Traveling Pants 2,https://image.tmdb.org/t/p/w500/bAdkVOD91jCHos4163qyVu1TFua.jpg
Joyful Noise,https://image.tmdb.org/t/p/w500/pIgrIGFMZ7CslGPCWI7JHV3R96H.jpg
About a Boy,https://image.tmdb.org/t/p/w500/qoZ1bD0q9EFqcNiEYbEigsRcNCt.jpg
Lake Placid,https://image.tmdb.org/t/p/w500/pEszakCP8j9E9S0UPLfEa3Cad3O.jpg
Lucky Number Slevin,https://image.tmdb.org/t/p/w500/x21s3p5wPww534nYj1cWakTcqz4.jpg
The Right Stuff,https://image.tmdb.org/t/p/w500/btqTjNRxecYgQ1FGfVlLqSSNjz.jpg
Anonymous,https://image.tmdb.org/t/p/w500/mRjdFP0kqCPaDKeXgQtsb7how6e.jpg
The NeverEnding Story,https://image.tmdb.org/t/p/w500/ddYCa91iDXfJCxaqSYzwi2fjfnl.jpg
Dark City,https://image.tmdb.org/t/p/w500/tNPEGju4DpTdbhBphNmZoEi9Bd3.jpg
The Duchess,https://image.tmdb.org/t/p/w500/77ckyYrWmR12kl3qToqmDySnuwv.jpg
Return to Oz,https://image.tmdb.org/t/p/w500/dyMwaXA9nVhPiA5wYHsvfUAnbaB.jpg
The Newton Boys,https://image.tmdb.org/t/p/w500/v3VuDClmFZNjfI6YLTkeinae9HK.jpg
Case 39,https://image.tmdb.org/t/p/w500/b16EjFeHd2AwoYXWUne7DA346pU.jpg
Suspect Zero,https://image.tmdb.org/t/p/w500/sIIahTE5sfOJtieytf252kB9RcS.jpg
Martian Child,https://image.tmdb.org/t/p/w500/amRUHHflkZsbcvRnfJN9ZKxv8R3.jpg
Spy Kids: All the Time in the World,https://image.tmdb.org/t/p/w500/9pUVarhiXfCu8amjmyadzJJJITi.jpg
Money Monster,https://image.tmdb.org/t/p/w500/DlgdAkAKirD01R1mBejhFjS6nQ.jpg
The 51st State,https://image.tmdb.org/t/p/w500/aYlrGirWrRCTU1PF6Svghn1EMAc.jpg
Flawless,https://image.tmdb.org/t/p/w500/fkwkkUnaTmhaWt2OGBRepYr7yB5.jpg
Mindhunters,https://image.tmdb.org/t/p/w500/uTTGRvnqCI9ZC7WkyP9u7XRiOaA.jpg
What Just Happened,https://image.tmdb.org/t/p/w500/o88aPDDMtdwQsPyXqSKhu98jjru.jpg
The Statement,https://image.tmdb.org/t/p/w500/a7IvoBJ70dp6U1fjRlvB04ZtxvF.jpg
The Magic Flute,https://image.tmdb.org/t/p/w500/qjUjatQEMIHtCngnyTib943x7TU.jpg
Paul Blart: Mall Cop,https://image.tmdb.org/t/p/w500/A4zZv0Q1VKURFZFEl2vwjaE2q0g.jpg
Freaky Friday,https://image.tmdb.org/t/p/w500/ipKcZ4Up7dp18XpsfYUc9NKZy3g.jpg
The 40 Year Old Virgin,https://image.tmdb.org/t/p/w500/mVeoqL37gzhMXQVpONi9DGOQ3tZ.jpg
Shakespeare in Love,https://image.tmdb.org/t/p/w500/zdW7jdzPi4J9KZR3TyY2jn3Xh5e.jpg
A Walk Among the Tombstones,https://image.tmdb.org/t/p/w500/euPgyPsiNFp6gOBB7nUFxvN5ZaY.jpg
Kindergarten Cop,https://image.tmdb.org/t/p/w500/nKnHWwkXyvhzCYWm3FyRAv3qBrl.jpg
Pineapple Express,https://image.tmdb.org/t/p/w500/6E50WjeOYjDZg9HXgPjYdGtY2jG.jpg
Ever After: A Cinderella Story,https://image.tmdb.org/t/p/w500/9TspO5dThMBioF0DFrvy6YqrngH.jpg
Open Range,https://image.tmdb.org/t/p/w500/1mrNc88NrUEGtMtat4FD7sfpFrW.jpg
Flatliners,https://image.tmdb.org/t/p/w500/wda3j7p7YHXKpFIlSzoTCtP7myF.jpg
A Bridge Too Far,https://image.tmdb.org/t/p/w500/lszOk3Xmh7qpLaM9J4K9E6ADLk1.jpg
Red Eye,https://image.tmdb.org/t/p/w500/osLMnQIjDMmzLvXmOlIOlou9olp.jpg
Final Destination 2,https://image.tmdb.org/t/p/w500/vnFgxRlLTA9fDNcGXLiHmgwmIEo.jpg
"O Brother, Where Art Thou?",https://image.tmdb.org/t/p/w500/2YztYilviFCYcEtDAnrOstUWGie.jpg
Legion,https://image.tmdb.org/t/p/w500/ykocDqwg5PRUopnBVb1x1DWnEJF.jpg
Pain & Gain,https://image.tmdb.org/t/p/w500/9WqA0Ry9wmTzFvom8mNbcyKZQgP.jpg
In Good Company,https://image.tmdb.org/t/p/w500/5H3fbU4NlHPbLf3MUFZwPdmD3nS.jpg
Clockstoppers,https://image.tmdb.org/t/p/w500/6XZJ58gStdLZV8uJyTRcA5bGNyi.jpg
Silverado,https://image.tmdb.org/t/p/w500/k6zurzegRKsNGMICXZ57VJDUzXO.jpg
Brothers,https://image.tmdb.org/t/p/w500/skHqceAFYee0JZuYd9MVk2IQggi.jpg
Agent Cody Banks 2: Destination London,https://image.tmdb.org/t/p/w500/zlAltvp84rYVTYs3kdemqHBaiat.jpg
New Year's Eve,https://image.tmdb.org/t/p/w500/TroWD1BdcLEL7Ycqv4kkCRw7KJ.jpg
Original Sin,https://image.tmdb.org/t/p/w500/xvTtsdvvVr1NYlVJxWZibzhaEt5.jpg
The Raven,https://image.tmdb.org/t/p/w500/boE0JFhZRpWLLrKOQE6bCBZGerP.jpg
Welcome to Mooseport,https://image.tmdb.org/t/p/w500/xesXaNCtdGUO5FsMDYooPQAMHxQ.jpg
Highlander: The Final Dimension,https://image.tmdb.org/t/p/w500/o4GKLReSGRR0rulOBS9SrfFAXOz.jpg
Blood and Wine,https://image.tmdb.org/t/p/w500/diFSUAvHZE6rkKqfP3J3qf19Z2X.jpg
Snow White: A Tale of Terror,https://image.tmdb.org/t/p/w500/rpOd7AHqRuKA8Da3WcE1U4ACmp2.jpg
The Curse of the Jade Scorpion,https://image.tmdb.org/t/p/w500/mfvWefUp09oaLLxb8KhsvUYi7mX.jpg
Accidental Love,https://image.tmdb.org/t/p/w500/znPsDmQVKW0BuBnaErIAPo49X3i.jpg
Flipper,https://image.tmdb.org/t/p/w500/c3KEzecZ5oE6CpSrWX6wCLrBJbf.jpg
Self/less,https://image.tmdb.org/t/p/w500/hCqXcAMeBiPVnLUU8PNsKUYi6Gn.jpg
The Constant Gardener,https://image.tmdb.org/t/p/w500/nkXq7V7mmJVbvwZGr3nxkHo7HkS.jpg
The Passion of the Christ,https://image.tmdb.org/t/p/w500/rBM5o2HpmCfDejuIPybI09tkY3V.jpg
Mrs. Doubtfire,https://image.tmdb.org/t/p/w500/shHrSmXS5140o6sQzgzXxn3KqSm.jpg
Rain Man,https://image.tmdb.org/t/p/w500/iTNHwO896WKkaoPtpMMS74d8VNi.jpg
Gran Torino,https://image.tmdb.org/t/p/w500/zUybYvxWdAJy5hhYovsXtHSWI1l.jpg
W.,https://image.tmdb.org/t/p/w500/nJm8UF4zbUYEoku9seEtz1PTJGS.jpg
Taken,https://image.tmdb.org/t/p/w500/ognkaUSNgJe1a2pjB4UNdzEo5jT.jpg
The Best of Me,https://image.tmdb.org/t/p/w500/g11FuvrR8EH5ui16A8juKoavhb3.jpg
The Bodyguard,https://image.tmdb.org/t/p/w500/ihWF0uY1xnKqw9YK7ZHNLUZOhcO.jpg
Schindler's List,https://image.tmdb.org/t/p/w500/sF1U4EUQS8YHUYjNl3pMGNIQyr0.jpg
The Help,https://image.tmdb.org/t/p/w500/3kmfoWWEc9Vtyuaf9v5VipRgdjx.jpg
The Fifth Estate,https://image.tmdb.org/t/p/w500/pUrL2eacUjAxkOS403DaOyXpgAG.jpg
Scooby-Doo 2: Monsters Unleashed,https://image.tmdb.org/t/p/w500/5BrXCJrs22bR5KR6mLHluYo6y4m.jpg
Forbidden Kingdom,https://image.tmdb.org/t/p/w500/q0o9JQDp6PHY4zK0Aw1NHpyQyeo.jpg
Freddy vs. Jason,https://image.tmdb.org/t/p/w500/f9ZASRUfl8Jlco7rgRx3ujPR0P7.jpg
The Face of an Angel,https://image.tmdb.org/t/p/w500/100pHE252kgwxwVNbiflYV9j1yi.jpg
Jimmy Neutron: Boy Genius,https://image.tmdb.org/t/p/w500/pUwdquA6Bf3Gq8yT5iQL1Yq0jkl.jpg
Cloverfield,https://image.tmdb.org/t/p/w500/qIegUGJqyMMCRjkKV1s7A9MqdJ8.jpg
Teenage Mutant Ninja Turtles II: The Secret of the Ooze,https://image.tmdb.org/t/p/w500/Hyvvz9Z3le1is8a0EeFJQm0aSC.jpg
The Untouchables,https://image.tmdb.org/t/p/w500/tPq0R4jTO4Ey8ZspFaWK9wGA4Ls.jpg
No Country for Old Men,https://image.tmdb.org/t/p/w500/uB7RDZby43Wvu8SKGHHTwGyTDBX.jpg
Ride Along,https://image.tmdb.org/t/p/w500/qrt65VVaP5DEEBZgB5XYctA82Qv.jpg
Bridget Jones's Diary,https://image.tmdb.org/t/p/w500/olMTi7uCaec9Yr3Ar07D2SIja1G.jpg
Chocolat,https://image.tmdb.org/t/p/w500/lnwPvyj8UR7MetG2pQ92453IIoR.jpg
"Legally Blonde 2: Red, White & Blonde",https://image.tmdb.org/t/p/w500/4kC0UGTuJgFnlZq2ZM6OiY7nuY8.jpg
Parental Guidance,https://image.tmdb.org/t/p/w500/815zxi87kTUvleFHjnE5SNzWmVZ.jpg
No Strings Attached,https://image.tmdb.org/t/p/w500/9C09L1U9S13J4Ut029Qhu0oLcTQ.jpg
Tombstone,https://image.tmdb.org/t/p/w500/wGFCvylul8iEQhJOKfwZGGvXMzA.jpg
Romeo Must Die,https://image.tmdb.org/t/p/w500/zKrnaTWW63y4Q1XLrdZQyQmcRWd.jpg
The Omen,https://image.tmdb.org/t/p/w500/mDcjjEu1fMNmsXi4l4D8IftlTix.jpg
Final Destination 3,https://image.tmdb.org/t/p/w500/p7ARuNKUGPGvkBiDtIDvAzYzonX.jpg
The Lucky One,https://image.tmdb.org/t/p/w500/vF1ZuIkF9Z71VzVvG265xJUawb0.jpg
Bridge to Terabithia,https://image.tmdb.org/t/p/w500/3xFxGodKPMFLheS8rujFSmLfcq4.jpg
Finding Neverland,https://image.tmdb.org/t/p/w500/5JyDPH4qdr0I6pF7Bjh1Qrf1Jhh.jpg
A Madea Christmas,https://image.tmdb.org/t/p/w500/tbwm8GptynNoxbkC5AhjYMYfnn7.jpg
The Grey,https://image.tmdb.org/t/p/w500/a0Vt3wx8ciKmPt4iXPx9sH4HBVU.jpg
Hide and Seek,https://image.tmdb.org/t/p/w500/orY4PX3TNFdCbdVwhKY32UKMvoA.jpg
Anchorman: The Legend of Ron Burgundy,https://image.tmdb.org/t/p/w500/mhZIcRePT7U8viFQVjt1ZjYIsR4.jpg
GoodFellas,https://image.tmdb.org/t/p/w500/9OkCLM73MIU2CrKZbqiT8Ln1wY2.jpg
Agent Cody Banks,https://image.tmdb.org/t/p/w500/fhK0mqqirPsckxkNisvi32A4lf6.jpg
Nanny McPhee,https://image.tmdb.org/t/p/w500/8tommndfI0W62teXwSmXdmVZ7gz.jpg
Scarface,https://image.tmdb.org/t/p/w500/iQ5ztdjvteGeboxtmRdXEChJOHh.jpg
Nothing to Lose,https://image.tmdb.org/t/p/w500/umbzQyRMeB1oHTKiymTlH591xNB.jpg
The Last Emperor,https://image.tmdb.org/t/p/w500/7TILJhdeJAaEyDiwvJZMo9SQBoe.jpg
Contraband,https://image.tmdb.org/t/p/w500/c9NQDANheSz887myHeMocUKQ5Je.jpg
Money Talks,https://image.tmdb.org/t/p/w500/bN57Rl003E9pYred5kw9Rp8h9Np.jpg
There Will Be Blood,https://image.tmdb.org/t/p/w500/fa0RDkAlCec0STeMNAhPaF89q6U.jpg
The Wild Thornberrys Movie,https://image.tmdb.org/t/p/w500/nmWpcUQtWHC4kjVCygiFEDR1wCY.jpg
Rugrats Go Wild,https://image.tmdb.org/t/p/w500/hpVpXRNY2IsU0xvfXtYOxu0QDwc.jpg
Undercover Brother,https://image.tmdb.org/t/p/w500/vkPm29sqtEjoekOhXbqxTcgpJ4y.jpg
The Sisterhood of the Traveling Pants,https://image.tmdb.org/t/p/w500/wNshlUT6IZEz2AF3iZrlb2mX0pR.jpg
Kiss of the Dragon,https://image.tmdb.org/t/p/w500/1ubtSyagwfNF9Bn9s2CKITRtx1d.jpg
The House Bunny,https://image.tmdb.org/t/p/w500/4oGGJ824vqIqDtyMvMuK44pDEmx.jpg
Beauty Shop,https://image.tmdb.org/t/p/w500/3y5I9WKlfeNnSQbOvS4l3mVPqri.jpg
Million Dollar Arm,https://image.tmdb.org/t/p/w500/6OgA9x6jvwBIj8e7x8LANTbVvR2.jpg
The Giver,https://image.tmdb.org/t/p/w500/dul62Av4pgi5x8LP7ELHzNyka9Z.jpg
What a Girl Wants,https://image.tmdb.org/t/p/w500/gGpMruX59KWNuAXgHpiAm8hiChw.jpg
Jeepers Creepers 2,https://image.tmdb.org/t/p/w500/u2ghDfjcs3y5c8ata3COc4pWiAN.jpg
Good Luck Chuck,https://image.tmdb.org/t/p/w500/b2VgUoXR9iAtAf8nA0mvdTr7cOt.jpg
Cradle 2 the Grave,https://image.tmdb.org/t/p/w500/8iXpVITXenqPG8gQ0lCFpUMtZIx.jpg
The Hours,https://image.tmdb.org/t/p/w500/4myDtowDJQPQnkEDB1IWGtJR1Fo.jpg
She's the Man,https://image.tmdb.org/t/p/w500/xRElqFcUVuGf0s2rAQSSNAn1IS9.jpg
Mr. Bean's Holiday,https://image.tmdb.org/t/p/w500/bSSx9Sq6irWwN9NTQmoT9KE8kXn.jpg
Anacondas: The Hunt for the Blood Orchid,https://image.tmdb.org/t/p/w500/apAZ6o1SyYgcC8R2LqTCYnBe1lK.jpg
Blood Ties,https://image.tmdb.org/t/p/w500/7tMuywiZUoaAihEIkCu3BAL1xPC.jpg
August Rush,https://image.tmdb.org/t/p/w500/oA6ZeICPINiS6YtD5WZeBaGVmuT.jpg
Elizabeth,https://image.tmdb.org/t/p/w500/qEk48VLOdibXFVIEzE9ETZUBcCs.jpg
Bride of Chucky,https://image.tmdb.org/t/p/w500/yaIPNOcC7ZRuwH3maNwP9qzIo5G.jpg
Tora! Tora! Tora!,https://image.tmdb.org/t/p/w500/c311sN931DixuZRer0JGYCwpx9N.jpg
Spice World,https://image.tmdb.org/t/p/w500/vKiAnV1QAGIJP38vatwCZp4dCrH.jpg
The Sitter,https://image.tmdb.org/t/p/w500/jlGzZ8McDp73PAaWMeYCHWeHiM4.jpg
Dance Flick,https://image.tmdb.org/t/p/w500/qqaM8jQhALhULwvm3eEepkBTQHJ.jpg
The Shawshank Redemption,https://image.tmdb.org/t/p/w500/9cqNxx0GxF0bflZmeSMuL5tnGzr.jpg
Crocodile Dundee in Los Angeles,https://image.tmdb.org/t/p/w500/hwt6iJjPuXRDKJON5s9G9pdfPbu.jpg
Kingpin,https://image.tmdb.org/t/p/w500/lVpejjxzBujSjLpxQ7hGe1s0wP2.jpg
The Gambler,https://image.tmdb.org/t/p/w500/hIgU3cxn7Y87joQGM3srofnXOm5.jpg
August: Osage County,https://image.tmdb.org/t/p/w500/fvjxr77dfxdIOY3lvj0bHP4B5xT.jpg
Ice Princess,https://image.tmdb.org/t/p/w500/oLWeyvu0ZJrpxDsRrzsMeaGzyZp.jpg
A Lot Like Love,https://image.tmdb.org/t/p/w500/6xrF9zwEbYiYBOalMO14RAWBLLj.jpg
Eddie the Eagle,https://image.tmdb.org/t/p/w500/r562gvTRVHnDSvG7MrKHEECSn1V.jpg
He Got Game,https://image.tmdb.org/t/p/w500/kd8hRaysUQOz7AvSorZDJHuihcJ.jpg
Don Juan DeMarco,https://image.tmdb.org/t/p/w500/fe0TuYz9jCKUba2Omj48K8bWJ8z.jpg
Dear John,https://image.tmdb.org/t/p/w500/2lAPv2jQ5eh54l4EttA9wjDljED.jpg
The Losers,https://image.tmdb.org/t/p/w500/b9dVH0n7YnBqLmW2c5AzftxhhpH.jpg
Don't Be Afraid of the Dark,https://image.tmdb.org/t/p/w500/jMBMm1jwqvILV8p1K44brBnmwLK.jpg
War,https://image.tmdb.org/t/p/w500/scFc8RD4sFxB2x0eIOaymphMnYh.jpg
Punch-Drunk Love,https://image.tmdb.org/t/p/w500/htYp4yqFu4rzBEIa6j9jP8miDm3.jpg
EuroTrip,https://image.tmdb.org/t/p/w500/iLdO4PwbZCCQSa9rchZMwuJm9xe.jpg
Half Past Dead,https://image.tmdb.org/t/p/w500/fJhudecoqyoZLoCwAZvqNPd7MK5.jpg
Unaccompanied Minors,https://image.tmdb.org/t/p/w500/7yhaXxwxs1fIOyuPv3YuE2fea0t.jpg
"Bright Lights, Big City",https://image.tmdb.org/t/p/w500/pimtITTxB2cJftgRhso2Xm195Co.jpg
The Adventures of Pinocchio,https://image.tmdb.org/t/p/w500/rGPFPkUmPam6arT22ey8jWpKzL2.jpg
The Greatest Game Ever Played,https://image.tmdb.org/t/p/w500/kh4vd6wKa6j9xVFzxhQrsT0p2YN.jpg
The Box,https://image.tmdb.org/t/p/w500/xMAmOu6xl4CsstixcuecBle9krd.jpg
The Ruins,https://image.tmdb.org/t/p/w500/6HpicbiT7xmlMjQXOSCeNoLZGpf.jpg
The Next Best Thing,https://image.tmdb.org/t/p/w500/iYK1ZUtY4etcn91glUmrGuZRH6M.jpg
My Soul to Take,https://image.tmdb.org/t/p/w500/3dOFUWCue0ovlGpUhuEDmOikTPk.jpg
The Girl Next Door,https://image.tmdb.org/t/p/w500/5mVyFHSY2rSsNgD4NfEwV82HigU.jpg
Maximum Risk,https://image.tmdb.org/t/p/w500/18HVWwyLihWJPzGpSVl3omRRMyL.jpg
Stealing Harvard,https://image.tmdb.org/t/p/w500/iCHAn0eVAXwybuzoQO598aKMVJD.jpg
Legend,https://image.tmdb.org/t/p/w500/4shf5Alq4KWCKqrAAQe0JGJHYp5.jpg
Hot Rod,https://image.tmdb.org/t/p/w500/jRkt03dXCVKnbvcQm3ygU1cjg9Y.jpg
Shark Night,https://image.tmdb.org/t/p/w500/cjfRqUXtNc2iJHfP60HTq9nFs0.jpg
Angela's Ashes,https://image.tmdb.org/t/p/w500/3Zzcys11nAPP14sKW9l97fIHhkK.jpg
Draft Day,https://image.tmdb.org/t/p/w500/bnl2ocjS1io4UCPhjoFuPKmJ9bf.jpg
Lifeforce,https://image.tmdb.org/t/p/w500/AeLmyhJNQd2BMFGER36ctAeDhIp.jpg
The Conspirator,https://image.tmdb.org/t/p/w500/a2ubkGUjGYeKRN1C2Tib0rmjuWf.jpg
Lords of Dogtown,https://image.tmdb.org/t/p/w500/k2NiPfydLSwmk28C6qpvpJPuqtq.jpg
The 33,https://image.tmdb.org/t/p/w500/hpXkIuAlIlcNYACRE2MssxnHvZQ.jpg
Big Trouble in Little China,https://image.tmdb.org/t/p/w500/gI2Qs1yTTj3NcESJyttCkbmJ4k9.jpg
Fly Me to the Moon,https://image.tmdb.org/t/p/w500/gjk8YdXpItoC1in53FCrZMFIuBx.jpg
Warrior,https://image.tmdb.org/t/p/w500/iM8n4nZJPR2abpnyZ36FUgHiRjr.jpg
Michael Collins,https://image.tmdb.org/t/p/w500/brIBbU6t9glEGAKRTJ4PMj9OiDC.jpg
Gettysburg,https://image.tmdb.org/t/p/w500/k0XKdT3QbycMB8f2H7CEZVx2t4m.jpg
Stop-Loss,https://image.tmdb.org/t/p/w500/5lR2o3EQ6keYI7R2NtO40fHpvGZ.jpg
Abandon,https://image.tmdb.org/t/p/w500/7zRmopB7pnveyhFaCRSMZMiGO0v.jpg
Brokedown Palace,https://image.tmdb.org/t/p/w500/pWxoggA0KCS5oMPDOjIDYZYzryE.jpg
The Possession,https://image.tmdb.org/t/p/w500/4VxIbGO5A9HRlkAPMi70zimosDY.jpg
Mrs. Winterbourne,https://image.tmdb.org/t/p/w500/ppHqVo9uAFZYMvRm9x0XUtnyQPR.jpg
Straw Dogs,https://image.tmdb.org/t/p/w500/hSW5Msz5Cr6vUQxChPSPdxufnss.jpg
The Hoax,https://image.tmdb.org/t/p/w500/u5KESAGmNa5NLsSbpHVUDWT4ENR.jpg
Stone Cold,https://image.tmdb.org/t/p/w500/4nW7wZKKjzZ5zriDfIjpJcZIyZS.jpg
The Road,https://image.tmdb.org/t/p/w500/qLaXnLzqleBWQtjvZ6JGVSaKoC3.jpg
Sheena,https://image.tmdb.org/t/p/w500/g3MC1eYoW1Se9fQzCOZ5tfyMatl.jpg
Underclassman,https://image.tmdb.org/t/p/w500/kOpQ5doAbDaxKyGq91PugsCTOYO.jpg
Say It Isn't So,https://image.tmdb.org/t/p/w500/gHEI41EWj9dEscfEiKgw6a2uUez.jpg
The World's Fastest Indian,https://image.tmdb.org/t/p/w500/vUIwPFAAXeCUuS040uGC0xSatcG.jpg
Tank Girl,https://image.tmdb.org/t/p/w500/dpX63vJd6k5fMTudLaEOw9ffX8h.jpg
King's Ransom,https://image.tmdb.org/t/p/w500/lH8Nugl7DnMaMHfOChEFNXXQ3zX.jpg
Blindness,https://image.tmdb.org/t/p/w500/deBsx5IxyqCC217j3VY24TkkE0Z.jpg
BloodRayne,https://image.tmdb.org/t/p/w500/1Xy9uu5INNMnyF7W6BTEQkkGOZC.jpg
Carnage,https://image.tmdb.org/t/p/w500/3Imx53XV3T02ADlMxYazYXVNysZ.jpg
Where the Truth Lies,https://image.tmdb.org/t/p/w500/4gWQoxAmSeBaugpccnWdlg5Ov6f.jpg
Cirque du Soleil: Worlds Away,https://image.tmdb.org/t/p/w500/jAt4ugebhXKmAnirHAWe5P6gnMi.jpg
Without Limits,https://image.tmdb.org/t/p/w500/2HoKVqCzVOez7DEwHApc73bKobg.jpg
Me and Orson Welles,https://image.tmdb.org/t/p/w500/jU7KFn4O1HLgzj9WkkmBkzJNPlN.jpg
The Best Offer,https://image.tmdb.org/t/p/w500/ibDGPgUZn6vxHiSgt2xeQyFp8Np.jpg
The Bad Lieutenant: Port of Call - New Orleans,https://image.tmdb.org/t/p/w500/zRULXsd0rb1lVfnSyQkYPi2nLcB.jpg
A Turtle's Tale: Sammy's Adventures,https://image.tmdb.org/t/p/w500/jYz1FQjspxQCUCMXuB4ihnH9Y03.jpg
Little White Lies,https://image.tmdb.org/t/p/w500/djypJtQfUxeEMh6kc0aRzIoN9UR.jpg
Love Ranch,https://image.tmdb.org/t/p/w500/INezZQ0bkYMRHUl0AHX699NJak.jpg
The True Story of Puss 'n Boots,https://image.tmdb.org/t/p/w500/va4tC2RBC0uwpmq0cctruJmZgFs.jpg
Space Dogs,https://image.tmdb.org/t/p/w500/zufutvJv0KjMmuw8ldWpPLzkomT.jpg
The Counselor,https://image.tmdb.org/t/p/w500/aNiLkGnzVb5CorZHKk16w9S4COt.jpg
Ironclad,https://image.tmdb.org/t/p/w500/h7CP12wAThhw2WSOA1uIAqxg1fS.jpg
Waterloo,https://image.tmdb.org/t/p/w500/zd4SV3qs5Xg7Yl8kqshU2fxTT0D.jpg
Kung Fu Jungle,https://image.tmdb.org/t/p/w500/myZQ4WocOQQCXNGVJkHeeJ1jTEj.jpg
Red Sky,https://image.tmdb.org/t/p/w500/h5wrpVvjeq8kgClO0CtX2aNOcxU.jpg
Dangerous Liaisons,https://image.tmdb.org/t/p/w500/hFem30C3uJUd9smNy7rFLGVhKys.jpg
On the Road,https://image.tmdb.org/t/p/w500/k7LQteD02p3VHixbS6NXHkFdFwT.jpg
Star Trek IV: The Voyage Home,https://image.tmdb.org/t/p/w500/xY5TzGXJOB3L9rhZ1MbbPyVlW5J.jpg
Rocky Balboa,https://image.tmdb.org/t/p/w500/byBlJvZwCqgtIwrZNv0pyE974jC.jpg
Scream 2,https://image.tmdb.org/t/p/w500/dORlVasiaDkJXTqt9bdH7nFNs6C.jpg
Jane Got a Gun,https://image.tmdb.org/t/p/w500/hmfZZ7QeD2RTqkCQX09OC2ehawz.jpg
Think Like a Man Too,https://image.tmdb.org/t/p/w500/yKI9Nof9MH3dNHM469hEfCjCbjJ.jpg
The Whole Nine Yards,https://image.tmdb.org/t/p/w500/rDV7ntPLY0ZDBT722Odsi80nFrn.jpg
Footloose,https://image.tmdb.org/t/p/w500/9JEDjBCXCx3eKTSkXwispf0UN3O.jpg
Old School,https://image.tmdb.org/t/p/w500/nYtuwNHpEoIbTgS3aFPSEwZNN6l.jpg
The Fisher King,https://image.tmdb.org/t/p/w500/hwIYw22HmAUMobV4zsX69MgfVUz.jpg
I Still Know What You Did Last Summer,https://image.tmdb.org/t/p/w500/eg3d6hvTaOmW3lNErFfutBmWmAR.jpg
Return to Me,https://image.tmdb.org/t/p/w500/mtYZyZh7hSiTq3gAU0C8FlcMC5.jpg
Zack and Miri Make a Porno,https://image.tmdb.org/t/p/w500/ipePhKf87FixwfAVJ8MMWK53caI.jpg
Nurse Betty,https://image.tmdb.org/t/p/w500/1OCHR9z9k7go669AsShOkTj4CFb.jpg
The Men Who Stare at Goats,https://image.tmdb.org/t/p/w500/5boJKypPQmgABssbKOk2RvsCnSv.jpg
Double Take,https://image.tmdb.org/t/p/w500/gNyudcF4Z8LVJn4IxauOptG6dcb.jpg
"Girl, Interrupted",https://image.tmdb.org/t/p/w500/dOBdatHIVppvmRFw2z7bf9VKJr9.jpg
Win a Date with Tad Hamilton!,https://image.tmdb.org/t/p/w500/5kXxbKlIEgMv0t8hLtZ3hfKLmG7.jpg
Muppets from Space,https://image.tmdb.org/t/p/w500/Aww9cF4uMsbald9ddhCYFoP4gBi.jpg
The Wiz,https://image.tmdb.org/t/p/w500/rgfB8hBRSwbEb0SK7pt9mW9jsyP.jpg
Ready to Rumble,https://image.tmdb.org/t/p/w500/fRJNUXbeTte3MmpCqCRs53W7HIR.jpg
Play It to the Bone,https://image.tmdb.org/t/p/w500/qSJl8pD17doJsAkou5mPvDogBQT.jpg
I Don't Know How She Does It,https://image.tmdb.org/t/p/w500/eUQfE21WB0qKfUx6yUAhmsCWTmX.jpg
Piranha 3D,https://image.tmdb.org/t/p/w500/lMLS2OFBbNYMSB1ZbVp4q2S4zTU.jpg
Beyond the Sea,https://image.tmdb.org/t/p/w500/wIewPJNyyTIMI5rQzcElc23jenW.jpg
Meet the Deedles,https://image.tmdb.org/t/p/w500/7hSCyqtYZ2ICMiV2rI5ZtZQTUnF.jpg
The Thief and the Cobbler,https://image.tmdb.org/t/p/w500/3OKtFuTxahr7hokPB9aO38qgOfc.jpg
The Bridge of San Luis Rey,https://image.tmdb.org/t/p/w500/jp26f92Z28eFVmwZ90Q09bnrBEB.jpg
Faster,https://image.tmdb.org/t/p/w500/AsUeaXrhw4oscCSjUZ6heh1pVvd.jpg
Howl's Moving Castle,https://image.tmdb.org/t/p/w500/13kOl2v0nD2OLbVSHnHk8GUFEhO.jpg
Zombieland,https://image.tmdb.org/t/p/w500/dUkAmAyPVqubSBNRjRqCgHggZcK.jpg
The Waterboy,https://image.tmdb.org/t/p/w500/miT42qWYC4D0n2mXNzJ9VfhheWW.jpg
The Empire Strikes Back,https://image.tmdb.org/t/p/w500/nNAeTmF4CtdSgMDplXTDPOpYzsX.jpg
Bad Boys,https://image.tmdb.org/t/p/w500/x1ygBecKHfXX4M2kRhmFKWfWbJc.jpg
The Naked Gun 2½: The Smell of Fear,https://image.tmdb.org/t/p/w500/v9niLQWVzVPB1cP1ThNdEaLZG1Q.jpg
Final Destination,https://image.tmdb.org/t/p/w500/1mXhlQMnlfvJ2frxTjZSQNnA9Vp.jpg
The Ides of March,https://image.tmdb.org/t/p/w500/w8t4UnJnC24S9ygoaFgmMzRbErd.jpg
Pitch Black,https://image.tmdb.org/t/p/w500/3AnlxZ5CZnhKKzjgFyY6EHxmOyl.jpg
Someone Like You...,https://image.tmdb.org/t/p/w500/9cMkJSl2TI4xe8lKNFduinafKpe.jpg
Her,https://image.tmdb.org/t/p/w500/eCOtqtfvn7mxGl6nfmq4b1exJRc.jpg
Joy Ride,https://image.tmdb.org/t/p/w500/1LVGjf1QWgkNNPQssZtuT1GYKoP.jpg
The Adventurer: The Curse of the Midas Box,https://image.tmdb.org/t/p/w500/31ykUoOS2RNdARk3B8z3y25gD8b.jpg
Anywhere But Here,https://image.tmdb.org/t/p/w500/2DNtxmXkotuaJexU57geTLIPnQf.jpg
The Crew,https://image.tmdb.org/t/p/w500/kdQOz5enVVz113zZQcuoqh3oACy.jpg
Haywire,https://image.tmdb.org/t/p/w500/c9fJ0dYC30NnE9k2p61c0dqlZqW.jpg
Jaws: The Revenge,https://image.tmdb.org/t/p/w500/ebYw9tR0iqBzDGA6HVBhtd2xJM3.jpg
Marvin's Room,https://image.tmdb.org/t/p/w500/lTHq1K5Y6EDRjxTBvReXHY6AKQ3.jpg
The Longshots,https://image.tmdb.org/t/p/w500/mrejNUR8giaAYIJkaLztELRrVXe.jpg
The End of the Affair,https://image.tmdb.org/t/p/w500/xTp5cyp6qG0YTdI4AEz4ytjODOQ.jpg
Harley Davidson and the Marlboro Man,https://image.tmdb.org/t/p/w500/4WRdrjHyLuHRwep2UJWBoIn6KTW.jpg
In the Valley of Elah,https://image.tmdb.org/t/p/w500/ufCkeypovY01Dm123I2aPvGUA5H.jpg
Coco Before Chanel,https://image.tmdb.org/t/p/w500/nNpP1P2EufA6TN7fQOBeHUIVmeH.jpg
Forsaken,https://image.tmdb.org/t/p/w500/fbTpSiqGn6ImqSAyawHlLf7goat.jpg
Cheri,https://image.tmdb.org/t/p/w500/b35rv11ebJdqCe5chVmSUZ0RIlX.jpg
Vanity Fair,https://image.tmdb.org/t/p/w500/6GCjrrd1XIl8VSwjKo8c94LTwtd.jpg
Bodyguards and Assassins,https://image.tmdb.org/t/p/w500/hEqqA5pSm62IcJ4YJAuMByme3zr.jpg
1408,https://image.tmdb.org/t/p/w500/yE9MCW7ZNxSw5SC1TMqm51pMBIV.jpg
Spaceballs,https://image.tmdb.org/t/p/w500/aHNeKtkNnyQcietzi2cgiYL8sC9.jpg
The Water Diviner,https://image.tmdb.org/t/p/w500/kIlVtC22BDNiiAiCvSZoOS7FhY9.jpg
Ghost,https://image.tmdb.org/t/p/w500/w9RaPHov8oM5cnzeE27isnFMsvS.jpg
There's Something About Mary,https://image.tmdb.org/t/p/w500/slJD1Dvnsf15LoeqhERsyzisAdn.jpg
The Santa Clause,https://image.tmdb.org/t/p/w500/hvV2rI60qOYELT7tHHLpxtafnBZ.jpg
The Rookie,https://image.tmdb.org/t/p/w500/gNmLsseIs6thkBKne91iQZDGyBT.jpg
The Game Plan,https://image.tmdb.org/t/p/w500/fcLFvIqCUrhY96mkSmr3okxaMEw.jpg
The Bridges of Madison County,https://image.tmdb.org/t/p/w500/aCBrhOQjhG397GLkEZ49zReQEKX.jpg
The Animal,https://image.tmdb.org/t/p/w500/oNxEXmKTZtECHs0bQbI6dQoXYMV.jpg
Gandhi,https://image.tmdb.org/t/p/w500/rOXftt7SluxskrFrvU7qFJa5zeN.jpg
The Hundred-Foot Journey,https://image.tmdb.org/t/p/w500/1vFhSr7INoulu18smHqicft05i8.jpg
The Net,https://image.tmdb.org/t/p/w500/dtupntUFMD5iXBo8HLfALt2ET4R.jpg
I Am Sam,https://image.tmdb.org/t/p/w500/3MUXRSyx9gnA2lLSSTGLN8cQQ42.jpg
Son of God,https://image.tmdb.org/t/p/w500/ayqHV0rHuAdMv8PS497W2OByGWk.jpg
Underworld,https://image.tmdb.org/t/p/w500/zsnQ41UZ3jo1wEeemF0eA9cAIU0.jpg
Derailed,https://image.tmdb.org/t/p/w500/bcCoOkwEBHUS5Y7Rm1u1oTLUHdb.jpg
The Informant!,https://image.tmdb.org/t/p/w500/eV8u5crNe4QYWcu0zjKxFVq2Qem.jpg
Shadowlands,https://image.tmdb.org/t/p/w500/5jTWY1M2O4Zhid4rLOpftzazRGn.jpg
Deuce Bigalow: European Gigolo,https://image.tmdb.org/t/p/w500/yXdQ4UGDFCsPrynJOdIk20AYLus.jpg
Delivery Man,https://image.tmdb.org/t/p/w500/huXHYDclKT4RM1OvS3O7SXYRAU0.jpg
Our Kind of Traitor,https://image.tmdb.org/t/p/w500/sYKzETDzreQKKazVj11J4Oy5Wgt.jpg
Saving Silverman,https://image.tmdb.org/t/p/w500/5mq8J11266ZL7HCOwDGXoaU6eIO.jpg
Diary of a Wimpy Kid: Dog Days,https://image.tmdb.org/t/p/w500/7pTvjELxw0f0E6sUPGtPEl4WD0S.jpg
Summer of Sam,https://image.tmdb.org/t/p/w500/yvGGA2CbT6xyFVTZUA9f2ok0q5V.jpg
Jay and Silent Bob Strike Back,https://image.tmdb.org/t/p/w500/aEsAdMAhwKYFgnHHxMOknktQYKK.jpg
The Glass House,https://image.tmdb.org/t/p/w500/16obDcmphjfq17zwWKJlur53fCh.jpg
"Hail, Caesar!",https://image.tmdb.org/t/p/w500/qvecZ7WyemhGW8fuJ8190p472jQ.jpg
Josie and the Pussycats,https://image.tmdb.org/t/p/w500/mHOix87RdBO3YQuyvFFZAZxpt5P.jpg
Homefront,https://image.tmdb.org/t/p/w500/xcFLM44jgl015wLe7lWC1C1bEEM.jpg
The Little Vampire,https://image.tmdb.org/t/p/w500/zBGfZGKX3KJnljxsX6r24lzRe0i.jpg
I Heart Huckabees,https://image.tmdb.org/t/p/w500/h27ytqXyOrAB6KmRx2abOp8p2W.jpg
RoboCop 3,https://image.tmdb.org/t/p/w500/ppLSSwCuC5ERRWbu9H3R8SPL9AM.jpg
Megiddo: The Omega Code 2,https://image.tmdb.org/t/p/w500/gBFh6xxEManI9YJ5acKBfhqT9Nu.jpg
Darling Lili,https://image.tmdb.org/t/p/w500/ugypriAtGu3LdUrp5bLkeIcg5Jf.jpg
Dudley Do-Right,https://image.tmdb.org/t/p/w500/4LP5BieqdFNlCFjxsvaA3d6hGGd.jpg
The Transporter Refueled,https://image.tmdb.org/t/p/w500/71kaQfdrMy0LHSeLRADsvlDGCgb.jpg
The Libertine,https://image.tmdb.org/t/p/w500/11bd8chDHTPWUaUwIYIVIfwS99u.jpg
Black Book,https://image.tmdb.org/t/p/w500/vZaYDWa3IqTNKsHCsUr72J4zTJ6.jpg
Joyeux Noël,https://image.tmdb.org/t/p/w500/9Ka8lKCIiWjnZiMslPQeakS5UhW.jpg
Hit & Run,https://image.tmdb.org/t/p/w500/2n3FTpj2AmucfvgZ5tunZxZ2Jvf.jpg
Mad Money,https://image.tmdb.org/t/p/w500/z6b6rQ1ZFEkM4tSt84yPtdAioCO.jpg
Before I Go to Sleep,https://image.tmdb.org/t/p/w500/1sSWpTupVixOanIpZdLGzsKvcZS.jpg
Sorcerer,https://image.tmdb.org/t/p/w500/2b7oexm173SF1FSEq0DdgxZZNRH.jpg
Stone,https://image.tmdb.org/t/p/w500/mcdN6DntOAOtKNQKcRKnfFayFis.jpg
Moliere,https://image.tmdb.org/t/p/w500/3nfp9JCCzt1QlRhEzQfz5EkjLYn.jpg
Out of the Furnace,https://image.tmdb.org/t/p/w500/cOuQQ4eRpSBxb0G9OXzWE1pHPeq.jpg
Michael Clayton,https://image.tmdb.org/t/p/w500/hhkW4yVIGo8Bee3UITKvqOvhNMG.jpg
My Fellow Americans,https://image.tmdb.org/t/p/w500/AkZUWdXXuOSat3J9HaHXm7HPtqA.jpg
Arlington Road,https://image.tmdb.org/t/p/w500/4yYHyZuyTTQaEZuHKS7561jXjtR.jpg
Underdogs,https://image.tmdb.org/t/p/w500/tJL0oyVmrwSpULCAGaTqs9VMTdM.jpg
To Rome with Love,https://image.tmdb.org/t/p/w500/sMmYRgvFRk5Ginhytx7ciU7UwVs.jpg
Firefox,https://image.tmdb.org/t/p/w500/xP6VaKdFEriMzPXe3j5YyDF3ryS.jpg
"South Park: Bigger, Longer & Uncut",https://image.tmdb.org/t/p/w500/tS0PedvA2mFO9VCHYwQpaU1K36U.jpg
Death at a Funeral,https://image.tmdb.org/t/p/w500/xyTxrJnjbSJQzcbKIP6S1uqLuxy.jpg
Teenage Mutant Ninja Turtles III,https://image.tmdb.org/t/p/w500/fwX5RdPDBFsbEAXc46DrvRz5Bca.jpg
Hardball,https://image.tmdb.org/t/p/w500/9RMcwwnK8a9WCt8dVlwmtNsFCg3.jpg
Silver Linings Playbook,https://image.tmdb.org/t/p/w500/fhHB1uvfFKKFbj6bTKE8xdtsjKi.jpg
Freedom Writers,https://image.tmdb.org/t/p/w500/81AdeUQT99N0xPg3j6RVh0YGOTk.jpg
For Colored Girls,https://image.tmdb.org/t/p/w500/lj7SFMEUL0BRi41TDdVTVcq70Gt.jpg
The Transporter,https://image.tmdb.org/t/p/w500/dncJ81z1BahrT3ogLvlxOUC5n4u.jpg
Never Back Down,https://image.tmdb.org/t/p/w500/8oRUTyP1QAtGDMvRpKZyuyFPG0U.jpg
The Rage: Carrie 2,https://image.tmdb.org/t/p/w500/jJmIf22gwwQPAFJfZ6Tr1MwSpRg.jpg
Away We Go,https://image.tmdb.org/t/p/w500/zWxjopWXpnC1vSbnO7mw2URna22.jpg
Swing Vote,https://image.tmdb.org/t/p/w500/aa5pWY2IVObKS7JZpfEw7Fe4FJk.jpg
Moonlight Mile,https://image.tmdb.org/t/p/w500/jKDnCPUkL4QsgeqKCtyNMPL2XUU.jpg
Tinker Tailor Soldier Spy,https://image.tmdb.org/t/p/w500/e0dZ7TapGY9HtJ9xk1TUHPEOccl.jpg
Molly,https://image.tmdb.org/t/p/w500/bKyRoZ8uutxdCMMmrVoivZJ0Mc7.jpg
The Beaver,https://image.tmdb.org/t/p/w500/nlaWgS7iIb6MG3t0FitV1xdPqIV.jpg
The Best Little Whorehouse in Texas,https://image.tmdb.org/t/p/w500/yw3PNR3NVeKKfLWv8SgFQnXoHZh.jpg
eXistenZ,https://image.tmdb.org/t/p/w500/kETKF0JhdTPn1knci8CAdYL0d79.jpg
Raiders of the Lost Ark,https://image.tmdb.org/t/p/w500/ceG9VzoRAVGwivFU403Wc3AHRys.jpg
Home Alone 2: Lost in New York,https://image.tmdb.org/t/p/w500/uuitWHpJwxD1wruFl2nZHIb4UGN.jpg
Close Encounters of the Third Kind,https://image.tmdb.org/t/p/w500/yaPx3cK9zGFX3SbcKwxWM1QIbUh.jpg
Pulse,https://image.tmdb.org/t/p/w500/9ePdNzKVvGHsMMphfS3HeoMvuEX.jpg
Beverly Hills Cop II,https://image.tmdb.org/t/p/w500/egDakU8O5yUwpUJP9IMAUVtIDll.jpg
Bringing Down the House,https://image.tmdb.org/t/p/w500/jic0ULHTcqQQaCSIEw6SAhHhIPA.jpg
The Silence of the Lambs,https://image.tmdb.org/t/p/w500/uS9m8OBk1A8eM9I042bx8XXpqAq.jpg
Wayne's World,https://image.tmdb.org/t/p/w500/fHwZnFNWR7PaS9t5EBwTvGPeoYQ.jpg
Jackass 3D,https://image.tmdb.org/t/p/w500/uPirN07su7LFixyZyLrNMMQ9u1E.jpg
Jaws 2,https://image.tmdb.org/t/p/w500/cN3ijEwsn4kBaRuHfcJpAQJbeWe.jpg
Beverly Hills Chihuahua,https://image.tmdb.org/t/p/w500/2aRvqtLoE06hTjG93lASvO7r1as.jpg
The Conjuring,https://image.tmdb.org/t/p/w500/wVYREutTvI2tmxr6ujrHT704wGF.jpg
Are We There Yet?,https://image.tmdb.org/t/p/w500/guDkMD4wrZ1BGUO7DFFBVzaiGij.jpg
Tammy,https://image.tmdb.org/t/p/w500/efsVMziwE9BNTDX5fNmYVA5oAzJ.jpg
School of Rock,https://image.tmdb.org/t/p/w500/zXLXaepIBvFVLU25DH3wv4IPSbe.jpg
Mortal Kombat,https://image.tmdb.org/t/p/w500/9YhpvhhvLrtL1wlwEfpVL16GI9d.jpg
White Chicks,https://image.tmdb.org/t/p/w500/aHTUpo45qy9QYIOnVITGGqLoVcA.jpg
The Descendants,https://image.tmdb.org/t/p/w500/8cDq5UlOPYeKm39okALCEOsZPxk.jpg
Holes,https://image.tmdb.org/t/p/w500/o2Dm2mcE1qW8vT0bpsJO5OMBbqa.jpg
The Last Song,https://image.tmdb.org/t/p/w500/76twEOHXAM2oKnvZYBI5bP6GeDu.jpg
12 Years a Slave,https://image.tmdb.org/t/p/w500/xdANQijuNrJaw1HA61rDccME4Tm.jpg
Drumline,https://image.tmdb.org/t/p/w500/zl7gdxYqKdFCioPT3DAkZR5DDUP.jpg
Why Did I Get Married Too?,https://image.tmdb.org/t/p/w500/ctWuunKnm8bcG8cz40wndtdvV0W.jpg
Edward Scissorhands,https://image.tmdb.org/t/p/w500/e0FqKFvGPdQNWG8tF9cZBtev9Em.jpg
Me Before You,https://image.tmdb.org/t/p/w500/Ia3dzj5LnCj1ZBdlVeJrbKJQxG.jpg
Madea's Witness Protection,https://image.tmdb.org/t/p/w500/4P6d7kVDB60Ydmk9WAhrPCWrARI.jpg
The French Connection,https://image.tmdb.org/t/p/w500/pH4saPwMjhnVGwmSH6RkMaHrt3s.jpg
Bad Moms,https://image.tmdb.org/t/p/w500/u9q10ljhkLj0tNCjlVqe3DCjoU4.jpg
Date Movie,https://image.tmdb.org/t/p/w500/xjLK0EmD0MAM7B049SRCUQaqkdL.jpg
Return to Never Land,https://image.tmdb.org/t/p/w500/wB3r2b8sxUZspqNyr8copMlt7se.jpg
Selma,https://image.tmdb.org/t/p/w500/2QyUcitU0hrxy6B2zkyJ0EhNlqm.jpg
The Jungle Book 2,https://image.tmdb.org/t/p/w500/21GanxizOIL1CN0HLx7j3je8k87.jpg
Boogeyman,https://image.tmdb.org/t/p/w500/5KffN0UcuAKJdUAcOvZ21OrqXc8.jpg
Premonition,https://image.tmdb.org/t/p/w500/vKW1XIYrIqVrbCaYj9FQDHKXR8R.jpg
The Tigger Movie,https://image.tmdb.org/t/p/w500/9OdZKUdGfaBAUwRLbtWpFWKbILO.jpg
Orphan,https://image.tmdb.org/t/p/w500/lCGpOgoTOGLtZnBiGY9HRg5Xnjd.jpg
Max,https://image.tmdb.org/t/p/w500/ulcAi4dKpAjHwYGS08vNyx9H6I9.jpg
Epic Movie,https://image.tmdb.org/t/p/w500/l0lGJiTzU2Ce6T31DIRWv7I0kaC.jpg
Spotlight,https://image.tmdb.org/t/p/w500/8DPGG400FgaFWaqcv11n8mRd2NG.jpg
Lakeview Terrace,https://image.tmdb.org/t/p/w500/A1kqp2hALf8Gd03vDACnR0EtFWo.jpg
The Grudge 2,https://image.tmdb.org/t/p/w500/oHLeYXqA8P0jVIY2C8kQFyQTzkr.jpg
How Stella Got Her Groove Back,https://image.tmdb.org/t/p/w500/ygmuaJDLYxWJo8eNhq0A63hagrQ.jpg
Bill & Ted's Bogus Journey,https://image.tmdb.org/t/p/w500/tldtDfLnPFOtTWp758EmIP2Hbz5.jpg
Man of the Year,https://image.tmdb.org/t/p/w500/s1etp9ZqcRqZVfonrdFJbQ6mgk9.jpg
The Black Hole,https://image.tmdb.org/t/p/w500/gCqOJWvOK5UPospyrLANKfwRBlG.jpg
The American,https://image.tmdb.org/t/p/w500/5OEOsRaBsSxD0qBtAhus0iKDzr.jpg
Selena,https://image.tmdb.org/t/p/w500/j8xX3yBAFOayfSaImgLZPnAcdWz.jpg
Vampires Suck,https://image.tmdb.org/t/p/w500/ksPKfoXovAiFnBktkCBefsRQ8a1.jpg
Babel,https://image.tmdb.org/t/p/w500/bZByZbvU7u14WjoUJERqCRW9saN.jpg
This Is Where I Leave You,https://image.tmdb.org/t/p/w500/rVUI2267FdetVWz9UBQbqTmRVhQ.jpg
Doubt,https://image.tmdb.org/t/p/w500/9lypT2ghNuUPYVJf66oe4fKvUqI.jpg
Team America: World Police,https://image.tmdb.org/t/p/w500/m1Q2VFe1DVVbjfu1LDZe7tlp9yb.jpg
Texas Chainsaw 3D,https://image.tmdb.org/t/p/w500/dwIQ7WDCSiIcNdbferTcU7uI0KV.jpg
Copycat,https://image.tmdb.org/t/p/w500/oMgwJb016znNZcpDR20eXxZoW8A.jpg
Scary Movie 5,https://image.tmdb.org/t/p/w500/vBqLLxE6GaAPhO6v9EFvFbLZ7Ap.jpg
Paint Your Wagon,https://image.tmdb.org/t/p/w500/fwnYGuba3ZSM2bXwBZZs4DqqKTl.jpg
Milk,https://image.tmdb.org/t/p/w500/ot4ImF4b7QbS6XsTdMH3pWxNmX2.jpg
Risen,https://image.tmdb.org/t/p/w500/6hGh4z503k8wA8mLlmvwhTSGja.jpg
Ghost Ship,https://image.tmdb.org/t/p/w500/qT9jhRnf67dmMNpX2FmNPMeuW57.jpg
A Very Harold & Kumar Christmas,https://image.tmdb.org/t/p/w500/cncxLilRHKayn8VKhzjAMHkbN4f.jpg
Wild Things,https://image.tmdb.org/t/p/w500/wrcTDD9T7Ga5c9MW7kaOo2qwIvW.jpg
The Stepfather,https://image.tmdb.org/t/p/w500/bTolBUgHeU4Tcq8HjBxL92f9wLm.jpg
The Debt,https://image.tmdb.org/t/p/w500/zlavkPAIzIIQppcU9vcQrKZjfmb.jpg
High Fidelity,https://image.tmdb.org/t/p/w500/e2LZGB62GMhv3Fo8tDZjY87I81a.jpg
One Missed Call,https://image.tmdb.org/t/p/w500/9pIvQaQV0sMHx7d3Ys9qTK9YqTZ.jpg
Eye for an Eye,https://image.tmdb.org/t/p/w500/y2lZSdJ1o0VvLegTw3ad6KFtxra.jpg
The Bank Job,https://image.tmdb.org/t/p/w500/bfXjFTytfFTdo9WeO7lYqzkHG7g.jpg
Eternal Sunshine of the Spotless Mind,https://image.tmdb.org/t/p/w500/5MwkWH9tYHv3mV9OdYTMR5qreIz.jpg
You Again,https://image.tmdb.org/t/p/w500/9qI5JE6yjmtakTankuDOMZ1vgEx.jpg
Street Kings,https://image.tmdb.org/t/p/w500/iTO7sBfVTr7LUqiFtGeFW7g2Ncf.jpg
The World's End,https://image.tmdb.org/t/p/w500/kpglnOBYmKn0AkkWDzGxzKHDbds.jpg
Nancy Drew,https://image.tmdb.org/t/p/w500/a1aAZolyLFRwKhs0IWhFyTa8Z2Z.jpg
Daybreakers,https://image.tmdb.org/t/p/w500/xFZH2l9UOyIclk2ZFWNHQ38B2RP.jpg
She's Out of My League,https://image.tmdb.org/t/p/w500/mpYHjyPX0DAxbsnWKmSK5jZ1s4T.jpg
Monte Carlo,https://image.tmdb.org/t/p/w500/dcbqyycrWA56HXq5lm41HYuED8Y.jpg
Stay Alive,https://image.tmdb.org/t/p/w500/hsSJwroE7jugEROB8tmyxJP91Ho.jpg
Quigley Down Under,https://image.tmdb.org/t/p/w500/sRgeovNyj1pARroKclXzJhOwPbW.jpg
Alpha and Omega,https://image.tmdb.org/t/p/w500/7YVyH5sS6kLQRsSDF5dhhR0BWeh.jpg
The Covenant,https://image.tmdb.org/t/p/w500/r6jbhgqKao3K3in4eftu7gqgMNH.jpg
Stick It,https://image.tmdb.org/t/p/w500/uMcylxIC7nBpBd8Uf6Apr4MJ1pf.jpg
Shorts,https://image.tmdb.org/t/p/w500/mgVuriiCXK1cGoXzZD7kO9w28DF.jpg
To Die For,https://image.tmdb.org/t/p/w500/whz4bwvqE1OmQHIyqHdZD8jU9CO.jpg
Nerve,https://image.tmdb.org/t/p/w500/qmSpHC0CSNyNll9WhlwWYuwoQ28.jpg
Appaloosa,https://image.tmdb.org/t/p/w500/kQB0uxR3RDS2tGTZtBuFow9SF1T.jpg
Vampires,https://image.tmdb.org/t/p/w500/4JhaFBPwyC5IM1rKaRR07Gzutse.jpg
Psycho,https://image.tmdb.org/t/p/w500/yz4QVqPx3h1hD1DfqqQkCq3rmxW.jpg
My Best Friend's Girl,https://image.tmdb.org/t/p/w500/4Zn149rIsfIwBZZwIwuryRzVbon.jpg
Endless Love,https://image.tmdb.org/t/p/w500/7WDqvNmy4p6IJx8JjvzOtaV2IRr.jpg
Georgia Rule,https://image.tmdb.org/t/p/w500/9C7VaTib40dBaBrefxFesQ7pbKW.jpg
Under the Rainbow,https://image.tmdb.org/t/p/w500/mCdXzpghn4tPz6hbQcvS2UwOh1C.jpg
Ladyhawke,https://image.tmdb.org/t/p/w500/vJA2Fhw2uBMiVFdBde2kH7kZ2gw.jpg
Simon Birch,https://image.tmdb.org/t/p/w500/vRJcV9l3tLFoUWZel9RikS3nfJ6.jpg
Reign Over Me,https://image.tmdb.org/t/p/w500/b5EtDvwj2gdG1qMBLijamlLfJLB.jpg
Into the Wild,https://image.tmdb.org/t/p/w500/jnLnLYP5pGDfri04gxtAqAvkHMw.jpg
School for Scoundrels,https://image.tmdb.org/t/p/w500/ffudFsgDUBfxbesYELDIrNtKdkz.jpg
Silent Hill: Revelation 3D,https://image.tmdb.org/t/p/w500/rkAh9cPkb5PoTzEGWfBkhdFNIsf.jpg
From Dusk Till Dawn,https://image.tmdb.org/t/p/w500/sV3kIAmvJ9tPz4Lq5fuf9LLMxte.jpg
Pooh's Heffalump Movie,https://image.tmdb.org/t/p/w500/5kd5JqccroxOnC9sVMP5NtLrbkr.jpg
Home for the Holidays,https://image.tmdb.org/t/p/w500/3zqlKdOttWyExzopVxglz50Vjxq.jpg
Kung Fu Hustle,https://image.tmdb.org/t/p/w500/exbyTbrvRUDKN2mcNEuVor4VFQW.jpg
The Country Bears,https://image.tmdb.org/t/p/w500/h6mm3z7Wf4y1rJGHxqjVTTHl217.jpg
The Kite Runner,https://image.tmdb.org/t/p/w500/dom2esWWW8C9jS2v7dOhW48LwHh.jpg
21 Grams,https://image.tmdb.org/t/p/w500/wZ0l6or5juuVWqDkLEgaghs4f9l.jpg
Paparazzi,https://image.tmdb.org/t/p/w500/m9swmQKxrbRTYY3wN2bWmRiebM4.jpg
A Guy Thing,https://image.tmdb.org/t/p/w500/wWiPuP1wMW32pjX8Q9TEj69TxWI.jpg
Loser,https://image.tmdb.org/t/p/w500/nOqWmYfgvpUA6gZjvdB0Cg24kA4.jpg
Capitalism: A Love Story,https://image.tmdb.org/t/p/w500/zJBkIPakBXdu3cEgGqKCPHUNXVE.jpg
The Greatest Story Ever Told,https://image.tmdb.org/t/p/w500/c21ON7BZn0jwdNl6ibZ1vhXJmpy.jpg
Secret in Their Eyes,https://image.tmdb.org/t/p/w500/gJl4iTxQlazkPCplGmSLGBUwqg9.jpg
Disaster Movie,https://image.tmdb.org/t/p/w500/3J8XKUfhJiNzwobUZVtizXYPe8b.jpg
Armored,https://image.tmdb.org/t/p/w500/oQrAXGkBy84FyGpWrY71ptqs7zD.jpg
The Man Who Knew Too Little,https://image.tmdb.org/t/p/w500/yVlIZa0u6CTN5LudxGX77Fk46iz.jpg
What's Your Number?,https://image.tmdb.org/t/p/w500/eqn3UeXMY9W1Ow3jIZ6COqbjUWX.jpg
Lockout,https://image.tmdb.org/t/p/w500/i5QfNIcg6hc327IWUerea0EczP4.jpg
Envy,https://image.tmdb.org/t/p/w500/RMaKg5mVnGVI0z3SvIgS7hYPUt.jpg
Crank: High Voltage,https://image.tmdb.org/t/p/w500/tzTC4EEvF0OPL63frEiogxL2T8M.jpg
Bullets Over Broadway,https://image.tmdb.org/t/p/w500/mY9D1oCLeDKNMdUO8EV7MoCZ3up.jpg
One Night with the King,https://image.tmdb.org/t/p/w500/9ejzABqu2bqjuqSSUk5OwPAnedZ.jpg
The Quiet American,https://image.tmdb.org/t/p/w500/nLooNNrvzpf49G7HsB9siQT4036.jpg
The Weather Man,https://image.tmdb.org/t/p/w500/oQilVzOxLPxvBn9hAuvGpKTpONM.jpg
Undisputed,https://image.tmdb.org/t/p/w500/q8smM97IBBEWmkaUCmkPqysh7k7.jpg
Ghost Town,https://image.tmdb.org/t/p/w500/b8VS14DwpLlugTxVWSllYU0Gjn5.jpg
12 Rounds,https://image.tmdb.org/t/p/w500/7k7qhrO57sVoBLrNo5HYoTp24sT.jpg
Let Me In,https://image.tmdb.org/t/p/w500/rgNb9nwPKwV45c5PTvFqFmpzGt0.jpg
3 Ninjas Kick Back,https://image.tmdb.org/t/p/w500/kXuh3c0DyvqSGo0DBatoemBwEtz.jpg
Be Kind Rewind,https://image.tmdb.org/t/p/w500/f0oX20YrQEiVPDH9InCQ1d3Cm66.jpg
Mrs Henderson Presents,https://image.tmdb.org/t/p/w500/rFmx0ajncGacM8Ono9vpXiHt7Vy.jpg
Triple 9,https://image.tmdb.org/t/p/w500/q2kIq9yzEkOVhl1aeo0alJHtdfz.jpg
Deconstructing Harry,https://image.tmdb.org/t/p/w500/i7Z5DdznqANJUjqWISEFu9bw6J7.jpg
Three to Tango,https://image.tmdb.org/t/p/w500/z2EhRgWvzNa2NgoX0uModV6mEb2.jpg
Burnt,https://image.tmdb.org/t/p/w500/iptu4zfvbeULkeuoVkTl2mOqTPS.jpg
We're No Angels,https://image.tmdb.org/t/p/w500/5XBVURkON7jyzxr0cONWeTbgAov.jpg
Everyone Says I Love You,https://image.tmdb.org/t/p/w500/cFOZ4bNbWtnIIboc43M86yhwPBX.jpg
Death Sentence,https://image.tmdb.org/t/p/w500/3rdEAMh4a3pc7GO6fSkJwpt7BWX.jpg
Everybody's Fine,https://image.tmdb.org/t/p/w500/qnC4ypkpviWgp4aHsXvWym38v56.jpg
Superbabies: Baby Geniuses 2,https://image.tmdb.org/t/p/w500/7viULokoVzqrgVj0EljfXDzEKMk.jpg
The Man,https://image.tmdb.org/t/p/w500/oQilVzOxLPxvBn9hAuvGpKTpONM.jpg
Code Name: The Cleaner,https://image.tmdb.org/t/p/w500/wSQkv51ygnds56lylNavYJzLmNZ.jpg
Connie and Carla,https://image.tmdb.org/t/p/w500/mR0K8S5s2c5uxpcevnVam17HFrh.jpg
Sweet Charity,https://image.tmdb.org/t/p/w500/brwDwtckSCp2t4Hz3JU3vwCv83h.jpg
Inherent Vice,https://image.tmdb.org/t/p/w500/pfVua7TzzttOh3RTOuBqT7xN0oY.jpg
Doogal,https://image.tmdb.org/t/p/w500/4Z7h8xDBxQADSPFGj7vmMN76ynX.jpg
Battle of the Year,https://image.tmdb.org/t/p/w500/dB4L9yt9eFbVhx8tSuDUHoMeN4x.jpg
An American Carol,https://image.tmdb.org/t/p/w500/uEDdzt1ZTB1BRo95gMkBytl0NqM.jpg
Machete Kills,https://image.tmdb.org/t/p/w500/uAl0YzUf2NHm7PqjsilmeCDbQNb.jpg
Willard,https://image.tmdb.org/t/p/w500/hRVP8Ud9ehv7tp5WWQ4CHk2XNus.jpg
Strange Wilderness,https://image.tmdb.org/t/p/w500/6tamhOw4dSgn4lonjZyhEhIt9Wm.jpg
Topsy-Turvy,https://image.tmdb.org/t/p/w500/nxHjVAVOFgWbD2RptBBCLVO6SIR.jpg
Little Boy,https://image.tmdb.org/t/p/w500/lAU9pgq3niI6sFemcKm4FGGmrnW.jpg
A Dangerous Method,https://image.tmdb.org/t/p/w500/7TPYtzq9ABkfED1JB0tRASamL4z.jpg
A Scanner Darkly,https://image.tmdb.org/t/p/w500/lUKudOpHICDj6A6SO7DdaZM4W48.jpg
Chasing Mavericks,https://image.tmdb.org/t/p/w500/7wxJmFqTMcdE05sfWedB6458US1.jpg
Alone in the Dark,https://image.tmdb.org/t/p/w500/bSxrbVCyWW077zhtpuYlo3zgyug.jpg
Bandslam,https://image.tmdb.org/t/p/w500/z654TmQygFasbyi52vwHv8fWxoi.jpg
Birth,https://image.tmdb.org/t/p/w500/z70iQ61WqhxETAz8ar2oD8pkIM.jpg
A Most Violent Year,https://image.tmdb.org/t/p/w500/gYTUNxLcFomCdXe3D4Hq8OLwgv0.jpg
Passchendaele,https://image.tmdb.org/t/p/w500/2FMtSxzF2fR5dx5was9Kftjag0U.jpg
Flash of Genius,https://image.tmdb.org/t/p/w500/14gyR9JMVfngQlolzD2N365ZeRz.jpg
I'm Not There.,https://image.tmdb.org/t/p/w500/bucgvB7gQqcl1m71efHkenfIMTj.jpg
The Cold Light of Day,https://image.tmdb.org/t/p/w500/jLmKMhibZjHUYtsHQLIa5UBwqcc.jpg
The Brothers Bloom,https://image.tmdb.org/t/p/w500/xIz8iwzyjgWGzcIwHKpqhBs77ML.jpg
"Synecdoche, New York",https://image.tmdb.org/t/p/w500/5UwdhrjXhUgsiDhe1dpS9z4yj7q.jpg
Princess Mononoke,https://image.tmdb.org/t/p/w500/cMYCDADoLKLbB83g4WnJegaZimC.jpg
Bon voyage,https://image.tmdb.org/t/p/w500/2pP1STSvXOv6jITKQnaZfI1xXB6.jpg
Can't Stop the Music,https://image.tmdb.org/t/p/w500/j4Qu0WPS04bYOLwV3d9vSSsvYQb.jpg
The Proposition,https://image.tmdb.org/t/p/w500/bbSHSJuO5XjrIKMh6QXXLTg3Yzr.jpg
My All American,https://image.tmdb.org/t/p/w500/yFVCCtA5f07vyc9IYscmSJpvoPB.jpg
Marci X,https://image.tmdb.org/t/p/w500/8gDhnXFVARqa5F2sCZdelDhiVjc.jpg
Equilibrium,https://image.tmdb.org/t/p/w500/q6VzUsHs4Z3myBHkrPAA3avfGwn.jpg
The Children of Huang Shi,https://image.tmdb.org/t/p/w500/qjmo26BnSimVjhCE97cH8VCtEUV.jpg
The Yards,https://image.tmdb.org/t/p/w500/AtwXtU8CDWvVADgOwRkOSRZFPWI.jpg
The Oogieloves in the Big Balloon Adventure,https://image.tmdb.org/t/p/w500/qb6KVMsqljMnqYNLtOUfOIJrS6A.jpg
By the Sea,https://image.tmdb.org/t/p/w500/oEyeG4UyAQvYIJiFpUV57Q3PTDp.jpg
Steamboy,https://image.tmdb.org/t/p/w500/he3fyAy1OUruuwhiv2xvup8H3pc.jpg
The Game of Their Lives,https://image.tmdb.org/t/p/w500/iZkVLxvWfx9PzuixNnlVz1Y9fa6.jpg
All Good Things,https://image.tmdb.org/t/p/w500/3RM8SyB0yHanJbYeHdgi5eLv21C.jpg
Rapa Nui,https://image.tmdb.org/t/p/w500/7SGV2gjYWKQezXOLGdbzPuaYxo2.jpg
CJ7,https://image.tmdb.org/t/p/w500/sRzSfpSb3wYYshbaiMRIuFCJJGU.jpg
The Visitors II: The Corridors of Time,https://image.tmdb.org/t/p/w500/c1xMb4GfTuyKSRUoeewBF27dtKa.jpg
Dylan Dog: Dead of Night,https://image.tmdb.org/t/p/w500/nZdYn5IktnGVg7pRA2JHD1rdZDH.jpg
People I Know,https://image.tmdb.org/t/p/w500/7FsbWJq43lQGCIPxe8z3zBwEIkh.jpg
The Tempest,https://image.tmdb.org/t/p/w500/9xnDtCsEoaooYYwmqrB2PBFVPag.jpg
Regression,https://image.tmdb.org/t/p/w500/luHpMTmU1ygtEgdOTSSj0i9nd8E.jpg
Three Kingdoms: Resurrection of the Dragon,https://image.tmdb.org/t/p/w500/wOouWlgSMxlAQow8YdxyssywPJN.jpg
Butterfly on a Wheel,https://image.tmdb.org/t/p/w500/qcjjYcMaaSKD2C8xn0hy6o6yj2L.jpg
Zambezia,https://image.tmdb.org/t/p/w500/7aJl440TlbyqthklVrvCnSbjKYe.jpg
Ramanujan,https://image.tmdb.org/t/p/w500/43d0IzrPaapqrYRHkfKfnpSNEKm.jpg
Dwegons,https://image.tmdb.org/t/p/w500/eCWjbEI7v3ThQ32gM3aiID568P4.jpg
Hands of Stone,https://image.tmdb.org/t/p/w500/rpAYkkc7ltnxnMXOZLPuI9A6cuB.jpg
Survivor,https://image.tmdb.org/t/p/w500/npyCpfYyYknFoY2iJPyfqp70FVX.jpg
The Frozen Ground,https://image.tmdb.org/t/p/w500/hHDj1h3lJvYd9Cervoswz9crhWg.jpg
The Painted Veil,https://image.tmdb.org/t/p/w500/k41IvHDLgZO2ae7RuU77wQjScIj.jpg
The Baader Meinhof Complex,https://image.tmdb.org/t/p/w500/36Y0UT6bXnkHBGmmVFWGEnEh8nI.jpg
Dances with Wolves,https://image.tmdb.org/t/p/w500/hw0ZEHAaTqTxSXGVwUFX7uvanSA.jpg
Bad Teacher,https://image.tmdb.org/t/p/w500/zpIY4qUSX91J9XpPgr0hFrk1eKr.jpg
Sea of Love,https://image.tmdb.org/t/p/w500/vJ88WmJ12eAK9CRb3cggn9CJthH.jpg
A Cinderella Story,https://image.tmdb.org/t/p/w500/ukwP7gDPWxj1R1dW5iN3mnxkL3D.jpg
Scream,https://image.tmdb.org/t/p/w500/3O3klyyYpAZBBE4n7IngzTomRDp.jpg
Thir13en Ghosts,https://image.tmdb.org/t/p/w500/6yrrddjIjx0ElCRZp5pTZeqrj3k.jpg
The Shining,https://image.tmdb.org/t/p/w500/uAR0AWqhQL1hQa69UDEbb2rE5Wx.jpg
Back to the Future,https://image.tmdb.org/t/p/w500/vN5B5WgYscRGcQpVhHl6p9DDTP0.jpg
House on Haunted Hill,https://image.tmdb.org/t/p/w500/weiGTsZqBglKxkIn5xj1nEjxn81.jpg
I Can Do Bad All By Myself,https://image.tmdb.org/t/p/w500/kl8RNyG7jokw2pTLJNwkPhsBAL9.jpg
Fight Valley,https://image.tmdb.org/t/p/w500/jIPWkzF9srlU8eZTldLM6JYZwkO.jpg
The Switch,https://image.tmdb.org/t/p/w500/oJdMT6RGtbvQ26Tk7EHGfG8xZ6.jpg
Just Married,https://image.tmdb.org/t/p/w500/FRqnYDjbstsCgLSJJ3SifOh2ca.jpg
The Devil's Double,https://image.tmdb.org/t/p/w500/sDnnV0QbfvXthf8K4cYod4HVlug.jpg
Thomas and the Magic Railroad,https://image.tmdb.org/t/p/w500/aPEJ36e8a7gLu28KVfsGDQdmruk.jpg
The Crazies,https://image.tmdb.org/t/p/w500/xSNgBJL9WKMHwl42gZXeRsQXFa1.jpg
Spirited Away,https://image.tmdb.org/t/p/w500/39wmItIWsg5sZMyRUHLkWBcuVCM.jpg
Firestorm,https://image.tmdb.org/t/p/w500/zKdycnWFGNIALAxEZcTWRtrfWNW.jpg
The Bounty,https://image.tmdb.org/t/p/w500/hXFXIc6F4NXI5emWCKcUwqEPjIZ.jpg
The Book Thief,https://image.tmdb.org/t/p/w500/wj4U5sMLcJMa3WR9CpRR9e2sdgZ.jpg
Sex Drive,https://image.tmdb.org/t/p/w500/aO4swvDjqW635lesjYbytrEhBsn.jpg
Leap Year,https://image.tmdb.org/t/p/w500/i86hMi5iEF3WnYLCaGHdT5FPdYg.jpg
The Fall of the Roman Empire,https://image.tmdb.org/t/p/w500/ggrPUKNYFZ6ogs896ZiT0lQG9Tr.jpg
Take Me Home Tonight,https://image.tmdb.org/t/p/w500/nInduPOusI1alDIC0UttFjDIKsO.jpg
Won't Back Down,https://image.tmdb.org/t/p/w500/7Repugxu8BQXMYSGpzqRrBjFRna.jpg
The Nutcracker,https://image.tmdb.org/t/p/w500/mKGGzL6o27cOurOO0gCUopDCxts.jpg
Kansas City,https://image.tmdb.org/t/p/w500/deD8SAbQYGvzcpRr50HUb9uj8xJ.jpg
Indignation,https://image.tmdb.org/t/p/w500/lh3tx877oO0z88L8NZRMJrLXu1z.jpg
The Amityville Horror,https://image.tmdb.org/t/p/w500/7VMscq0659xKmcXzd86de1DGV4W.jpg
Adaptation.,https://image.tmdb.org/t/p/w500/ffEmHQAiD0m5dEQ6rlsuA9vlllW.jpg
Land of the Dead,https://image.tmdb.org/t/p/w500/xxp0qcZ3n2YA53SIzWilDSfIaA4.jpg
Out of Inferno,https://image.tmdb.org/t/p/w500/xiXP1HoGKxwo8gu7g2hlQPWNBkV.jpg
Fear and Loathing in Las Vegas,https://image.tmdb.org/t/p/w500/tisNLcMkxryU2zxhi0PiyDFqhm0.jpg
The Invention of Lying,https://image.tmdb.org/t/p/w500/clP8tDZeM9jgnqmu4VBClBDpLtS.jpg
Neighbors,https://image.tmdb.org/t/p/w500/sN1RU08CMi8xkRIibremh3AOdgw.jpg
The Mask,https://image.tmdb.org/t/p/w500/jPC2eYub74zwf2tPGVtzSlBW6Oy.jpg
Big,https://image.tmdb.org/t/p/w500/eWhCDJiwxvx3YXkAFRiHjimnF0j.jpg
Borat: Cultural Learnings of America for Make Benefit Glorious Nation of Kazakhstan,https://image.tmdb.org/t/p/w500/7g9kBHMN2KTr5KUf8aen187Mdn.jpg
Legally Blonde,https://image.tmdb.org/t/p/w500/9ohlMrJHQqKhfUKh7Zr3JQqHNLZ.jpg
Star Trek III: The Search for Spock,https://image.tmdb.org/t/p/w500/yqEj0oPfKBMCz7YcCARHDgH7VFm.jpg
The Exorcism of Emily Rose,https://image.tmdb.org/t/p/w500/qMN0HIP34f736kkQcfvTfmL9TP3.jpg
Deuce Bigalow: Male Gigolo,https://image.tmdb.org/t/p/w500/w0UKAcY4fAPuQW2GhAoIMwutIA5.jpg
Left Behind,https://image.tmdb.org/t/p/w500/b9Q2WR62yB5Aq0hd6kyRFS9cc3Y.jpg
The Family Stone,https://image.tmdb.org/t/p/w500/nlqw53HmTP7o3b2NDttYNOtsK4V.jpg
Barbershop 2:  Back in Business,https://image.tmdb.org/t/p/w500/n4sOe401udZJWJEOvKvSs3peZcB.jpg
Bad Santa,https://image.tmdb.org/t/p/w500/rfClLIyeHqpMofmrPY8DaLe4z9x.jpg
Austin Powers: International Man of Mystery,https://image.tmdb.org/t/p/w500/5uD4dxNX8JKFjWKYMHyOsqhi5pN.jpg
My Big Fat Greek Wedding 2,https://image.tmdb.org/t/p/w500/lfPqApnLVPsYfdbpSHNnHIxTdmd.jpg
Diary of a Wimpy Kid: Rodrick Rules,https://image.tmdb.org/t/p/w500/w77ZoDmHNf6lnk8NWsXqWYOQqnp.jpg
Predator,https://image.tmdb.org/t/p/w500/aN3cdjIK70KGmD84et8MMblU87Q.jpg
Amadeus,https://image.tmdb.org/t/p/w500/gQRfiyfGvr1az0quaYyMram3Aqt.jpg
Prom Night,https://image.tmdb.org/t/p/w500/pKSeyN02R5khphImEIpAdBjQgEP.jpg
Mean Girls,https://image.tmdb.org/t/p/w500/2ZkuQXvVhh45uSvkBej4S7Ix1NJ.jpg
Under the Tuscan Sun,https://image.tmdb.org/t/p/w500/3vQUQwdtfPt1Sl2GZrIECWWA0dk.jpg
Gosford Park,https://image.tmdb.org/t/p/w500/7r8DeZuaaHCiOEbkqZC6MFmwJ69.jpg
Peggy Sue Got Married,https://image.tmdb.org/t/p/w500/tfuQcvQmURiMqB2VPwytU3cPpEm.jpg
Birdman,https://image.tmdb.org/t/p/w500/rFERAyRuI6nuWKaLTpcjowOoQPC.jpg
Blue Jasmine,https://image.tmdb.org/t/p/w500/nsj0RLRI10351uYMoAKPur6Derd.jpg
United 93,https://image.tmdb.org/t/p/w500/r3mdSgsnpoi4UiUufdybhjha68t.jpg
Honey,https://image.tmdb.org/t/p/w500/gnY6d7BoddAAQ8s42fxCJK8lL1A.jpg
Spy Hard,https://image.tmdb.org/t/p/w500/yoegp9XEG4YCbJJKR0wvm0BGYpG.jpg
The Fog,https://image.tmdb.org/t/p/w500/12EeSboRofP3CI4SPmMFNNXCbtY.jpg
Soul Surfer,https://image.tmdb.org/t/p/w500/cvgRxrEupUFeJ0xzUExJo4dMXbL.jpg
Catch-22,https://image.tmdb.org/t/p/w500/eSB3i3vvFiRTszmZVawWqROzM6p.jpg
Observe and Report,https://image.tmdb.org/t/p/w500/zHuouWUKlRK0SeIjzTlmtoPLrFA.jpg
Conan the Destroyer,https://image.tmdb.org/t/p/w500/m5i7S46DT1ESy7URkh2l92awGRr.jpg
Raging Bull,https://image.tmdb.org/t/p/w500/1WV7WlTS8LI1L5NkCgjWT9GSW3O.jpg
Love Happens,https://image.tmdb.org/t/p/w500/ijRJlhAZ7QMkTIVAUkIY8stWfk1.jpg
Young Sherlock Holmes,https://image.tmdb.org/t/p/w500/aOxVYvQoAfNSns4hW5Ah55GBzgq.jpg
Fame,https://image.tmdb.org/t/p/w500/ewuGn4kxsqbYfgSO8Y5kzYlBcKE.jpg
127 Hours,https://image.tmdb.org/t/p/w500/h0RMdn0rfl9l5hWXz3tUh6QVkhi.jpg
Small Time Crooks,https://image.tmdb.org/t/p/w500/eIJRFZFDmh0xXPlKt3WwN5fiSLe.jpg
Center Stage,https://image.tmdb.org/t/p/w500/95Et0t08Nv6S8FD593HpXyvcRt8.jpg
Love the Coopers,https://image.tmdb.org/t/p/w500/fPW1BHZhUEViOmDAHFfyLezoQdI.jpg
Catch That Kid,https://image.tmdb.org/t/p/w500/vNZTtrzrIsIAHzqH3143oWIzFjG.jpg
Life as a House,https://image.tmdb.org/t/p/w500/qNFlcei9vWh5NCRTVrs52qDvUmq.jpg
Steve Jobs,https://image.tmdb.org/t/p/w500/ljiRO29Y9khEERRqMluptUYunJ9.jpg
"I Love You, Beth Cooper",https://image.tmdb.org/t/p/w500/mUi6nEbo04DR1YwflbZX1RR7UwS.jpg
Youth in Revolt,https://image.tmdb.org/t/p/w500/3J48x7Utjx0sdYIvjsMWnlEbxpV.jpg
The Legend of the Lone Ranger,https://image.tmdb.org/t/p/w500/6AgJFQsZm3JHry8ek13X0xKGWt6.jpg
The Tailor of Panama,https://image.tmdb.org/t/p/w500/na80ysnoCvoxwGTMWCWYvnmaDlz.jpg
Blow Out,https://image.tmdb.org/t/p/w500/uFzMscVLDrTaYd6KXOXlr6dly7w.jpg
Getaway,https://image.tmdb.org/t/p/w500/z4sEWm1ykf9WX5WJU4XMD4oI5sI.jpg
The Ice Storm,https://image.tmdb.org/t/p/w500/3a6uLta7K8Dzojps4RoJAPHD0km.jpg
And So It Goes,https://image.tmdb.org/t/p/w500/bJoWtA8OAIqavlb5mbx3EzvxFUA.jpg
Troop Beverly Hills,https://image.tmdb.org/t/p/w500/2HOzh7t2THdZ3r9BaDucEjfzLlL.jpg
Being Julia,https://image.tmdb.org/t/p/w500/wiJp4pN2bYgtWQqZYZhGNLeFmx8.jpg
Nine 1/2 Weeks,https://image.tmdb.org/t/p/w500/aE1iunrgO8UHfoXKJcjCy4Ih17n.jpg
Dragonslayer,https://image.tmdb.org/t/p/w500/92VXAEwbjebYqTeUa7uX5bBtDuD.jpg
The Last Station,https://image.tmdb.org/t/p/w500/nf9cYwKcvxTbSsCz4o6eRJ8P0IH.jpg
Ed Wood,https://image.tmdb.org/t/p/w500/n8SrO3WbyuY2b6KazogqbQF348C.jpg
Labor Day,https://image.tmdb.org/t/p/w500/iQdbCtk1Q3TdZRBKSLU1Vh870l7.jpg
Mongol: The Rise of Genghis Khan,https://image.tmdb.org/t/p/w500/8hlyJVMKFJNJb8QRtdfjage2tGF.jpg
RockNRolla,https://image.tmdb.org/t/p/w500/6mLXG2f7LBRpbZZgxsOFO5scgzd.jpg
Megaforce,https://image.tmdb.org/t/p/w500/hX5p2thHjpARwAs6MvBlrrvwutL.jpg
Hamlet,https://image.tmdb.org/t/p/w500/ilurgUOp6SCl4cuhfjctj1qxlfZ.jpg
Mao's Last Dancer,https://image.tmdb.org/t/p/w500/mvHW6UTlrn60RhyYsoqxXxTPIFn.jpg
Midnight Special,https://image.tmdb.org/t/p/w500/hgDRq1l4ATxwufWjILKsYtglbI6.jpg
Anything Else,https://image.tmdb.org/t/p/w500/bvyoWDh60R31ZE5L8TjZ8Qpv5xM.jpg
The Railway Man,https://image.tmdb.org/t/p/w500/yuADLCxGCA5rFWk2QDXvX5plBrD.jpg
The White Ribbon,https://image.tmdb.org/t/p/w500/54dlnGDexrwAFlDb8HWKfmmX4LB.jpg
Restoration,https://image.tmdb.org/t/p/w500/60Vbc955KmcIwCeYI4mHCGgl57B.jpg
The Wraith,https://image.tmdb.org/t/p/w500/vHrNnqqRYWzkkrJV8MtmUGgC4Kk.jpg
Salton Sea,https://image.tmdb.org/t/p/w500/i3InMSlLUNBEdQTKazMdyVP1ryX.jpg
Metallica: Through the Never,https://image.tmdb.org/t/p/w500/6szqjCuVRZQbL1otckVPDCfRgiI.jpg
The Informers,https://image.tmdb.org/t/p/w500/yiXkvghbkYMQ3iMyhiI08GgtonC.jpg
Carlos,https://image.tmdb.org/t/p/w500/ee6EiUOXdvr7DvnBBEG691TNSKh.jpg
I Come with the Rain,https://image.tmdb.org/t/p/w500/wOJZ3XvHjcGfLBh0GLJU3HhsJKE.jpg
One Man's Hero,https://image.tmdb.org/t/p/w500/6QbunsUllQT0aQWWgMBnSlqwrfF.jpg
Day of the Dead,https://image.tmdb.org/t/p/w500/bi7SO5F4VyyGQTlxQirbH1dwKzW.jpg
I Am Wrath,https://image.tmdb.org/t/p/w500/6NvLA3BP5ktLaZ1qdLY0oHsaqwD.jpg
Renaissance,https://image.tmdb.org/t/p/w500/fTdbmjAegzFQOCPTAckPcmTpJvp.jpg
Red Sonja,https://image.tmdb.org/t/p/w500/83v0W5cCSFsWpI0cAj8DRlihySN.jpg
Red Lights,https://image.tmdb.org/t/p/w500/ljA72KOasp3GsdkIPxF9pDHA9Hn.jpg
Superbad,https://image.tmdb.org/t/p/w500/ek8e8txUyUwd2BNqj6lFEerJfbq.jpg
Madea Goes to Jail,https://image.tmdb.org/t/p/w500/qiXNNmSFXsfUdKDkylBF2LfX0DR.jpg
Wolves,https://image.tmdb.org/t/p/w500/2Q5sTH90MSvguFlb9UfcpeA2P5a.jpg
Step Up 2: The Streets,https://image.tmdb.org/t/p/w500/vYdlRTvA5fneB88NchV3sirzCE1.jpg
Hoodwinked!,https://image.tmdb.org/t/p/w500/kwPl1AKX4BLxrh5PCkrwYWeEV5I.jpg
Hotel Rwanda,https://image.tmdb.org/t/p/w500/p3pHw85UMZPegfMZBA6dZ06yarm.jpg
Hitman,https://image.tmdb.org/t/p/w500/h69UJOOKlrHcvhl5H2LY74N61DQ.jpg
Black Nativity,https://image.tmdb.org/t/p/w500/dIOk8uCYZMP69D6WhiRCZAGX9kE.jpg
The Prince,https://image.tmdb.org/t/p/w500/z7uo9zmQdQwU5ZJHFpv2Upl30i1.jpg
City of Ghosts,https://image.tmdb.org/t/p/w500/1nZbFdgEjJELfbZeXWLjXx5evHa.jpg
The Others,https://image.tmdb.org/t/p/w500/p8g1vlTvpM6nr2hMMiZ1fUlKF0D.jpg
Aliens,https://image.tmdb.org/t/p/w500/r1x5JGpyqZU8PYhbs4UcrO1Xb6x.jpg
My Fair Lady,https://image.tmdb.org/t/p/w500/bTXVc29lGSNclf94VIZ49W4gGKl.jpg
I Know What You Did Last Summer,https://image.tmdb.org/t/p/w500/dQyaJx0SptDqvQcAewAr8FAtLB2.jpg
Let's Be Cops,https://image.tmdb.org/t/p/w500/pf4FoUr2phn5WyZjU7rLXSiW1Ve.jpg
Sideways,https://image.tmdb.org/t/p/w500/zOsaxYLgvZVU7cJBpPn8CuE0MrP.jpg
Beerfest,https://image.tmdb.org/t/p/w500/5srGbSv3zhEUjXFOZR9qHkgJO6l.jpg
Halloween,https://image.tmdb.org/t/p/w500/wijlZ3HaYMvlDTPqJoTCWKFkCPU.jpg
Good Boy!,https://image.tmdb.org/t/p/w500/kZDXSPfeKNtai6l8yE4J5LwVQMY.jpg
The Best Man Holiday,https://image.tmdb.org/t/p/w500/i4ecMHJQpclIEr4mh5uzjWr38GC.jpg
Smokin' Aces,https://image.tmdb.org/t/p/w500/nrdnN8WqvyOt8Bnl3hgWcZD6ZyM.jpg
Saw: The Final Chapter,https://image.tmdb.org/t/p/w500/qHCZ6LjtmqWDfXXN28TlIC9OppK.jpg
40 Days and 40 Nights,https://image.tmdb.org/t/p/w500/pQTZX4gOEEkkMVFIRWtIrCpozeu.jpg
A Night at the Roxbury,https://image.tmdb.org/t/p/w500/7oZ5xE4AL4D5EbeQUaoRxahgzJX.jpg
Beastly,https://image.tmdb.org/t/p/w500/uSAXWZsSD0pE4HYVUiDgusnEyyl.jpg
The Hills Have Eyes,https://image.tmdb.org/t/p/w500/w391167zrbCOljQfJk5vlOmcDjU.jpg
Dickie Roberts: Former Child Star,https://image.tmdb.org/t/p/w500/eyn1WbZmUUIXU8QoorKWJTQ1iLg.jpg
"McFarland, USA",https://image.tmdb.org/t/p/w500/yyhniD8A7Mv6SOn8oo1Ba2K0mKc.jpg
Lottery Ticket,https://image.tmdb.org/t/p/w500/6Eg93S0cMHLMFkeunqpmMkzs10A.jpg
ATL,https://image.tmdb.org/t/p/w500/wi9VRukGburXfDwDKqcQQdgFK5S.jpg
Pitch Perfect,https://image.tmdb.org/t/p/w500/gsFoJk9g8W3zgaipRrrURk7LbiF.jpg
Summer Catch,https://image.tmdb.org/t/p/w500/hMp5Iev56BUu3xJGpAeCCPC1ZwY.jpg
A Simple Plan,https://image.tmdb.org/t/p/w500/wO2gH7DMqpMeHlj5QmDhW4IkgAr.jpg
They,https://image.tmdb.org/t/p/w500/ngnybFTuopfbfmmEeX9jjBQQmF6.jpg
Larry the Cable Guy: Health Inspector,https://image.tmdb.org/t/p/w500/vlPadYpBkSvgTbGFhYTDgacAOEM.jpg
The Adventures of Elmo in Grouchland,https://image.tmdb.org/t/p/w500/u9i4frT1XPaTqJxRYLJ8j2r8LYO.jpg
Brooklyn's Finest,https://image.tmdb.org/t/p/w500/9ZyJJpMsc3bF8gduDaxo0zo1gwK.jpg
55 Days at Peking,https://image.tmdb.org/t/p/w500/uR0xaqmqlbhatf9014mHuwV1Uly.jpg
Evil Dead,https://image.tmdb.org/t/p/w500/1gDV0Lm9y8ufIKzyf0h0GBgb9Zj.jpg
My Life in Ruins,https://image.tmdb.org/t/p/w500/f695mVyU0LyBb99rx7zkrtFcpxR.jpg
American Dreamz,https://image.tmdb.org/t/p/w500/qwRbRvfJR7jjsaGfS741Tl3DRr7.jpg
Superman IV: The Quest for Peace,https://image.tmdb.org/t/p/w500/nJFBeU1oKIaIoLVyQYUeB36DW55.jpg
How She Move,https://image.tmdb.org/t/p/w500/xbQnpPZZXfuYcYs4n1AgH0Tjgi6.jpg
Running Scared,https://image.tmdb.org/t/p/w500/f2LU6M8wFmt6G1fzv9JFWbIkRd9.jpg
Bobby Jones: Stroke of Genius,https://image.tmdb.org/t/p/w500/wzbV4jsCWZqOEAmyjjGemLNZbK7.jpg
Shanghai Surprise,https://image.tmdb.org/t/p/w500/8zsU3Vq9FG9Q0kTEYrl0CWDlvX2.jpg
The Illusionist,https://image.tmdb.org/t/p/w500/1O9jUvqkHaGBMVRyOJz1AlkmALW.jpg
Roar,https://image.tmdb.org/t/p/w500/7AoDfoRDQ0hfoyasvl0J2PIFUJ0.jpg
Veronica Guerin,https://image.tmdb.org/t/p/w500/1aJYz1YjcZggKsTJhCcYJ3adtcm.jpg
Escobar: Paradise Lost,https://image.tmdb.org/t/p/w500/4HngNLzCmUYCPB8FbxSZWN0eDKM.jpg
Southland Tales,https://image.tmdb.org/t/p/w500/7dbIDQ80z4bxiDlAvxRwc5TI44C.jpg
Dragon Hunters,https://image.tmdb.org/t/p/w500/bhHhTCh43aT3kAeknSd5T5BcZcJ.jpg
Damnation Alley,https://image.tmdb.org/t/p/w500/le6eG9xm7xmDWvnQIRK7prH5U69.jpg
The Apparition,https://image.tmdb.org/t/p/w500/jO45nIEQMWHE0I68aGls3mRJR8M.jpg
My Girl,https://image.tmdb.org/t/p/w500/qyJJNHteA7BUwQSey05t7qP4vRV.jpg
Fur: An Imaginary Portrait of Diane Arbus,https://image.tmdb.org/t/p/w500/62Owq5NVXvhgEqTklu1oMwTWQUL.jpg
Wall Street,https://image.tmdb.org/t/p/w500/2tQYq9ntzn2dEwDIGLBSipYPenv.jpg
Sense and Sensibility,https://image.tmdb.org/t/p/w500/9YdQ73YmvInxpXZVNjEKePw9tRO.jpg
Becoming Jane,https://image.tmdb.org/t/p/w500/yHA6JEn57MBGp2yGFgYyopJvk2O.jpg
Sydney White,https://image.tmdb.org/t/p/w500/ce3NNmhVZY5NkUe5Y8Je8CciKqf.jpg
House of Sand and Fog,https://image.tmdb.org/t/p/w500/hLxSOukLfC4j5pNbdE7lqaw8KgL.jpg
Dead Poets Society,https://image.tmdb.org/t/p/w500/tNvKkSnnn4Z6RCBThyK1gfCSSvv.jpg
Dumb and Dumber,https://image.tmdb.org/t/p/w500/4LdpBXiCyGKkR8FGHgjKlphrfUc.jpg
When Harry Met Sally...,https://image.tmdb.org/t/p/w500/rFOiFUhTMtDetqCGClC9PIgnC1P.jpg
The Verdict,https://image.tmdb.org/t/p/w500/iYEuFP1bpj5yOenKliiRFcNO3VE.jpg
Road Trip,https://image.tmdb.org/t/p/w500/jee4eY5tZprI0V18S6PXUloBzSk.jpg
Varsity Blues,https://image.tmdb.org/t/p/w500/g2jX2Xmx7drbc6J9MLJEBghR7Mg.jpg
The Artist,https://image.tmdb.org/t/p/w500/xYMYV8lMIeQMymuNPBvq3hOnqXw.jpg
The Unborn,https://image.tmdb.org/t/p/w500/42H2aaD5UubsHyWt6zfrFMRP8y1.jpg
Moonrise Kingdom,https://image.tmdb.org/t/p/w500/y4SXcbNl6CEF2t36icuzuBioj7K.jpg
The Texas Chainsaw Massacre: The Beginning,https://image.tmdb.org/t/p/w500/hTBueN0Ru3R7brwtONenDyEMNYe.jpg
The Young Messiah,https://image.tmdb.org/t/p/w500/ubehK1ZnM0NQphchuaMeE4A1BZk.jpg
The Master of Disguise,https://image.tmdb.org/t/p/w500/JFKuKJeHHFFVb0ubpkPIXmkIOg.jpg
Pan's Labyrinth,https://image.tmdb.org/t/p/w500/z7xXihu5wHuSMWymq5VAulPVuvg.jpg
See Spot Run,https://image.tmdb.org/t/p/w500/29iKqRGRcNqhrT710ohxVq5WwcE.jpg
Baby Boy,https://image.tmdb.org/t/p/w500/9dcic3zV5Gq6BQ1Et696qBtp9Xg.jpg
The Roommate,https://image.tmdb.org/t/p/w500/kQZcOn5rDuwpbQTluC4Wm0amYmR.jpg
Joe Dirt,https://image.tmdb.org/t/p/w500/yykDEtHk6DMtZK8EaxW88YyQ054.jpg
Double Impact,https://image.tmdb.org/t/p/w500/tmzwvSqoMC37Tgqwj4mA2dHNSmw.jpg
Hot Fuzz,https://image.tmdb.org/t/p/w500/zPib4ukTSdXvHP9pxGkFCe34f3y.jpg
The Women,https://image.tmdb.org/t/p/w500/fqQksnbEfmUGL0zj3MIb53euAh6.jpg
Vicky Cristina Barcelona,https://image.tmdb.org/t/p/w500/ekAIg0GSbbHTH7y1GPgWj0brLTW.jpg
Arn: The Knight Templar,https://image.tmdb.org/t/p/w500/kN8C9K9bSQ01lItuEqYzROYErAX.jpg
Boys and Girls,https://image.tmdb.org/t/p/w500/gdVnV2wSESbgrXX4uRD3J0D8dBo.jpg
White Oleander,https://image.tmdb.org/t/p/w500/pOdmhUaqvg4twAHqrhL5Onjgalb.jpg
Jennifer's Body,https://image.tmdb.org/t/p/w500/wrkjsGcFJxcQqR56kJUYAEKKg2T.jpg
Drowning Mona,https://image.tmdb.org/t/p/w500/iuN2SXCGPIlC7pAPCOzqAdeaDji.jpg
Radio Days,https://image.tmdb.org/t/p/w500/ljZ3yyYznAiq1vF6nHITdJn6qXB.jpg
Remember Me,https://image.tmdb.org/t/p/w500/j7umuMiLCHvWT7wYhFKJOTFSokF.jpg
How to Deal,https://image.tmdb.org/t/p/w500/pD87iTm4MP7JNcxIUssAbpri8nF.jpg
My Stepmother is an Alien,https://image.tmdb.org/t/p/w500/SIt5FbgvoxlZr8ay3cfi79pV6z.jpg
Philadelphia,https://image.tmdb.org/t/p/w500/tFe5Yoo5zT495okA49bq1vPPkiV.jpg
The Thirteenth Floor,https://image.tmdb.org/t/p/w500/7oaie3ZBc9UuWZLF24crro1pone.jpg
The Cookout,https://image.tmdb.org/t/p/w500/zXOv514vAw57gquad1aP99CHOZ2.jpg
Meteor,https://image.tmdb.org/t/p/w500/xMUuS1KFHRTFSf3PAY2tsbBdqkL.jpg
Duets,https://image.tmdb.org/t/p/w500/isxHRG54S1bz1A1CAlPaAAoh65k.jpg
Hollywood Ending,https://image.tmdb.org/t/p/w500/aDRbdtNoTRoYnIpH3g1icGeHGBh.jpg
Detroit Rock City,https://image.tmdb.org/t/p/w500/jedOctnsD20K4IvOeh5jG811B8L.jpg
Highlander,https://image.tmdb.org/t/p/w500/8Z8dptJEypuLoOQro1WugD855YE.jpg
Things We Lost in the Fire,https://image.tmdb.org/t/p/w500/fyMziX8tPzPSguUgOpKWkKK322S.jpg
Steel,https://image.tmdb.org/t/p/w500/7ExUSN9s9gX9bhVM17zDLEizano.jpg
The Immigrant,https://image.tmdb.org/t/p/w500/ArWRRQYeXL3nG4jYpMOPoBvgmy9.jpg
The White Countess,https://image.tmdb.org/t/p/w500/65AKidOOKrfyQkiVYtkgDJVM4CA.jpg
Trance,https://image.tmdb.org/t/p/w500/rR3F4fIn0JUJa1hlq2focd2W3zH.jpg
Soul Plane,https://image.tmdb.org/t/p/w500/b5Rzb5JUwPinllWGYUYER3OV14F.jpg
Welcome to the Sticks,https://image.tmdb.org/t/p/w500/cnUkc60SkI1PCY1SyfLFpZc0T7C.jpg
Good,https://image.tmdb.org/t/p/w500/b2VgUoXR9iAtAf8nA0mvdTr7cOt.jpg
Enter the Void,https://image.tmdb.org/t/p/w500/krKnsfvSJM1PL40tLicRhVQ6kuG.jpg
Vamps,https://image.tmdb.org/t/p/w500/43nUqYJMyqS9HbgD9XoKDvaz6AC.jpg
Hachi: A Dog's Tale,https://image.tmdb.org/t/p/w500/lsy3aEsEfYIHdLRk4dontZ4s85h.jpg
Zulu,https://image.tmdb.org/t/p/w500/h5OZD7pVkIKR5jf4lGFzQQrLmLc.jpg
The Homesman,https://image.tmdb.org/t/p/w500/eGpuOhkm1wG2AxEJShazH5NVGAO.jpg
Juwanna Mann,https://image.tmdb.org/t/p/w500/1m5sbTbifesBhCrkE0gJncwMGXw.jpg
Ararat,https://image.tmdb.org/t/p/w500/kQkn715VQYLIs2nddAUf19Bz5Wj.jpg
Madison,https://image.tmdb.org/t/p/w500/hlZUHqnwcOv5yPXW7BmguKedNP.jpg
Slow Burn,https://image.tmdb.org/t/p/w500/ho43ENDjPpkuMZvBsGTV1STFFik.jpg
Wasabi,https://image.tmdb.org/t/p/w500/uo3MBDwn3o32GJzFyClm7r1ierb.jpg
Slither,https://image.tmdb.org/t/p/w500/zNlJvCY3Pz7SE09Lf4G7uPs5XFZ.jpg
Beverly Hills Cop,https://image.tmdb.org/t/p/w500/eBJEvKkhQ0tUt1dBAcTEYW6kCle.jpg
Home Alone,https://image.tmdb.org/t/p/w500/onTSipZ8R3bliBdKfPtsDuHTdlL.jpg
Three Men and a Baby,https://image.tmdb.org/t/p/w500/oYetboAljWR2N5A7MU3i63DvUtd.jpg
Tootsie,https://image.tmdb.org/t/p/w500/ngyCzZwb9y5sMUCig5JQT4Y33Q.jpg
Top Gun,https://image.tmdb.org/t/p/w500/xUuHj3CgmZQ9P2cMaqQs4J0d4Zc.jpg
"Crouching Tiger, Hidden Dragon",https://image.tmdb.org/t/p/w500/iNDVBFNz4XyYzM9Lwip6atSTFqf.jpg
American Beauty,https://image.tmdb.org/t/p/w500/wby9315QzVKdW9BonAefg8jGTTb.jpg
The King's Speech,https://image.tmdb.org/t/p/w500/pVNKXVQFukBaCz6ML7GH3kiPlQP.jpg
Twins,https://image.tmdb.org/t/p/w500/stJx9BQZbXrZnTGf9Erc7d2UMVc.jpg
The Yellow Handkerchief,https://image.tmdb.org/t/p/w500/nYX4UmT6sIQFjPReliYFZ2IuGCj.jpg
The Color Purple,https://image.tmdb.org/t/p/w500/6bvxkcTAXyqxGRwo38mxw92D6Xr.jpg
Tidal Wave,https://image.tmdb.org/t/p/w500/1mE5jde5SJqUnZ58MAweW9GuhzK.jpg
The Imitation Game,https://image.tmdb.org/t/p/w500/zSqJ1qFq8NXFfi7JeIYMlzyR0dx.jpg
Private Benjamin,https://image.tmdb.org/t/p/w500/maIiPNXddZXKHQCi0HyULd5kces.jpg
Coal Miner's Daughter,https://image.tmdb.org/t/p/w500/bzHFDAdUad4QcHPi2UOqvaQKNWA.jpg
Diary of a Wimpy Kid,https://image.tmdb.org/t/p/w500/iLAGiPnSuODt9cn332bkFElrRig.jpg
Mama,https://image.tmdb.org/t/p/w500/eo8BhR8Q5STmWE9sMLsEPagxmy6.jpg
National Lampoon's Vacation,https://image.tmdb.org/t/p/w500/q3DvoqY06yZnRp9faH6uge7n7VP.jpg
Bad Grandpa,https://image.tmdb.org/t/p/w500/dDSMzBEaM0LYSy9Muo0zsCo77Vh.jpg
The Queen,https://image.tmdb.org/t/p/w500/v08RH5Cx9EFAQMBWQuE5jHAgHYs.jpg
Beetlejuice,https://image.tmdb.org/t/p/w500/nnl6OWkyPpuMm595hmAxNW3rZFn.jpg
Why Did I Get Married?,https://image.tmdb.org/t/p/w500/9kmqgVuELTEoMt0dqRt3H48VcOM.jpg
Little Women,https://image.tmdb.org/t/p/w500/1ZzH1XMcKAe5NdrKL5MfcqZHHsZ.jpg
The Woman in Black,https://image.tmdb.org/t/p/w500/nghQnDZE4EsQJ4J4zxR3UqItTpO.jpg
When a Stranger Calls,https://image.tmdb.org/t/p/w500/r5FAdQAtgRpHuSI4x5ydvcVHuFz.jpg
Big Fat Liar,https://image.tmdb.org/t/p/w500/3EjpQeyOpH8VIaWqIq6SpCQrCks.jpg
The Deer Hunter,https://image.tmdb.org/t/p/w500/bbGtogDZOg09bm42KIpCXUXICkh.jpg
Wag the Dog,https://image.tmdb.org/t/p/w500/wyQDucg22FivG3Rz7CpaOY64eMr.jpg
The Lizzie McGuire Movie,https://image.tmdb.org/t/p/w500/ecDrdzRhl01fck3Bwd3pn9Qm3Un.jpg
Snitch,https://image.tmdb.org/t/p/w500/1suKSCm8gVUIIOh4MgtWAtzkMe4.jpg
Krampus,https://image.tmdb.org/t/p/w500/sAolMRD9rFSTU7tssfFuLEJJa7w.jpg
The Faculty,https://image.tmdb.org/t/p/w500/5XetJwmAiDC0EtH23NIXaqFn3Wl.jpg
What's Love Got to Do with It,https://image.tmdb.org/t/p/w500/btC4819GhihmkCELqO3qgepNGos.jpg
Cop Land,https://image.tmdb.org/t/p/w500/dyOqXyPCQh8VF0KA5aelBCCQond.jpg
Not Another Teen Movie,https://image.tmdb.org/t/p/w500/9ZaGxvj1mqdKVLpSloq4mzS7SK6.jpg
End of Watch,https://image.tmdb.org/t/p/w500/pDeVKQICkcdwwjHxGj0MeS14YJ6.jpg
The Skulls,https://image.tmdb.org/t/p/w500/pYuggibfzm8LWgjnUKMMtii2430.jpg
The Theory of Everything,https://image.tmdb.org/t/p/w500/7kwcLFNt887saoQAL7EY0XnW7VI.jpg
Malibu's Most Wanted,https://image.tmdb.org/t/p/w500/bjYuoz2S8S1AED5QIMvmAi21drc.jpg
Where the Heart Is,https://image.tmdb.org/t/p/w500/3iyT5W3PjDKMKVS1vfAnDLeSXh2.jpg
Lawrence of Arabia,https://image.tmdb.org/t/p/w500/AiAm0EtDvyGqNpVoieRw4u65vD1.jpg
Halloween II,https://image.tmdb.org/t/p/w500/vSHPM4LQDpWdQrD5KZWK6wNqSOD.jpg
Wild,https://image.tmdb.org/t/p/w500/jnLnLYP5pGDfri04gxtAqAvkHMw.jpg
The Last House on the Left,https://image.tmdb.org/t/p/w500/2Y35XCUS8U8vC8vs0HDEVkPu1BM.jpg
The Wedding Date,https://image.tmdb.org/t/p/w500/x3o3VMEdwct54uLZmuzI4iyi2Zh.jpg
Halloween: Resurrection,https://image.tmdb.org/t/p/w500/1mlKwbNzJCGzqe4i0ZEJtUUL290.jpg
The Princess Bride,https://image.tmdb.org/t/p/w500/2FC9L9MrjBoGHYjYZjdWQdopVYb.jpg
The Great Debaters,https://image.tmdb.org/t/p/w500/nuF3DDlZzNb2qq0tEsYU0zpXf8K.jpg
Drive,https://image.tmdb.org/t/p/w500/602vevIURmpDfzbnv5Ubi6wIkQm.jpg
Confessions of a Teenage Drama Queen,https://image.tmdb.org/t/p/w500/nQA9Ozh9ftLQyJvuKy6sl5zSlH2.jpg
The Object of My Affection,https://image.tmdb.org/t/p/w500/2mA6QEdzhsftNIFV11SGsQLJvJR.jpg
28 Weeks Later,https://image.tmdb.org/t/p/w500/oix0aNv1lvW3nUGspUyvSIBlpbs.jpg
When the Game Stands Tall,https://image.tmdb.org/t/p/w500/ffVhh4sBLpJCu875v6hwLJN5VNR.jpg
Because of Winn-Dixie,https://image.tmdb.org/t/p/w500/oMUFS7HmIyTeui5xuoIEkPYTWC8.jpg
Love & Basketball,https://image.tmdb.org/t/p/w500/zNZWNX19FZ5QyedprVM0ldsXFiP.jpg
Grosse Pointe Blank,https://image.tmdb.org/t/p/w500/7lQ0MSNQqBTYpXTTZL82u1n95Z3.jpg
All About Steve,https://image.tmdb.org/t/p/w500/k7lmf0OeOpQLUoTRLG7e5JZ7H4B.jpg
Book of Shadows: Blair Witch 2,https://image.tmdb.org/t/p/w500/l1jF93S9FYbzp3Byh5VUA1KApSJ.jpg
The Craft,https://image.tmdb.org/t/p/w500/8bW2RdRkloYtEPhbQZN4wcdmJP4.jpg
Match Point,https://image.tmdb.org/t/p/w500/vHjEVTD8ucuwKSFOZJeyAnTZYli.jpg
Ramona and Beezus,https://image.tmdb.org/t/p/w500/bW1YWFyocIY8DDgwOUroZG2FYNe.jpg
The Remains of the Day,https://image.tmdb.org/t/p/w500/uDGDtqSvuch324WnM7Ukdp1bCAQ.jpg
Boogie Nights,https://image.tmdb.org/t/p/w500/wnE24UPCPQsQnbBOu4zVE2qaDNm.jpg
Nowhere to Run,https://image.tmdb.org/t/p/w500/a2FGbyzk2dTAlu37iGeQBbUjLLE.jpg
Flicka,https://image.tmdb.org/t/p/w500/nhJlXSmiHnlVxea5J5l3wfuATwY.jpg
The Hills Have Eyes 2,https://image.tmdb.org/t/p/w500/3SX2UGSmAjIZsVACpshPpKtjbDr.jpg
Urban Legends: Final Cut,https://image.tmdb.org/t/p/w500/9kjGrnhMz37RYEd5BFcrU1qkPkl.jpg
Tuck Everlasting,https://image.tmdb.org/t/p/w500/9BXAC4uTHuD37hpiGOmhetqNgnO.jpg
The Marine,https://image.tmdb.org/t/p/w500/pONyvBJwHNg5CWu7mtsv4qaq75C.jpg
Keanu,https://image.tmdb.org/t/p/w500/dPWlBmCixh9k3Jjb7c7jkIaxBbL.jpg
Country Strong,https://image.tmdb.org/t/p/w500/6C95tD92E9xm5poyyzs37bYemM0.jpg
Disturbing Behavior,https://image.tmdb.org/t/p/w500/uAhvaueOUUQ6ORCRdsJr1WXz1w0.jpg
The Place Beyond the Pines,https://image.tmdb.org/t/p/w500/vY5j2xQzMGWmxBuhQo0HfA4Lxqb.jpg
The November Man,https://image.tmdb.org/t/p/w500/4ejNFbCgLMDAuy7jFQmc7cr6UAW.jpg
Eye of the Beholder,https://image.tmdb.org/t/p/w500/4eB1Gw5r3Etbe4su6PhOo6OAN9E.jpg
The Hurt Locker,https://image.tmdb.org/t/p/w500/io2dfBJhasvGbgkCX9cCGVOiA99.jpg
Firestarter,https://image.tmdb.org/t/p/w500/2ux5lqNuibd8eOkwwUhzfzAJBqD.jpg
Killing Them Softly,https://image.tmdb.org/t/p/w500/heaz45kpFa4Oa7iLis0OBas68ls.jpg
A Most Wanted Man,https://image.tmdb.org/t/p/w500/6B76Z5Ct758RfKFoFg37skVRiMp.jpg
Freddy Got Fingered,https://image.tmdb.org/t/p/w500/gVmSZgxiT7ynyRLsEgg8Xs8ZVWX.jpg
VeggieTales: The Pirates Who Don't Do Anything,https://image.tmdb.org/t/p/w500/hwawxSwOkjeld4eQLSkIyyYNnqO.jpg
U2 3D,https://image.tmdb.org/t/p/w500/5OT1s7NOpnJ5IVlpe5hGC7dYGoK.jpg
Highlander: Endgame,https://image.tmdb.org/t/p/w500/u7kIXMyagqcek2SaS9svfPTTGVT.jpg
Idlewild,https://image.tmdb.org/t/p/w500/d1KW3hrGAJCsvs2GC2MCkYebD2u.jpg
One Day,https://image.tmdb.org/t/p/w500/n9jMwSg4IavdD8wqdYnyW5w3Mvp.jpg
Whip It,https://image.tmdb.org/t/p/w500/iRUviw0Dxs0FZI1IcSDYFX02i8s.jpg
Knockaround Guys,https://image.tmdb.org/t/p/w500/oYqsIxxIfJMRHiNEMLzgG81brkY.jpg
Confidence,https://image.tmdb.org/t/p/w500/yJzmAtY9DmhhjJwFnW0Zjlvz6yg.jpg
The Muse,https://image.tmdb.org/t/p/w500/hmtvDW52V3EuFmbhTOLjaGMYCDx.jpg
De-Lovely,https://image.tmdb.org/t/p/w500/QBqiBQW7MGqlDSyvid4fKzS0Xz.jpg
New York Stories,https://image.tmdb.org/t/p/w500/mViGEH5dfsAnUgJmce1RJkFycAi.jpg
Barney's Great Adventure,https://image.tmdb.org/t/p/w500/tSadXiI88soRyS4mcSr7PsKWaqN.jpg
The Man with the Iron Fists,https://image.tmdb.org/t/p/w500/nHgkRj6Igx3QsHmTyF4oAfBjAE7.jpg
Home Fries,https://image.tmdb.org/t/p/w500/rXEpaJIPlBqKq7QepB8uowmeAT2.jpg
Here On Earth,https://image.tmdb.org/t/p/w500/shvubL3pIrCyEK22ZHrx00oNtCY.jpg
Brazil,https://image.tmdb.org/t/p/w500/aewan59WcFThBimkTVVoNf2o5Vb.jpg
Raise Your Voice,https://image.tmdb.org/t/p/w500/89sfBkVOsgFRPs6uKaBtSMCDSv3.jpg
The Big Lebowski,https://image.tmdb.org/t/p/w500/3bv6WAp6BSxxYvB5ozKFUYuRA8C.jpg
Black Snake Moan,https://image.tmdb.org/t/p/w500/8Yv7kxsqXSe4ZHl8uJEhmsPjhAP.jpg
Dark Blue,https://image.tmdb.org/t/p/w500/ekW39lKhQ3L3rdOgzyF3d0CoPLV.jpg
A Mighty Heart,https://image.tmdb.org/t/p/w500/z5f7KPg8vqqYXtaF0wUkSWryDIg.jpg
Whatever It Takes,https://image.tmdb.org/t/p/w500/u9UtZNMj2m7dtOP6RcMAeRfqmnF.jpg
Boat Trip,https://image.tmdb.org/t/p/w500/xHFJt9nEfVIUItBfKZr7qhbgveL.jpg
The Importance of Being Earnest,https://image.tmdb.org/t/p/w500/87r4e4pL4STfpdjtqNZxlyjvcMd.jpg
The Love Letter,https://image.tmdb.org/t/p/w500/q7DKV2pIP6u5WvXIdUl2VA5hz3l.jpg
Hoot,https://image.tmdb.org/t/p/w500/l3gbiQkSLXPRkJnH7QInA5zrk6n.jpg
In Bruges,https://image.tmdb.org/t/p/w500/vz3Vd6nfq9YZrVvyYx5RHFaYKV3.jpg
Peeples,https://image.tmdb.org/t/p/w500/6ZBSsBfxKK5GdTzz1BOKGl4BnzJ.jpg
The Rocker,https://image.tmdb.org/t/p/w500/wzgFC7jOEMtf9D6CSdI7ckUMtwU.jpg
Post Grad,https://image.tmdb.org/t/p/w500/yM1QcAtEGkzAM3HFznXj8kvjyDk.jpg
Promised Land,https://image.tmdb.org/t/p/w500/5C0b6Wu4Z0V4NuA1cD8SZU7FCkb.jpg
Whatever Works,https://image.tmdb.org/t/p/w500/upIYOZbiutCBnvejGYaZlJxxKcs.jpg
The In Crowd,https://image.tmdb.org/t/p/w500/j77l405846qiLb8RGb1egu7ON3r.jpg
The Three Burials of Melquiades Estrada,https://image.tmdb.org/t/p/w500/uHOEb6mo45qMSJaZqbkVa7oW1Y7.jpg
Jakob the Liar,https://image.tmdb.org/t/p/w500/vvwsvPyQFuQbKKfzNgoRhAcL5ml.jpg
Kiss Kiss Bang Bang,https://image.tmdb.org/t/p/w500/aWfjIkpENFX6Uw82pET7EQ6jnrd.jpg
Idle Hands,https://image.tmdb.org/t/p/w500/mCO4gU1lkViGXTkoRBEYrvjDIJu.jpg
Mulholland Drive,https://image.tmdb.org/t/p/w500/x7A59t6ySylr1L7aubOQEA480vM.jpg
Blood and Chocolate,https://image.tmdb.org/t/p/w500/mzNe2RAZi19Uk1eqj8fE9oPkP1d.jpg
You Will Meet a Tall Dark Stranger,https://image.tmdb.org/t/p/w500/oBhnI8UZQzTkAH1LMEtrBUmfpjS.jpg
Never Let Me Go,https://image.tmdb.org/t/p/w500/8F0r5ng9Fp60OhzQfR5v33fppq.jpg
The Company,https://image.tmdb.org/t/p/w500/o9C9i6XdAMb0Xp0ahJDOBp0Um0j.jpg
Transsiberian,https://image.tmdb.org/t/p/w500/dhTOda5CLp9tEdDzQZiqBTdv5lR.jpg
The Clan of the Cave Bear,https://image.tmdb.org/t/p/w500/jbftdduVujKeoib5fwDBbEMamdj.jpg
Crazy in Alabama,https://image.tmdb.org/t/p/w500/bAlevqRg9KG9y725tt4YkNajLrk.jpg
Funny Games,https://image.tmdb.org/t/p/w500/zs92sAOh3Q0kDIJkgaJFTBzSFka.jpg
Listening,https://image.tmdb.org/t/p/w500/yrmNdnf0njvaH5TrX8wuHJdtIis.jpg
Felicia's Journey,https://image.tmdb.org/t/p/w500/itqEwiINuYvaqvFKw5YWitnqAUc.jpg
Metropolis,https://image.tmdb.org/t/p/w500/kr9wXRN23zLuWJIelahas1mtnYj.jpg
District B13,https://image.tmdb.org/t/p/w500/uYIDJ15RLBsFFBSAkqjIirZCgVi.jpg
Things to Do in Denver When You're Dead,https://image.tmdb.org/t/p/w500/3LxYzYybOVpnw0juCSlNL5cj8NK.jpg
The Assassin,https://image.tmdb.org/t/p/w500/10RcGMfzg2lIW1aLcR4ILfNbHK2.jpg
Buffalo Soldiers,https://image.tmdb.org/t/p/w500/qNl4T8xxC0xDeX8JFJVCBzH4Kg8.jpg
The Return,https://image.tmdb.org/t/p/w500/rCzpDGLbOoPwLjy3OAm5NUPOTrC.jpg
Ong Bak 2,https://image.tmdb.org/t/p/w500/l6bfgohUpmhQtlhL0qREEuTLxjA.jpg
Centurion,https://image.tmdb.org/t/p/w500/9ZdfrcP2QCqoRSk7JF06tDWtrhP.jpg
Silent Trigger,https://image.tmdb.org/t/p/w500/9ij2MMLgfEahM4H0gnYDBQ8B5Gs.jpg
The Midnight Meat Train,https://image.tmdb.org/t/p/w500/x5YbfyUA8huK0shr008xwzNVJ5Y.jpg
Winnie Mandela,https://image.tmdb.org/t/p/w500/42VAbyctqy6VmwlHjQB73E2pnFB.jpg
The Son of No One,https://image.tmdb.org/t/p/w500/koxJAJTPTKzMxKu3vVhPvoZc4w6.jpg
All The Queen's Men,https://image.tmdb.org/t/p/w500/oU5qvvUCj1DTCk2kKKTPQDIx7nd.jpg
The Good Night,https://image.tmdb.org/t/p/w500/74TDF1OMKOkTonAUbtbsJOdqtVy.jpg
Bathory: Countess of Blood,https://image.tmdb.org/t/p/w500/qZsQ02liDzz9Ydb1dzFwLxef7me.jpg
Khumba,https://image.tmdb.org/t/p/w500/bG32hRPM9LguHXj2tbyeILJisOK.jpg
Automata,https://image.tmdb.org/t/p/w500/h7SEtIWOfLsuCWhQgflev7ppRPq.jpg
Dungeons & Dragons: Wrath of the Dragon God,https://image.tmdb.org/t/p/w500/n5PV0sV4Nd0eCZMcRfipeNhTpmz.jpg
Chiamatemi Francesco - Il Papa della gente,https://image.tmdb.org/t/p/w500/eOFLjnUmxBhjtaKBhEB681TCHoX.jpg
Shinjuku Incident,https://image.tmdb.org/t/p/w500/8zWliijoTsk3kUdUJpbjqWgV617.jpg
Pandaemonium,https://image.tmdb.org/t/p/w500/dO7wct6RAdDKEaQrA9IYD4BsKJL.jpg
Groundhog Day,https://image.tmdb.org/t/p/w500/gCgt1WARPZaXnq523ySQEUKinCs.jpg
Magic Mike XXL,https://image.tmdb.org/t/p/w500/jkuCNd3wOmf4sDlZ89HEt8jmsqr.jpg
Romeo + Juliet,https://image.tmdb.org/t/p/w500/dJCDUkXhfRdc4q8e4VCKEBbqzBT.jpg
Sarah's Key,https://image.tmdb.org/t/p/w500/peGUaf6HrX7jSi1HifX64QJb7pm.jpg
Freedom,https://image.tmdb.org/t/p/w500/5WyxD7SmO1e65fXbFujfUCi5OkQ.jpg
Unforgiven,https://image.tmdb.org/t/p/w500/54roTwbX9fltg85zjsmrooXAs12.jpg
Manderlay,https://image.tmdb.org/t/p/w500/6HYoHEcLNgETHlJDyQrC4Y7e01.jpg
Slumdog Millionaire,https://image.tmdb.org/t/p/w500/5leCCi7ZF0CawAfM5Qo2ECKPprc.jpg
Fatal Attraction,https://image.tmdb.org/t/p/w500/vjB9XwJKnYqFKKjhWcE6WpAf5Ki.jpg
Pretty Woman,https://image.tmdb.org/t/p/w500/hVHUfT801LQATGd26VPzhorIYza.jpg
Crocodile Dundee II,https://image.tmdb.org/t/p/w500/2Nf0xeDuToLHysdkWj3aT5r42rC.jpg
Broken Horses,https://image.tmdb.org/t/p/w500/y75BF30IZX2VcU31YAkEdmjhDy6.jpg
Born on the Fourth of July,https://image.tmdb.org/t/p/w500/c5gSie6ZA90iBs62yNM5MV4y9R7.jpg
Cool Runnings,https://image.tmdb.org/t/p/w500/6fXuGEb7EqGmAeUodxm7l5ELPZ.jpg
My Bloody Valentine,https://image.tmdb.org/t/p/w500/9biIVOMTdvv4aj4a5HClmrK5EHB.jpg
Stomp the Yard,https://image.tmdb.org/t/p/w500/dald9tUbRmGQ91CUJnzaBAjjvUf.jpg
The Spy Who Loved Me,https://image.tmdb.org/t/p/w500/3ZxHKFxMYvAko680DsRgAZKWcLi.jpg
Urban Legend,https://image.tmdb.org/t/p/w500/dUvZDNU9G0njhM628NA5phASntq.jpg
Good Deeds,https://image.tmdb.org/t/p/w500/vIiWJq4WPcTfaIH8VkVlU2irzXo.jpg
White Fang,https://image.tmdb.org/t/p/w500/27wg0rVZW8hX7nWeHCwTf9DygGc.jpg
Superstar,https://image.tmdb.org/t/p/w500/vfBUCPe6wgt3SwNP7dKlqh8xeyO.jpg
The Iron Lady,https://image.tmdb.org/t/p/w500/fx7wpKXOht7WOkeOslvErbrf69Q.jpg
Jonah: A VeggieTales Movie,https://image.tmdb.org/t/p/w500/xJ6ImpQIqZxBh4eE2813ljQ0TQ3.jpg
Poetic Justice,https://image.tmdb.org/t/p/w500/6jE7Vzh3edBQtbbDcF4AC5gMX2g.jpg
All About the Benjamins,https://image.tmdb.org/t/p/w500/sO7IpJHjZBGLevi8Ozj9EsAUw5h.jpg
Vampire in Brooklyn,https://image.tmdb.org/t/p/w500/fodPA5x3REtOwColG17CucreZqM.jpg
Exorcist II: The Heretic,https://image.tmdb.org/t/p/w500/g9i3LTMYLRHvCYSKimZEfd1Vqy7.jpg
An American Haunting,https://image.tmdb.org/t/p/w500/5ePaCimd7cA9zYNib8WfIbWnrCf.jpg
My Boss's Daughter,https://image.tmdb.org/t/p/w500/6z6ehjP1GyMLFeja9pHGGZb9B2.jpg
A Perfect Getaway,https://image.tmdb.org/t/p/w500/ncuGG0hIlA03dQBJmdoT2LWgodG.jpg
Our Family Wedding,https://image.tmdb.org/t/p/w500/zvRn8aM9lmuBbbJVJgxZl41zarB.jpg
Dead Man on Campus,https://image.tmdb.org/t/p/w500/mTr7ARy7lj8ggvg6snLWDo3CnEu.jpg
Tea with Mussolini,https://image.tmdb.org/t/p/w500/i3rAPxhhDjqsL1rZJM57pyR7xFW.jpg
Thinner,https://image.tmdb.org/t/p/w500/nXqHqsQXA0jJpCaUsyre1Yw18oV.jpg
"New York, New York",https://image.tmdb.org/t/p/w500/1nD40aUcPAxYdE1WxERrTjZuFGe.jpg
Crooklyn,https://image.tmdb.org/t/p/w500/iFqe07F78SO0SIBzWcK4I5MwNvP.jpg
I Think I Love My Wife,https://image.tmdb.org/t/p/w500/lJHg7ExSTszC8ItsufcmSPeN0vW.jpg
Jason X,https://image.tmdb.org/t/p/w500/ggOND0hfoE0f3K857joSzEeIchb.jpg
Bobby,https://image.tmdb.org/t/p/w500/ea6aSTUFQopOW7kWFZB9AvMYnbs.jpg
Head Over Heels,https://image.tmdb.org/t/p/w500/n5Ln7UmgKThD3QhPC6JS6WZgCXJ.jpg
Fun Size,https://image.tmdb.org/t/p/w500/h9DYic4zo3Oweb11009FmqZBxN4.jpg
The Diving Bell and the Butterfly,https://image.tmdb.org/t/p/w500/6NkJ4gnLrvLj0PZDW6sNM85JMbj.jpg
Little Children,https://image.tmdb.org/t/p/w500/l2wTSP0Ifo9vY03nJEfkFBbT2S9.jpg
Gossip,https://image.tmdb.org/t/p/w500/1fyQiQyBFlqjeqgT6sAEh5vo4Fe.jpg
A Walk on the Moon,https://image.tmdb.org/t/p/w500/6aNMyAP82sDoVFmopFzGDWeVVne.jpg
Catch a Fire,https://image.tmdb.org/t/p/w500/2sgujWX2yWH7REnDI35ZZXsqPiV.jpg
Soul Survivors,https://image.tmdb.org/t/p/w500/uWmHhtuEgX7oI0FuWR2oD08HRHD.jpg
Jefferson in Paris,https://image.tmdb.org/t/p/w500/vcZCvsm920LoNDb7pMibJkxIE4n.jpg
Easy Virtue,https://image.tmdb.org/t/p/w500/k9bGewoi6SWPTFQfUbn6ve06TY9.jpg
Caravans,https://image.tmdb.org/t/p/w500/bKX4NG5QMuyqDQTAcnpn83Tmokc.jpg
Mr. Turner,https://image.tmdb.org/t/p/w500/rnVhl1PFSOoW5c6UhZJZt5TV98p.jpg
Wild Grass,https://image.tmdb.org/t/p/w500/wLy9Tp03uaQLV5IRHtjAYGiURdW.jpg
Amen.,https://image.tmdb.org/t/p/w500/duNRweZ6PBpFSVNLJYexZ2XEqr0.jpg
Reign of Assassins,https://image.tmdb.org/t/p/w500/jIQAm7YlBoZqllu4gbnagRlO9NY.jpg
The Lucky Ones,https://image.tmdb.org/t/p/w500/zZv0mXxd7kfyKuCLMyS0DFCk0JC.jpg
Margaret,https://image.tmdb.org/t/p/w500/zqBao8uRH6TQAJd13tqC22vPB76.jpg
Stan Helsing,https://image.tmdb.org/t/p/w500/qDlmKahejt0NoQzw65tnLayEhHZ.jpg
Flipped,https://image.tmdb.org/t/p/w500/6zDYFigohwncqFL00MKbFV01dWb.jpg
Brokeback Mountain,https://image.tmdb.org/t/p/w500/aByfQOQBNa4CMFwIgq3QrqY2ZHh.jpg
Clueless,https://image.tmdb.org/t/p/w500/8AwVTcgpTnmeOs4TdTWqcFDXEsA.jpg
Far from Heaven,https://image.tmdb.org/t/p/w500/9gQuvFDRPLx39smUvyafm36tp0d.jpg
Hot Tub Time Machine 2,https://image.tmdb.org/t/p/w500/lBroHetSm8RMI8zp7ThpFJsw9E1.jpg
Quills,https://image.tmdb.org/t/p/w500/AvGdw3BpvJV2wHmK2qY0N7XHqET.jpg
Seven Psychopaths,https://image.tmdb.org/t/p/w500/4ukEYAxlSivFcDG6vLxJB6PjTjg.jpg
The Caveman's Valentine,https://image.tmdb.org/t/p/w500/xWjoiGvFZPXuBi93reGblvDHIax.jpg
Downfall,https://image.tmdb.org/t/p/w500/cP1ElGjBhbZAAqmueXjHDKlSwiP.jpg
The Sea Inside,https://image.tmdb.org/t/p/w500/mQW1JJKCUg02cmWBzr9JFu9vM1V.jpg
Under the Skin,https://image.tmdb.org/t/p/w500/55wmcXJIDYITr7JDijJTdvwSaAv.jpg
"Good Morning, Vietnam",https://image.tmdb.org/t/p/w500/sreISlFUn5TyR41QNjlfAdX5SEW.jpg
The Last Godfather,https://image.tmdb.org/t/p/w500/zLcKGxKn8qgrGaUZAWZY3Nvi5fr.jpg
Justin Bieber: Never Say Never,https://image.tmdb.org/t/p/w500/dGNMD5XTBQN3teIth21ohKOCJcR.jpg
Black Swan,https://image.tmdb.org/t/p/w500/viWheBd44bouiLCHgNMvahLThqx.jpg
The Godfather: Part II,https://image.tmdb.org/t/p/w500/hek3koDUyRQk7FIhPXsa6mT2Zc3.jpg
Save the Last Dance,https://image.tmdb.org/t/p/w500/sV8GIxT3BjHIiwgKUNwk1S8VSLa.jpg
A Nightmare on Elm Street 4: The Dream Master,https://image.tmdb.org/t/p/w500/boStYG7jKdoIZTduiOOsUVknD13.jpg
Miracles from Heaven,https://image.tmdb.org/t/p/w500/hz9VF1TfaM0D04pYneSXUkNeOZv.jpg
"Dude, Where’s My Car?",https://image.tmdb.org/t/p/w500/A5FBQplPsSVVvdYn4NHgtWYF8un.jpg
Young Guns,https://image.tmdb.org/t/p/w500/3AgCq7xY1rHRAAn0iVcnNr2OWL.jpg
St. Vincent,https://image.tmdb.org/t/p/w500/1bb7MTHCIPhpKZFysDpxNaNrdMk.jpg
About Last Night,https://image.tmdb.org/t/p/w500/z3dVYQtxXldDawz7d15wqt2PQLe.jpg
10 Things I Hate About You,https://image.tmdb.org/t/p/w500/ujERk3aKABXU3NDXOAxEQYTHe9A.jpg
The New Guy,https://image.tmdb.org/t/p/w500/aekXSzkn3zry6aummMl7AU4rSa8.jpg
National Lampoon's Loaded Weapon 1,https://image.tmdb.org/t/p/w500/moP0nyVWVisqSeH6nMewWyIPV6z.jpg
The Shallows,https://image.tmdb.org/t/p/w500/bnBV7hZmLuA0Si5Aop481sPF2RY.jpg
The Butterfly Effect,https://image.tmdb.org/t/p/w500/ea5iv7TWMh18fOKoRGgmtcg85Gx.jpg
Snow Day,https://image.tmdb.org/t/p/w500/myTnHKy178rrd1oUG3GkEvc641G.jpg
This Christmas,https://image.tmdb.org/t/p/w500/dBuLAw4mRlO83LPA2s4zOlVesUe.jpg
Baby Geniuses,https://image.tmdb.org/t/p/w500/7zvPhjHkz5YEMUMPyvANCR96RJA.jpg
The Big Hit,https://image.tmdb.org/t/p/w500/7b1JP2WE0UrVAy34U7X4UngWtBi.jpg
Harriet the Spy,https://image.tmdb.org/t/p/w500/spTUUMgIVm4gOdWL35IoYWEuZQl.jpg
Child's Play 2,https://image.tmdb.org/t/p/w500/2tPQbPQeHEYAGoXFSW61IWNmoce.jpg
No Good Deed,https://image.tmdb.org/t/p/w500/wcDLqCS70LsPcovieuQrb311Qr1.jpg
The Mist,https://image.tmdb.org/t/p/w500/1CvJ6diBACKPVGOpcWuY4XPQdqX.jpg
Ex Machina,https://image.tmdb.org/t/p/w500/dmJW8IAKHKxFNiUnoDR7JfsK7Rp.jpg
Being John Malkovich,https://image.tmdb.org/t/p/w500/31FGQu3OnwdmS4COquENe0vMZc0.jpg
Two Can Play That Game,https://image.tmdb.org/t/p/w500/oDWVsSJMXvDeX9KohSOtfqCFD7e.jpg
Earth to Echo,https://image.tmdb.org/t/p/w500/yiNPza51nLvVTWTB9q4ifzfUlml.jpg
Crazy/Beautiful,https://image.tmdb.org/t/p/w500/1kxn6w6lvKkrhmVxfVqI0cfBmLa.jpg
Letters from Iwo Jima,https://image.tmdb.org/t/p/w500/kZokxQtzMPURvijWYFuvh1fAvnv.jpg
The Astronaut Farmer,https://image.tmdb.org/t/p/w500/19uGc8wW3Ert1QvMYxvnReQkFMc.jpg
Woo,https://image.tmdb.org/t/p/w500/8K1IfJXWPW1N5J6ar8ZOLU47c98.jpg
Room,https://image.tmdb.org/t/p/w500/2hHDMeYyZjbGWn0BeNH1cTMxuM7.jpg
Dirty Work,https://image.tmdb.org/t/p/w500/r6OcS6TQCHal2wHooJhHWSlFzfd.jpg
Serial Mom,https://image.tmdb.org/t/p/w500/3Qlycp68b6TQkC1fMMahpf04Oq8.jpg
Dick,https://image.tmdb.org/t/p/w500/aBG4XoK5xkujl4crloPs6bStl4m.jpg
Light It Up,https://image.tmdb.org/t/p/w500/sHbII8OHz2uoyOpPAVYe0LIJcdN.jpg
54,https://image.tmdb.org/t/p/w500/gLjt54vow8CEOHdgRkQCyXwbq52.jpg
Bubble Boy,https://image.tmdb.org/t/p/w500/tFwvUSc8g0HHvDOBQ2rvC9LWVSj.jpg
Birthday Girl,https://image.tmdb.org/t/p/w500/jrwCiqQjEm3WqxHXxvAoW4gOsUd.jpg
21 & Over,https://image.tmdb.org/t/p/w500/azrjh38R7X9bznCocChvmXTOtF9.jpg
"Paris, je t'aime",https://image.tmdb.org/t/p/w500/mcke8Uvw8QDToAZQ94UGo7VU0g6.jpg
Resurrecting the Champ,https://image.tmdb.org/t/p/w500/rJKTZf2QIhUwvqsfkher1JlLCdZ.jpg
Admission,https://image.tmdb.org/t/p/w500/f3HoCikJxypRtLJptBwvs7L7etE.jpg
The Widow of Saint-Pierre,https://image.tmdb.org/t/p/w500/dFQ2kQA9JlAIO0uL2KkrsmI4o2O.jpg
Chloe,https://image.tmdb.org/t/p/w500/7VC7Q7GvIhEECIU3fiaRf71mxV6.jpg
Faithful,https://image.tmdb.org/t/p/w500/dU1FhsiCDeXC7QlPycJo4swoLTF.jpg
Find Me Guilty,https://image.tmdb.org/t/p/w500/8M0dkX7jOor7exKor1txoUl9Ynu.jpg
The Perks of Being a Wallflower,https://image.tmdb.org/t/p/w500/aKCvdFFF5n80P2VdS7d8YBwbCjh.jpg
Excessive Force,https://image.tmdb.org/t/p/w500/4DzUkmxUAdlq993UpV0Cw5SiPH3.jpg
Infamous,https://image.tmdb.org/t/p/w500/cIQUn20lUQpi70W0Z7ixezQJ7gj.jpg
The Claim,https://image.tmdb.org/t/p/w500/drpLBTmnMOzDUVAd3jqeLjdolcf.jpg
The Vatican Tapes,https://image.tmdb.org/t/p/w500/eXN0zdTpm772ZCfnCeLAONguqxe.jpg
Attack the Block,https://image.tmdb.org/t/p/w500/wzCMnA6NDruLzgWeqMcLPDrGAdF.jpg
In the Land of Blood and Honey,https://image.tmdb.org/t/p/w500/h1r4qey0K8PG9OgQdDqQcXtMq6c.jpg
The Call,https://image.tmdb.org/t/p/w500/mG334OlDVJpD8gMfTCM2Mpp0gQH.jpg
Operation Chromite,https://image.tmdb.org/t/p/w500/c9Md7hQTNjFUZF0LgpWpVCS1GcI.jpg
The Crocodile Hunter: Collision Course,https://image.tmdb.org/t/p/w500/8JyI97jCN1BIzdTjWfIxV4GKlyw.jpg
I Love You Phillip Morris,https://image.tmdb.org/t/p/w500/qtAuWLGQ7N4PNQ6boZeqqoUY2l9.jpg
Quest for Fire,https://image.tmdb.org/t/p/w500/tyzW1M00xfHKNtmTlT6wJ3F4pNr.jpg
Antwone Fisher,https://image.tmdb.org/t/p/w500/j9lCK1aFXqMO3hzhGiqCNU8coIX.jpg
The Emperor's Club,https://image.tmdb.org/t/p/w500/s7BRKAq0DNcXe8Bphm6Wd5KnvlF.jpg
True Romance,https://image.tmdb.org/t/p/w500/39lXk6ud6KiJgGbbWI2PUKS7y2.jpg
Womb,https://image.tmdb.org/t/p/w500/raTEzBZBflPyVhOls4PmrryvPos.jpg
Glengarry Glen Ross,https://image.tmdb.org/t/p/w500/zcaEDx8KlVfh4vKfMNLhiSi5Oz4.jpg
The Killer Inside Me,https://image.tmdb.org/t/p/w500/fhmdzywgGF9cvoLPuW8qqDn0Gtx.jpg
Cat People,https://image.tmdb.org/t/p/w500/nYcQnkbTD4LDmp11HCReQuUoMKD.jpg
Sorority Row,https://image.tmdb.org/t/p/w500/voIQd9TDplumz9wInHwj6bRyHnu.jpg
The Prisoner of Zenda,https://image.tmdb.org/t/p/w500/tvMF7iljOgOXLvkVsWGr5GrPE4j.jpg
Lars and the Real Girl,https://image.tmdb.org/t/p/w500/nkAt4a7KIPc7Fi1BhxNHhYYbe2b.jpg
The Boy in the Striped Pyjamas,https://image.tmdb.org/t/p/w500/2C8QCXdMlojTxZjfBlINr4FWcb6.jpg
Dancer in the Dark,https://image.tmdb.org/t/p/w500/pWzOfTJRZHPNO1VNrMnNFqRcJwg.jpg
Oscar and Lucinda,https://image.tmdb.org/t/p/w500/9naDX3u4hsRM8jZ0Y7k5e2HAKmY.jpg
The Funeral,https://image.tmdb.org/t/p/w500/sHbJbr6BvVwRJhliiX1PKPERejO.jpg
Solitary Man,https://image.tmdb.org/t/p/w500/5Dpm8QDoL3w3ZOwVl6rgvjRWxrj.jpg
Machete,https://image.tmdb.org/t/p/w500/dcPSm1rGEFdiEc7DaKz0t5kb66b.jpg
Casino Jack,https://image.tmdb.org/t/p/w500/3Dpicp6VEtCSj39XBG5mnbe5TQ9.jpg
The Land Before Time,https://image.tmdb.org/t/p/w500/vP2cDLZyj8mlu97m1N3q9nxNrRS.jpg
Tae Guk Gi: The Brotherhood of War,https://image.tmdb.org/t/p/w500/efc2MwDwvQsYsbxLXaXtlmOJ7LZ.jpg
The Perfect Game,https://image.tmdb.org/t/p/w500/kwn02B0AyQYXzftAo9StX8JD2JY.jpg
The Exorcist,https://image.tmdb.org/t/p/w500/5x0CeVHJI8tcDx8tUUwYHQSNILq.jpg
Jaws,https://image.tmdb.org/t/p/w500/lxM6kqilAdpdhqUl2biYp5frUxE.jpg
American Pie,https://image.tmdb.org/t/p/w500/5P68by2Thn8wHAziyWGEw2O7hco.jpg
Ernest & Celestine,https://image.tmdb.org/t/p/w500/iJPbRASktYW0I009Ktc2zUE6Fvg.jpg
The Golden Child,https://image.tmdb.org/t/p/w500/9gPphtcGmna90U9CEsWlUVaSkAw.jpg
Think Like a Man,https://image.tmdb.org/t/p/w500/kfIrKVPDzXJDBzPnFEuoatlaZPW.jpg
Barbershop,https://image.tmdb.org/t/p/w500/up8cEgEsl2Dq5Djb9lMZYBK0s84.jpg
Star Trek II: The Wrath of Khan,https://image.tmdb.org/t/p/w500/uPyLsKl8Z0LOoxeaFXsY5MxhR5s.jpg
Ace Ventura: Pet Detective,https://image.tmdb.org/t/p/w500/pqiRuETmuSybfnVZ7qyeoXhQyN1.jpg
WarGames,https://image.tmdb.org/t/p/w500/zZ1rN4LoPxKNfAp67Xl300WxVeD.jpg
Witness,https://image.tmdb.org/t/p/w500/kOymD1rChAMykmDVEzJpIh4OYS7.jpg
Act of Valor,https://image.tmdb.org/t/p/w500/1Xcd5ci69pVXMPP02DU11Ffq0yY.jpg
Step Up,https://image.tmdb.org/t/p/w500/fmw52kXk2kN8AQil7tgOD41gt4Q.jpg
Beavis and Butt-Head Do America,https://image.tmdb.org/t/p/w500/vqdgQiRCSzgpFXLlbxbybfkleBM.jpg
Jackie Brown,https://image.tmdb.org/t/p/w500/rOUx7qg4KmEh1juEDwqzbDSL1Nr.jpg
Harold & Kumar Escape from Guantanamo Bay,https://image.tmdb.org/t/p/w500/gmXKlm8c8O7JEISYP4WiWq2x3We.jpg
Chronicle,https://image.tmdb.org/t/p/w500/kdyrdFIt29FUmLIKvedAc2j4rpo.jpg
Yentl,https://image.tmdb.org/t/p/w500/AcCX4tKqwP5BTfRTQEqZW3qabl3.jpg
Time Bandits,https://image.tmdb.org/t/p/w500/4VZtpwdhHQSa4LUkvujyGAHb1hG.jpg
Crossroads,https://image.tmdb.org/t/p/w500/prdFY9Bc28frBhhWl7mPSr7JmFp.jpg
Project X,https://image.tmdb.org/t/p/w500/lUPDGT3lyRrq8SvWuNWG2DP64bR.jpg
Patton,https://image.tmdb.org/t/p/w500/rLM7jIEPTjj4CF7F1IrzzNjLUCu.jpg
One Hour Photo,https://image.tmdb.org/t/p/w500/fuSIN3Nq6dmaA8LZSkASpQueFO1.jpg
Quarantine,https://image.tmdb.org/t/p/w500/rGfOD8IC1x4PqmnqRuA8KyCckia.jpg
The Eye,https://image.tmdb.org/t/p/w500/9N3znJ8sHH2EQjARCrUpxMj3hWd.jpg
Johnson Family Vacation,https://image.tmdb.org/t/p/w500/3F6bmetJSJvqLCB9PMxpNz1sngB.jpg
How High,https://image.tmdb.org/t/p/w500/qWF784YqUZE8KhbBfuqhMSzmUPs.jpg
The Muppet Christmas Carol,https://image.tmdb.org/t/p/w500/ssrV29QSVVJuemBHho0Qx7pFYak.jpg
Frida,https://image.tmdb.org/t/p/w500/a4hgR6aKoohB6MHni171jbi9BkU.jpg
Katy Perry: Part of Me,https://image.tmdb.org/t/p/w500/yPW5Lmptt7z8rCYtVYjkpyjI3SY.jpg
The Fault in Our Stars,https://image.tmdb.org/t/p/w500/kcVuktIlrn9SAN1uBmPDnocTQmF.jpg
Rounders,https://image.tmdb.org/t/p/w500/mqbMwYGwIChnaCO55h7v8DG8Wwy.jpg
Top Five,https://image.tmdb.org/t/p/w500/nM5zWv6zpWHsrKNMrPKg23UHZCA.jpg
Prophecy,https://image.tmdb.org/t/p/w500/8jCyz5IRWmu8R5FhRO2BqtQXnCj.jpg
Stir of Echoes,https://image.tmdb.org/t/p/w500/9CyJ5aYF27cITX1WSUTENeP4wBE.jpg
Philomena,https://image.tmdb.org/t/p/w500/eBUv2GmGdXmCk1AaSOmyiu70hN8.jpg
The Upside of Anger,https://image.tmdb.org/t/p/w500/iS9lP4poDyvSGXyh199ZEXMPHrY.jpg
The Boys from Brazil,https://image.tmdb.org/t/p/w500/w7IZT1HJNmWcEj3Axwlwhya02OX.jpg
Aquamarine,https://image.tmdb.org/t/p/w500/8mioUyXqn60cwSoLrRCaO5ZAsCV.jpg
Paper Towns,https://image.tmdb.org/t/p/w500/lVW67w7eWwmBhbBCc4f983pO8m6.jpg
My Baby's Daddy,https://image.tmdb.org/t/p/w500/lah4ZvLmjxwF8Pa1UHIm3u2xNuR.jpg
Nebraska,https://image.tmdb.org/t/p/w500/o1t2Mw18EEBnl8v4Nby3PFjxnM1.jpg
Tales from the Crypt: Demon Knight,https://image.tmdb.org/t/p/w500/8uD5yk0ECebJ59lhvhTBKhUojc.jpg
Max Keeble's Big Move,https://image.tmdb.org/t/p/w500/eJ4olY0dZMC1MfMhRkLOWisWYtu.jpg
Young Adult,https://image.tmdb.org/t/p/w500/4tGMz5xUs9sk8X9B28G6UalHK1d.jpg
Crank,https://image.tmdb.org/t/p/w500/rsKmhnvzJezjwC1Ud2Hh37oNpdQ.jpg
Def Jam's How to Be a Player,https://image.tmdb.org/t/p/w500/1BFKMh1ogtWzGOjKTzxCD2tG0K3.jpg
Living Out Loud,https://image.tmdb.org/t/p/w500/uegG68vP7leUDQbG8fP4ihgTo0i.jpg
Just Wright,https://image.tmdb.org/t/p/w500/qx1SumoTQYtB9VyxQ7irlfE2e7L.jpg
Rachel Getting Married,https://image.tmdb.org/t/p/w500/bumaq3lqe4YSsq6LlYoge7e9ABk.jpg
The Postman Always Rings Twice,https://image.tmdb.org/t/p/w500/k52pPgVOHPwjIyMdvNZZi3Z7zFR.jpg
Girl with a Pearl Earring,https://image.tmdb.org/t/p/w500/41DkOi1MvTgTQXt5BevVSzo94kk.jpg
Das Boot,https://image.tmdb.org/t/p/w500/u8FhQPncOAkwcei2OI9orPWhV6K.jpg
Sorority Boys,https://image.tmdb.org/t/p/w500/yBhRjKi16T9R3GJepPwS6ARViBi.jpg
About Time,https://image.tmdb.org/t/p/w500/ls6zswrOZVhCXQBh96DlbnLBajM.jpg
House of Flying Daggers,https://image.tmdb.org/t/p/w500/93feGsGiCtG5ymrRcErUgBsdo6v.jpg
Arbitrage,https://image.tmdb.org/t/p/w500/oVJF2KTmNB8ZFkp0aUSay7d0Opf.jpg
Project Almanac,https://image.tmdb.org/t/p/w500/9u5Rb0e7mx8qOO7zj39KnIRWClr.jpg
Cadillac Records,https://image.tmdb.org/t/p/w500/u2GtllItFwaXMLj4uCeKYt9wf4l.jpg
Screwed,https://image.tmdb.org/t/p/w500/m6FfMbH1ga1Kp5QI9Nm0ETOIG64.jpg
Fortress,https://image.tmdb.org/t/p/w500/evjpqWPUY4VpOdyLpeRfkGU8DiR.jpg
For Your Consideration,https://image.tmdb.org/t/p/w500/fvXClgY4ZJ7dBxalFuxPgb4nJ9s.jpg
Celebrity,https://image.tmdb.org/t/p/w500/q4UJHtH14nO8tbMfGtJ3Z3Tw5RW.jpg
Running with Scissors,https://image.tmdb.org/t/p/w500/pbWUFYyyZzawsYljkbIKmDxQN8Y.jpg
From Justin to Kelly,https://image.tmdb.org/t/p/w500/bLLlgQ6nZPGxvAjp0qjTX1wD2hl.jpg
Girl 6,https://image.tmdb.org/t/p/w500/1SSYCOTrHucd9aBCyTfbLWcJ2zD.jpg
In the Cut,https://image.tmdb.org/t/p/w500/c8Xg0yc8UQwDXooffBNLLs2BvQH.jpg
Two Lovers,https://image.tmdb.org/t/p/w500/skwYEUcxhUub9QCSwPDMvBySphS.jpg
Last Orders,https://image.tmdb.org/t/p/w500/rcc3eL3wcydEUmXpX1tW9ro8NR9.jpg
The Host,https://image.tmdb.org/t/p/w500/dEDLY3KeghKFzks5nTDWdigVikr.jpg
The Pursuit of D.B. Cooper,https://image.tmdb.org/t/p/w500/4uDT9RF7JlZf1T0bn0p68DRVmNv.jpg
Ravenous,https://image.tmdb.org/t/p/w500/6tJc9vIVYctNCajC1dU1oVcmIsD.jpg
Charlie Bartlett,https://image.tmdb.org/t/p/w500/l0jr9jSIW2TYFuunPtDQ1exyjtI.jpg
The Great Beauty,https://image.tmdb.org/t/p/w500/7suf0vaQfv5E7X1GVh4HJwK90yo.jpg
The Dangerous Lives of Altar Boys,https://image.tmdb.org/t/p/w500/4uTWXZ2Rvizl3ycMHtODfRjks4W.jpg
Stoker,https://image.tmdb.org/t/p/w500/o0giW5oasaef5m9sgBuq0C7IkIa.jpg
2046,https://image.tmdb.org/t/p/w500/jIN65qw0Giplo4CshzMrxz204Wn.jpg
Married Life,https://image.tmdb.org/t/p/w500/AdJKmRh3AKX5CVCdwdw1dNTqEJ8.jpg
Duma,https://image.tmdb.org/t/p/w500/opoDxQW9S6SaiP8rY7urw16QVTL.jpg
Ondine,https://image.tmdb.org/t/p/w500/rQSQisWjIjXnGGenrpjG1GlQcRf.jpg
Brother,https://image.tmdb.org/t/p/w500/rSRJozSafFFuiFT9XnwsE1ricHT.jpg
Welcome to Collinwood,https://image.tmdb.org/t/p/w500/7XyvoOopwWwDCWOcItOQiAwm30b.jpg
Critical Care,https://image.tmdb.org/t/p/w500/p4UPT3vvdKHsv6PbhvvtFm8w5Zx.jpg
The Life Before Her Eyes,https://image.tmdb.org/t/p/w500/1Kmy4EfYegTyQNQeHZomTWvmFPe.jpg
Darling Companion,https://image.tmdb.org/t/p/w500/krKAMxPbzPcb0FvF9QoySiCHihi.jpg
Trade,https://image.tmdb.org/t/p/w500/x2ckiEGoYz2AomOeviEPqnhrw7Q.jpg
Fateless,https://image.tmdb.org/t/p/w500/eLR8T7uNFNYYwne7Z1fAjQi8Nzy.jpg
Breakfast of Champions,https://image.tmdb.org/t/p/w500/5uNVeZNt7qxDWLJAZ0PER03WtKE.jpg
"A Woman, a Gun and a Noodle Shop",https://image.tmdb.org/t/p/w500/zqIjReP7BAx3OqKayy7vwIQ1Kqv.jpg
Cypher,https://image.tmdb.org/t/p/w500/7wYwmDuCbdKF7sAcLj7eqrNaiam.jpg
City of Life and Death,https://image.tmdb.org/t/p/w500/xY6OUM2aRCmmq1ySTg2eu5rVmcq.jpg
Legend of a Rabbit,https://image.tmdb.org/t/p/w500/eVvbz9tsdAeZ0SeOws9AYFyJS0t.jpg
Space Battleship Yamato,https://image.tmdb.org/t/p/w500/qlRJcIFiVwA6X58LOGNuMP1io2H.jpg
5 Days of War,https://image.tmdb.org/t/p/w500/iRH1VspiF7lyHj7P4mRP5tqmqxv.jpg
Triangle,https://image.tmdb.org/t/p/w500/cRlMrbc4Iof7vN0ZqHwJnMBYBLi.jpg
10 Days in a Madhouse,https://image.tmdb.org/t/p/w500/iTvJ5tc6Os90JXza9XfDktYlAOj.jpg
Heaven is for Real,https://image.tmdb.org/t/p/w500/tsFovEJuZHVgpvFTHXb37l7ma4F.jpg
Snatch,https://image.tmdb.org/t/p/w500/kJZoAHq1SLDdWjeNGtlHAnGpmFV.jpg
Dancin' It's On,https://image.tmdb.org/t/p/w500/vSJ7W4RVTjN5QePdfFqnZuoTeaB.jpg
Pet Sematary,https://image.tmdb.org/t/p/w500/a1gIACZb04bL8EvLqMpofW2Eqeo.jpg
Madadayo,https://image.tmdb.org/t/p/w500/d6uufygMy6kUwuNgIjtmSIomqzM.jpg
The Cry of the Owl,https://image.tmdb.org/t/p/w500/h9VizOOadBJixcbpswSqM0bb30c.jpg
A Tale of Three Cities,https://image.tmdb.org/t/p/w500/fRnFmQ8kkTLptnm8cDUXQ1ZYP9o.jpg
Gremlins,https://image.tmdb.org/t/p/w500/6m0F7fsXjQvUbCZrPWcJNrjvIui.jpg
Star Wars,https://image.tmdb.org/t/p/w500/6FfCtAuVAW8XJjZ7eWeLibRLWTw.jpg
Dirty Grandpa,https://image.tmdb.org/t/p/w500/k0Lz1TfSlbcQthQKYGwE7blDfwN.jpg
Doctor Zhivago,https://image.tmdb.org/t/p/w500/r0Iv2BiCFYDnzc6uU1q3AJ56igT.jpg
Trash,https://image.tmdb.org/t/p/w500/31iTD5hlbcRpPonuxSp77GxRGQf.jpg
High School Musical 3: Senior Year,https://image.tmdb.org/t/p/w500/aq2o1wT0crBOTxof36O6KTyjpgE.jpg
The Fighter,https://image.tmdb.org/t/p/w500/xfsFerGhO1h6rLk8vwLgMyQ8WVJ.jpg
Jackass Number Two,https://image.tmdb.org/t/p/w500/u73V8dMqUwjtPL6gWesCE7ji9GU.jpg
My Cousin Vinny,https://image.tmdb.org/t/p/w500/iwSURa8nS2ujwrU3s1lfxxX7voH.jpg
If I Stay,https://image.tmdb.org/t/p/w500/7Twh8h3Wh7GC9npTAEUThgkxkWL.jpg
Drive Hard,https://image.tmdb.org/t/p/w500/wSujXhZJPvwKtMhIAuIuXZ93gYO.jpg
Major League,https://image.tmdb.org/t/p/w500/ypUedY9zX4nGGf1lQv1UGc8PhPA.jpg
St. Trinian's,https://image.tmdb.org/t/p/w500/aOVxLigLjkix69vq6iiu0XXPnai.jpg
Phone Booth,https://image.tmdb.org/t/p/w500/r6lIwPKVDa6Q76qH2TbIBqPhXL3.jpg
A Walk to Remember,https://image.tmdb.org/t/p/w500/8lUYMvWdHA0Q0k5F76RQCeCBUkA.jpg
Dead Man Walking,https://image.tmdb.org/t/p/w500/eShxyjhWoFl3BwsuEmVsr4nLaMZ.jpg
Cruel Intentions,https://image.tmdb.org/t/p/w500/76cCsRtQ5MJBAqoigojXsLXLJwh.jpg
Saw VI,https://image.tmdb.org/t/p/w500/d4CSIN6lNnz37d2Tg6pFr7gS0WT.jpg
History of the World: Part I,https://image.tmdb.org/t/p/w500/6iAl78qZHT65erPXr2YW6Y54wlY.jpg
The Secret Life of Bees,https://image.tmdb.org/t/p/w500/m1LGEeoYfc6crbfG8WmTKg9SVqL.jpg
Corky Romano,https://image.tmdb.org/t/p/w500/aLgzSIgHTyWggrP7ieDVYE3PB8g.jpg
Raising Cain,https://image.tmdb.org/t/p/w500/5vRn138vnZeUNFe32qTuPGKkVLR.jpg
F.I.S.T.,https://image.tmdb.org/t/p/w500/yiqQHB0vZg9O6z7VvAefV3fSPqX.jpg
Invaders from Mars,https://image.tmdb.org/t/p/w500/rs3cOVZtrXD27XQQdut1FWFYrUG.jpg
Brooklyn,https://image.tmdb.org/t/p/w500/cs7W8j5lI7qzRW6tKSj9p1Q0Ze7.jpg
Barry Lyndon,https://image.tmdb.org/t/p/w500/znfLskGQnXYB2xcOGM9eInRHPAV.jpg
Out Cold,https://image.tmdb.org/t/p/w500/2aBepBnMXRs3hmde9Je3rn5bseJ.jpg
The Ladies Man,https://image.tmdb.org/t/p/w500/kKMhGSwydCVjrOWwggDlSvcgzCl.jpg
Quartet,https://image.tmdb.org/t/p/w500/lDg2DfB5MuEoUeRFQqzBFVoWGep.jpg
Tomcats,https://image.tmdb.org/t/p/w500/pAHD3TfoDJX6jCPVhICBNLBxnBH.jpg
Frailty,https://image.tmdb.org/t/p/w500/jid7dyfHa6ApZSTweC3T3nllWjh.jpg
Woman in Gold,https://image.tmdb.org/t/p/w500/6eoj6bozvgwNuDV3vOrqlvrCrX.jpg
Kinsey,https://image.tmdb.org/t/p/w500/cODCjWNRcZkwe4ONQs1GzRqYtRb.jpg
Army of Darkness,https://image.tmdb.org/t/p/w500/xsgTuAtR2zSH8Umg3jWZcZjlDpe.jpg
Slackers,https://image.tmdb.org/t/p/w500/g3xn7tRnGxVwwKc2tge7nPssywQ.jpg
What's Eating Gilbert Grape,https://image.tmdb.org/t/p/w500/8FxWgsfDNosewo7H65oE4QkOb7g.jpg
The Visual Bible: The Gospel of John,https://image.tmdb.org/t/p/w500/rKbmbnYfFhgTjGoDU9F4pIhVvKh.jpg
Vera Drake,https://image.tmdb.org/t/p/w500/556fElboCLlEmP8UULaYosU45Bc.jpg
The Guru,https://image.tmdb.org/t/p/w500/1GQ4nYfRU4rANvCFq4y2o1GExgQ.jpg
The Perez Family,https://image.tmdb.org/t/p/w500/jxi3UDHf86kDk5hqJxnpEMzVch2.jpg
Inside Llewyn Davis,https://image.tmdb.org/t/p/w500/nNxK3pC3DMpPpWKMvo2p3liREVT.jpg
O,https://image.tmdb.org/t/p/w500/6zcnbgNm4Es96sfsgoUavqbAed9.jpg
Return to the Blue Lagoon,https://image.tmdb.org/t/p/w500/jhUTLuPgc3Qcvr5xtji8oiWSfYy.jpg
The Molly Maguires,https://image.tmdb.org/t/p/w500/3ywN7tPWiOkbalS2gAEPzNk4Nq9.jpg
Romance & Cigarettes,https://image.tmdb.org/t/p/w500/phSntD46jD5IfYAa2lSoU6xJDJ6.jpg
Copying Beethoven,https://image.tmdb.org/t/p/w500/xplAbPXhZF9B3H4OnhjQsEKUESe.jpg
Brighton Rock,https://image.tmdb.org/t/p/w500/7uq3onOHexPe4Xcj5bdRL7NKkIi.jpg
Saw V,https://image.tmdb.org/t/p/w500/rKl79KqLXg60KFyKsLe4wSSjQ08.jpg
Machine Gun McCain,https://image.tmdb.org/t/p/w500/nlCoQTTfVVuzpEbNe2H0ovjnsA.jpg
LOL,https://image.tmdb.org/t/p/w500/AlnBUoKzzPnczrzzxuh0SYwDa3Z.jpg
Jindabyne,https://image.tmdb.org/t/p/w500/zozfpvbl8OezjqBsgFByTGkbnw8.jpg
Kabhi Alvida Naa Kehna,https://image.tmdb.org/t/p/w500/lwgH4S0km8lD7rk5qy78EKW8YEn.jpg
An Ideal Husband,https://image.tmdb.org/t/p/w500/Aac3Kw7qAszSotkTNle4bvu3uuH.jpg
The Last Days on Mars,https://image.tmdb.org/t/p/w500/kxcQkAhpn8cvJTsU8PXblI5Qq8F.jpg
Darkness,https://image.tmdb.org/t/p/w500/xsgTuAtR2zSH8Umg3jWZcZjlDpe.jpg
2001: A Space Odyssey,https://image.tmdb.org/t/p/w500/ve72VxNqjGM69Uky4WTo2bK6rfq.jpg
E.T. the Extra-Terrestrial,https://image.tmdb.org/t/p/w500/an0nD6uq6byfxXCfk6lQBzdL2J1.jpg
In the Land of Women,https://image.tmdb.org/t/p/w500/qbfVeY8sE3luiRXYZTPT9rjV6p1.jpg
The Blue Butterfly,https://image.tmdb.org/t/p/w500/wuKQhiIrPPhY6DDOdYYrsWoVcK9.jpg
There Goes My Baby,https://image.tmdb.org/t/p/w500/3KM98skbDojKhXFvShERFsTxv3a.jpg
Housefull,https://image.tmdb.org/t/p/w500/koPiIQ7evC5rer6modUDxoZjYV.jpg
September Dawn,https://image.tmdb.org/t/p/w500/hZomhyZMwrRk8D57BXz4xDcFT4H.jpg
For Greater Glory - The True Story of Cristiada,https://image.tmdb.org/t/p/w500/7jgh0ej04j98q2NFpSZLlpDazUo.jpg
The Bélier Family,https://image.tmdb.org/t/p/w500/kAQeZUZ1pMTSjSF3d6eBZClFGgN.jpg
Good Will Hunting,https://image.tmdb.org/t/p/w500/z2FnLKpFi1HPO7BEJxdkv6hpJSU.jpg
Misconduct,https://image.tmdb.org/t/p/w500/agQHIsW5nLbKS5exd79NhUw9uY8.jpg
Saw III,https://image.tmdb.org/t/p/w500/4iO9n24Rb10peXV0JH2EldIOrAp.jpg
Stripes,https://image.tmdb.org/t/p/w500/vP8tPOgmJSNOh4bpOv1bFjid3rZ.jpg
Bring It On,https://image.tmdb.org/t/p/w500/bnVby0qI0dS7YunbShP7mw68HY3.jpg
The Purge: Election Year,https://image.tmdb.org/t/p/w500/gg7tlp45xqGWMra0sqQVPvybje2.jpg
She's All That,https://image.tmdb.org/t/p/w500/a0pepZNFCjggc7Na9gEwbTI1f46.jpg
Saw IV,https://image.tmdb.org/t/p/w500/ku1QdCXOU4ckz3zxLLlis8MIJVm.jpg
White Noise,https://image.tmdb.org/t/p/w500/ncB9SvOclmXYALlcAsF1jRIuISl.jpg
Madea's Family Reunion,https://image.tmdb.org/t/p/w500/lAzrDS5bJJSSdPAUxuctCoomXUc.jpg
The Color of Money,https://image.tmdb.org/t/p/w500/dVdnHmdQu3JtLAAksjTmTEF76gD.jpg
The Longest Day,https://image.tmdb.org/t/p/w500/5zmvEofdIlgXrQl9A7e5IOzlnFU.jpg
The Mighty Ducks,https://image.tmdb.org/t/p/w500/zxaCHxKDFNi6frh1Q0dj19L216o.jpg
The Grudge,https://image.tmdb.org/t/p/w500/7vPAVPKYexQVmvC578wPLn2CGCL.jpg
Happy Gilmore,https://image.tmdb.org/t/p/w500/4RnCeRzvI1xk5tuNWjpDKzSnJDk.jpg
Jeepers Creepers,https://image.tmdb.org/t/p/w500/g410Y1U1ELbmJG14Zru3UAimm1G.jpg
Bill & Ted's Excellent Adventure,https://image.tmdb.org/t/p/w500/tV25lGWGWGEqUe3U0xjQTBgilSx.jpg
Oliver!,https://image.tmdb.org/t/p/w500/1XJgoaOWKrqxkKeBKWLKSigqG8c.jpg
The Best Exotic Marigold Hotel,https://image.tmdb.org/t/p/w500/gNWiOKTWDvPTpr7QfPWk18gLftz.jpg
Recess: School's Out,https://image.tmdb.org/t/p/w500/qsUCoeTwCNIrvDrUiWlTCgyRFZy.jpg
Mad Max Beyond Thunderdome,https://image.tmdb.org/t/p/w500/jJlxcEVVUHnrUeEkQ0077VeHQpb.jpg
Commando,https://image.tmdb.org/t/p/w500/ollPAAAgZ7euU8VisfqU3cuXhZ6.jpg
The Boy,https://image.tmdb.org/t/p/w500/kW2vgzhyWXQu5UxNzebPokipBqH.jpg
Devil,https://image.tmdb.org/t/p/w500/aivXPSi53H95BoUa5njEYso389s.jpg
Friday After Next,https://image.tmdb.org/t/p/w500/sxHFGPKLWj9e3aaA6wGVxghoiPE.jpg
Insidious: Chapter 3,https://image.tmdb.org/t/p/w500/iDdGfdNvY1EX0uDdA4Ru77fwMfc.jpg
The Last Dragon,https://image.tmdb.org/t/p/w500/r5QnLY30gXlZ8luiJE3quDs1WNF.jpg
The Lawnmower Man,https://image.tmdb.org/t/p/w500/1VLqWcel87oYVmN383FgSH0mCTY.jpg
Nick and Norah's Infinite Playlist,https://image.tmdb.org/t/p/w500/cndxWgZEHnSUtytrMjal97ye34E.jpg
Dogma,https://image.tmdb.org/t/p/w500/oxhHl2YokTqcP44QK5tiTgjgLgk.jpg
The Banger Sisters,https://image.tmdb.org/t/p/w500/pQ7XoEqroHcCQVKP9Xo8JpujuHU.jpg
Twilight Zone: The Movie,https://image.tmdb.org/t/p/w500/sDWARc5aYTUKE8Y2FIGVgWXuI4K.jpg
Road House,https://image.tmdb.org/t/p/w500/n7Ra0BRYQVn47kiqOMyS8vdY0QS.jpg
A Low Down Dirty Shame,https://image.tmdb.org/t/p/w500/v5XUfLrdoGfatObGXhqckYTNqFT.jpg
Swimfan,https://image.tmdb.org/t/p/w500/sHSRRxzBeUtxMosSqpCcBiGnPYI.jpg
Employee of the Month,https://image.tmdb.org/t/p/w500/vfALEF9wz4CEep071iOwM5Qqd17.jpg
Can't Hardly Wait,https://image.tmdb.org/t/p/w500/r3a5gGWfS0SDS9nriNrJzSSrErf.jpg
The Outsiders,https://image.tmdb.org/t/p/w500/l9os0HcXY8BOkvUWAx4rvby3j6L.jpg
Pete's Dragon,https://image.tmdb.org/t/p/w500/A9x4Ogk8KUXTfU649NS6lS9TCmu.jpg
The Dead Zone,https://image.tmdb.org/t/p/w500/9yTVaeS8eIkOpbwIycVFm7EQrgF.jpg
Sinister 2,https://image.tmdb.org/t/p/w500/hF6ORyihtAWHqKkIQI8BSpLQyON.jpg
Sparkle,https://image.tmdb.org/t/p/w500/6LqVIhz0xxoFjiGjftDW69DbvNi.jpg
Valentine,https://image.tmdb.org/t/p/w500/jMtWV4FixMGTgUjbr9NFVEANGYQ.jpg
The Fourth Kind,https://image.tmdb.org/t/p/w500/vfnsGUwurUQqlpvArBvUVc9rYXa.jpg
A Prairie Home Companion,https://image.tmdb.org/t/p/w500/jVdqvd8SgPTWLdG3qc9pSlXGxQi.jpg
Sugar Hill,https://image.tmdb.org/t/p/w500/6bnYhhJS7vuDMRPVSplWaXdK49g.jpg
Invasion U.S.A.,https://image.tmdb.org/t/p/w500/mE5dSRTKW1dzV7D0pgP8sMxyIa9.jpg
Roll Bounce,https://image.tmdb.org/t/p/w500/lStFr3EHTNbnyOdOk2QDCqYGnlR.jpg
Rushmore,https://image.tmdb.org/t/p/w500/hSJ6swahAuZ8wM96lHDTwQPXUvZ.jpg
Skyline,https://image.tmdb.org/t/p/w500/7pdUFPw76zGwDKbNpXxJknh0YWB.jpg
The Second Best Exotic Marigold Hotel,https://image.tmdb.org/t/p/w500/j4PARl3gDpv2K45YAv0tgocLW5K.jpg
Kit Kittredge: An American Girl,https://image.tmdb.org/t/p/w500/niHi0hJSryO5DpSVNCMASc3EELc.jpg
The Perfect Man,https://image.tmdb.org/t/p/w500/nYbN3WeFX15KhtR0IFUAWF9CPte.jpg
Mo' Better Blues,https://image.tmdb.org/t/p/w500/sEa6m5RjfrqfTzY1eHkC85shiUF.jpg
Kung Pow: Enter the Fist,https://image.tmdb.org/t/p/w500/gVsZ1hsJ9g11oCCav4N8ccp9bRw.jpg
Tremors,https://image.tmdb.org/t/p/w500/cA4ggkZ3r1d5r9hOAUWC8x5ul2i.jpg
Wrong Turn,https://image.tmdb.org/t/p/w500/12G5V0dTmljnv7RFMT144dJ2chh.jpg
The Long Riders,https://image.tmdb.org/t/p/w500/1Dk9dieSkZeiEVarZFsPJdF9Qel.jpg
The Corruptor,https://image.tmdb.org/t/p/w500/1Eg34AuZG1jtAvdM8xGHW5jiwCF.jpg
Mud,https://image.tmdb.org/t/p/w500/o2jT5jQdKh1HAF0fMKuGwBOwOYB.jpg
Reno 911!: Miami,https://image.tmdb.org/t/p/w500/l9v3nqTU4Gj2zuASGDLJX4YD8ma.jpg
One Direction: This Is Us,https://image.tmdb.org/t/p/w500/b720e7DW3nqRJaUH9xpTtvYhnUj.jpg
"The Goods: Live Hard, Sell Hard",https://image.tmdb.org/t/p/w500/1nEd4aLuRlAPFqUdcCYekAAjWsn.jpg
Hey Arnold! The Movie,https://image.tmdb.org/t/p/w500/etxcq4qiFNi5p0q71APw8MNzPPT.jpg
My Week with Marilyn,https://image.tmdb.org/t/p/w500/5naqXRY1Zug5cyJJbO9H4DOg28q.jpg
The Matador,https://image.tmdb.org/t/p/w500/oJnlAGmrhsg4QrlVKGgP91J6WPu.jpg
Love Jones,https://image.tmdb.org/t/p/w500/iuwimPkDm7kfptKm5zlK0pIzqXM.jpg
The Gift,https://image.tmdb.org/t/p/w500/kH3qLP8pn68Xq5XwvmPkCyaAU7W.jpg
End of the Spear,https://image.tmdb.org/t/p/w500/2jMM1cuF1FcxdPPdEJy8gquDmES.jpg
Get Over It,https://image.tmdb.org/t/p/w500/hS1jjzTe4P8GMWGnvca7HIndPEX.jpg
Office Space,https://image.tmdb.org/t/p/w500/iEmTwOkUaLziMQCUZii5wPQBIAO.jpg
Drop Dead Gorgeous,https://image.tmdb.org/t/p/w500/iMMvFvHhURa4cWv6CxhpwIDjme2.jpg
Big Eyes,https://image.tmdb.org/t/p/w500/203HAjJcLMl7xThcTqZx4zmEGcV.jpg
Very Bad Things,https://image.tmdb.org/t/p/w500/rYmyRxF5e9fBdgcQScKu0CUtMy5.jpg
Sleepover,https://image.tmdb.org/t/p/w500/enkN3m4KqjXimZThVGbsQAig54X.jpg
Body Double,https://image.tmdb.org/t/p/w500/lRFm5P2AdOGpELwm3HHhmUz6k5I.jpg
MacGruber,https://image.tmdb.org/t/p/w500/9cO8JD7aaQzI4q8lBS8MYXH8LrJ.jpg
Dirty Pretty Things,https://image.tmdb.org/t/p/w500/nWpXOqB1STDq8ji3rQawcg1fGS9.jpg
Movie 43,https://image.tmdb.org/t/p/w500/uYa06GxHsCsELx9vOQ11vsT0Aa6.jpg
Over Her Dead Body,https://image.tmdb.org/t/p/w500/85moNqAncGlJXEwt4Ja3DfNbiQY.jpg
Seeking a Friend for the End of the World,https://image.tmdb.org/t/p/w500/rBbCwFLyt7Q25yaw2bEOQh7RMG1.jpg
Cedar Rapids,https://image.tmdb.org/t/p/w500/udHprtPPfDHdcR1ijoY24mt9OB1.jpg
American History X,https://image.tmdb.org/t/p/w500/x2drgoXYZ8484lqyDj7L1CEVR4T.jpg
The Collection,https://image.tmdb.org/t/p/w500/qbhJiXi48fRQevHf56i2JmYqyJ7.jpg
Teacher's Pet,https://image.tmdb.org/t/p/w500/3IiwOT4QF4beOOdCLbJxdw7xzH1.jpg
The Red Violin,https://image.tmdb.org/t/p/w500/uPjq8PaNDhFQTzOu4Ce91f6BFgZ.jpg
The Straight Story,https://image.tmdb.org/t/p/w500/tT9cMiVDdtlcdZxOoFy3VRmEoKk.jpg
Deuces Wild,https://image.tmdb.org/t/p/w500/nyr9WT4mLYZHFRINuyWCQExV9ku.jpg
Bad Words,https://image.tmdb.org/t/p/w500/hZo399sszo6QxEPOmqJiq5NhQeU.jpg
"Run, Fatboy, Run",https://image.tmdb.org/t/p/w500/2MZNPXJquIG8OcwajiR8YkCr7ak.jpg
Heartbeeps,https://image.tmdb.org/t/p/w500/zxK1jyN8apEUyYerMLStaHIM2z8.jpg
Black or White,https://image.tmdb.org/t/p/w500/hOxxudUwgh5KGC7LtxDCkkwn1YP.jpg
On the Line,https://image.tmdb.org/t/p/w500/xJWpaR7btIdbv8KJEwb7nlBLbyB.jpg
Rescue Dawn,https://image.tmdb.org/t/p/w500/ymPlV2ymUBSctfRzpehFOxFmJiS.jpg
Danny Collins,https://image.tmdb.org/t/p/w500/sf9ndc9l6alP9DhJF1ZpKz1PaXK.jpg
"Jeff, Who Lives at Home",https://image.tmdb.org/t/p/w500/9zn7I5dmZ7IGng87gWVk9K37eq7.jpg
I Am Love,https://image.tmdb.org/t/p/w500/ss57QaZX5OE3YxoTZeKW5Y6U83S.jpg
Atlas Shrugged Part II,https://image.tmdb.org/t/p/w500/9iwPz9zy1uCP73QMxhNs6gaTTom.jpg
Romeo Is Bleeding,https://image.tmdb.org/t/p/w500/ojXNRpHMXU99UFmF9MKKiJCymKr.jpg
The Limey,https://image.tmdb.org/t/p/w500/efAnFInZYrenNvBlLIXN2oLYyNc.jpg
Crash,https://image.tmdb.org/t/p/w500/86BdPC6RDX88NC880pLidKn2LCj.jpg
The House of Mirth,https://image.tmdb.org/t/p/w500/gCEboOrNXFmqE5pKUn42fTHZx8R.jpg
Malone,https://image.tmdb.org/t/p/w500/uA32G48OnKutmWdifMSi9hp2jed.jpg
Peaceful Warrior,https://image.tmdb.org/t/p/w500/r4VQCZe3aSo7TmmsxcyLqaoMR1l.jpg
Bucky Larson: Born to Be a Star,https://image.tmdb.org/t/p/w500/avCsg52549PHT5nVXIW7c3BEZ7b.jpg
Bamboozled,https://image.tmdb.org/t/p/w500/oAg1mUUxdWJNLa6t1gctbQhXHVN.jpg
The Forest,https://image.tmdb.org/t/p/w500/1TohqCqMbaiuRLJPrPW0vnQP3lE.jpg
Sphinx,https://image.tmdb.org/t/p/w500/kqAEPlF6TzBHZJK5RKusam0Y79Y.jpg
While We're Young,https://image.tmdb.org/t/p/w500/rdYXGeK3OZjBrd2R8A1sSS0Kxcq.jpg
A Better Life,https://image.tmdb.org/t/p/w500/eY9wOw5PjrRXUTLgNmqWb60it10.jpg
Spider,https://image.tmdb.org/t/p/w500/nXdAh5vUwERL4WGVMaee8RoDEAS.jpg
Gun Shy,https://image.tmdb.org/t/p/w500/iMCuGjQu5LsS6hyr5KmRDNqcomy.jpg
Nicholas Nickleby,https://image.tmdb.org/t/p/w500/uLilCY2We3Ore9Ke7CdafntHvmT.jpg
The Iceman,https://image.tmdb.org/t/p/w500/3edygPSm9XdISHza8zqHUVAQHAD.jpg
Krrish,https://image.tmdb.org/t/p/w500/Apd4UKesyTmpDutEjNVHP45kvBi.jpg
Cecil B. Demented,https://image.tmdb.org/t/p/w500/gCXUA9BUOSDmOFVfkVBF4v15Td6.jpg
Killer Joe,https://image.tmdb.org/t/p/w500/6Tt1TQeOI4TpXu1cBUgNGNGeznW.jpg
The Joneses,https://image.tmdb.org/t/p/w500/5YINGouZK9pmPdMPAHv158eQf3o.jpg
Owning Mahowny,https://image.tmdb.org/t/p/w500/xQYKqpN6fD7Dc7Vu8xnShHPKDwe.jpg
The Brothers Solomon,https://image.tmdb.org/t/p/w500/63u2QZZZIaME05TSv3tLKpibII1.jpg
My Blueberry Nights,https://image.tmdb.org/t/p/w500/w9w3m2IB9QRZXxi6R51ZamKv3HS.jpg
Illuminata,https://image.tmdb.org/t/p/w500/vovb7pbU3CkKjfcmOxwz7AMbpCX.jpg
Swept Away,https://image.tmdb.org/t/p/w500/rAa3nTeDpwgLX6XxnT3wR86C5WE.jpg
"War, Inc.",https://image.tmdb.org/t/p/w500/nlGsWWYC9n4lkbIoTXmI42dkJqb.jpg
Shaolin Soccer,https://image.tmdb.org/t/p/w500/z6ZQqwoxWy9muIxwUP4K2zWw7BU.jpg
The Brown Bunny,https://image.tmdb.org/t/p/w500/bGzU4TgdqmMjIfPIgf2MjDW6H7c.jpg
The Swindle,https://image.tmdb.org/t/p/w500/ySOZSH5gIr6G1Aphe27jqJrhPnk.jpg
Rosewater,https://image.tmdb.org/t/p/w500/wBqskkwzm8evtfdjGsgPx1qypjk.jpg
The Chambermaid on the Titanic,https://image.tmdb.org/t/p/w500/p4frEECepz84DjgB7clmwBOXldE.jpg
Coriolanus,https://image.tmdb.org/t/p/w500/6W6In8IUJMkxB8aBipulho6QLDd.jpg
Imaginary Heroes,https://image.tmdb.org/t/p/w500/tHMgJGkovOFpHi2lnQ9xTrIaR7N.jpg
High Heels and Low Lifes,https://image.tmdb.org/t/p/w500/mXyhSM5xuTTKcD7vmdYkqspYWzC.jpg
World's Greatest Dad,https://image.tmdb.org/t/p/w500/1ESsZLvZPIvbCPCh7CPCSnF4EeH.jpg
Severance,https://image.tmdb.org/t/p/w500/yg1XRTyH5knwh3Tnij2sUV0ZZ5w.jpg
Edmond,https://image.tmdb.org/t/p/w500/2VFdGJDrl5n9WoC7d4I07hN3v5c.jpg
Welcome to the Rileys,https://image.tmdb.org/t/p/w500/tt9pBPoXjFu36rPqObwrgkYCY3t.jpg
Police Academy: Mission to Moscow,https://image.tmdb.org/t/p/w500/3517XQ9LpoEykyYq2TuDNS45MPP.jpg
Blood Done Sign My Name,https://image.tmdb.org/t/p/w500/lI71wTBxaqChXMIW8TyUWnqw1ED.jpg
Cinco de Mayo: La Batalla,https://image.tmdb.org/t/p/w500/7MAtraeiaKnTrbtzUBbc9SHkdct.jpg
Elsa & Fred,https://image.tmdb.org/t/p/w500/yNzVwtlqOmPLVKD5zZIzAME9vYc.jpg
"An Alan Smithee Film: Burn, Hollywood, Burn",https://image.tmdb.org/t/p/w500/KSGv5uV6SJS7mUMlttvLfWA6Lv.jpg
The Open Road,https://image.tmdb.org/t/p/w500/oOy2b1oj3IZ7rbqvlgZImZCST8W.jpg
The Good Guy,https://image.tmdb.org/t/p/w500/xwSQ62M3B1LTpHhau4MaREIwfSy.jpg
Motherhood,https://image.tmdb.org/t/p/w500/bzQCsmvPJU0L4tnPtQHlVliw2zn.jpg
Free Style,https://image.tmdb.org/t/p/w500/h74c8DziH9VAcVbr4aKGlrIawvw.jpg
Strangerland,https://image.tmdb.org/t/p/w500/Aqx7cDELYw5ZEZkS4EhyjnXXBV0.jpg
Janky Promoters,https://image.tmdb.org/t/p/w500/sQTn0iUDsfwSLOznzOzfDhC3J8I.jpg
Blonde Ambition,https://image.tmdb.org/t/p/w500/t3H5WVxxkNyFoaXfwKKkvKq7G0y.jpg
The Oxford Murders,https://image.tmdb.org/t/p/w500/aPGyZg44eCxccfoaNNbJwTJj66J.jpg
The Reef,https://image.tmdb.org/t/p/w500/s5JGAqmdv1cHlDjMqsmQUkVo2lW.jpg
Eulogy,https://image.tmdb.org/t/p/w500/u56l2hEhbiVHT4wcjBapcVtAtY6.jpg
White Noise 2: The Light,https://image.tmdb.org/t/p/w500/7rp6W0Rj7BoopylLnIRsIScDu9W.jpg
Beat the World,https://image.tmdb.org/t/p/w500/nZCPl2Du2PRkky4Mzb4YiXk9C1Q.jpg
Fifty Dead Men Walking,https://image.tmdb.org/t/p/w500/ahHguslRzE5Qgx8KTJvlDeSEJE2.jpg
Jungle Shuffle,https://image.tmdb.org/t/p/w500/crcj3IEAUtzIySVjw3HN2tS910S.jpg
Adam Resurrected,https://image.tmdb.org/t/p/w500/k0Di5lSe0oIzpJle2O9T5di4w3M.jpg
Of Horses and Men,https://image.tmdb.org/t/p/w500/6eYTn4BrD8ycb3rqlXzd6oPEME4.jpg
It's a Wonderful Afterlife,https://image.tmdb.org/t/p/w500/uHXO6Fu4rWKmD2LLudXOeURWKDe.jpg
The Devil's Tomb,https://image.tmdb.org/t/p/w500/ex0dNOuABfkWVrNFfhsC0qTviA2.jpg
Partition,https://image.tmdb.org/t/p/w500/qCq3QZbrf2ENAEyPJVaCGbWOQ1N.jpg
Good Intentions,https://image.tmdb.org/t/p/w500/xBv29yp2y7jYnRJTyNio9MYKCZs.jpg
"The Good, The Bad, The Weird",https://image.tmdb.org/t/p/w500/lbPZ0aNoF0cHisg6DubFO2eS8so.jpg
Nurse 3-D,https://image.tmdb.org/t/p/w500/sZhXsT6ch1Z7NKFspMH7QyfpsBa.jpg
Gunless,https://image.tmdb.org/t/p/w500/8Y4pBlpDZzzDYCJlsrhgwmFNYM8.jpg
Adventureland,https://image.tmdb.org/t/p/w500/eeSJNAR1aWcgANq26KWIHm3cbyB.jpg
The Lost City,https://image.tmdb.org/t/p/w500/v19DsrJb0TJxTCdgaUzzuvOjfeD.jpg
Next Friday,https://image.tmdb.org/t/p/w500/dP4fYCGQZzg17ta7FvLwJVCwwt9.jpg
American Heist,https://image.tmdb.org/t/p/w500/526uxanwv4mMK0YTxjVrsmMXXo2.jpg
You Only Live Twice,https://image.tmdb.org/t/p/w500/9mvNd43HgTkbfPwX6MF6EoPIMIa.jpg
Plastic,https://image.tmdb.org/t/p/w500/1jva5sTJnlz9g11Xm0GTxl6WAIk.jpg
Amour,https://image.tmdb.org/t/p/w500/19hyCudualHxCD0GrEngqsi0wBF.jpg
Poltergeist III,https://image.tmdb.org/t/p/w500/pLewUibOJLGISvMqB94mAMdjz2q.jpg
Re-Kill,https://image.tmdb.org/t/p/w500/iPunx6eRmwxCDuDGB0N0o1jqADP.jpg
"It's a Mad, Mad, Mad, Mad World",https://image.tmdb.org/t/p/w500/j4mWzOisSHFkaqIkq34l2mm8a5K.jpg
Volver,https://image.tmdb.org/t/p/w500/m1ZUDGTFtVGE3zjTvF8OiQ9um5e.jpg
Heavy Metal,https://image.tmdb.org/t/p/w500/atUtWrDlLzT1yeVK2EoYtvbS963.jpg
Gentlemen Broncos,https://image.tmdb.org/t/p/w500/eRnUC60trqoRZuAtM8M3gOFT6ED.jpg
Richard III,https://image.tmdb.org/t/p/w500/cBg1AMH1ucPsDlNMfcHlrreQXQX.jpg
Into the Grizzly Maze,https://image.tmdb.org/t/p/w500/i5GbFCeZ0fG5xb2ta6B3yNgzIM7.jpg
Kites,https://image.tmdb.org/t/p/w500/lYJhUIsKtlke4gNNHkYZNppYlTZ.jpg
Melancholia,https://image.tmdb.org/t/p/w500/fMneszMiQuTKY8JUXrGGB5vwqJf.jpg
Red Dog,https://image.tmdb.org/t/p/w500/cbLh0tVqjqcDnob7w79XkIQ7gGI.jpg
Jab Tak Hai Jaan,https://image.tmdb.org/t/p/w500/1TlzJZrzUlaC95Noqt3oMoxQxCu.jpg
Alien,https://image.tmdb.org/t/p/w500/vfrQk5IPloGg1v9Rzbh2Eg3VGyM.jpg
The Texas Chain Saw Massacre,https://image.tmdb.org/t/p/w500/mpgkRPH1GNkMCgdPk2OMyHzAks7.jpg
The Runaways,https://image.tmdb.org/t/p/w500/byeTXKg9paqiFQbtfI28FOIhebg.jpg
Fiddler on the Roof,https://image.tmdb.org/t/p/w500/v65PHx7Q6Jx0anyNeUOX07SJic9.jpg
Thunderball,https://image.tmdb.org/t/p/w500/wCc4qllaTDsQN8zgGkAgQrKO6N9.jpg
Detention,https://image.tmdb.org/t/p/w500/wLuMoe16Z27DH96B2vg4FQNiAjj.jpg
Loose Cannons,https://image.tmdb.org/t/p/w500/gYSXvD0sB2MRXF5YreSWtdcW4Jv.jpg
Set It Off,https://image.tmdb.org/t/p/w500/wpiARyUqTfabzakAXHMIUY6Tl1A.jpg
The Best Man,https://image.tmdb.org/t/p/w500/ub2Njdn4kq49ndyg7QglnE8PUqT.jpg
Child's Play,https://image.tmdb.org/t/p/w500/wvpgvcWNkF2HLuTEMIM7K83MvZ.jpg
Sicko,https://image.tmdb.org/t/p/w500/8PxUhW78Oy4DWZNRyUkKYmhGUaH.jpg
The Purge: Anarchy,https://image.tmdb.org/t/p/w500/qwqHHZLZSUvMkAMQ47ymtfjEifY.jpg
Down to You,https://image.tmdb.org/t/p/w500/pqEEtX4S8j2XqZ9JAD97fz2DPkV.jpg
Harold & Kumar Go to White Castle,https://image.tmdb.org/t/p/w500/5vO7R4xYlDipTp8gzfRbWegO8eb.jpg
The Contender,https://image.tmdb.org/t/p/w500/duRe0F2GYHIDvqe2bqIAMP4gWeP.jpg
Boiler Room,https://image.tmdb.org/t/p/w500/jFB5uvCZ3HXF00liAEAuOruCPs6.jpg
Trading Places,https://image.tmdb.org/t/p/w500/8mBuLCOcpWnmYtZc4aqtvDXslv6.jpg
Black Christmas,https://image.tmdb.org/t/p/w500/ggxi18MGqi0lucWvfsdYkzSdGUJ.jpg
Breakin' All the Rules,https://image.tmdb.org/t/p/w500/piEqcDe7CTbxxPUSwswrsoKWzMw.jpg
Henry V,https://image.tmdb.org/t/p/w500/w9R2HsYNnfF3m9uEo2UAmPNJr8a.jpg
The Savages,https://image.tmdb.org/t/p/w500/nY54gSmTOmSXlQpWDB7DWp4u8a7.jpg
Chasing Papi,https://image.tmdb.org/t/p/w500/mdn6NwGZChgaSuWHQzYKYO1KBL6.jpg
The Way of the Gun,https://image.tmdb.org/t/p/w500/wrjMMdgn1a4ChlaBmlzKnb78nr6.jpg
Igby Goes Down,https://image.tmdb.org/t/p/w500/f53JBgzYESamcYT3LkUeeoSXPgi.jpg
PCU,https://image.tmdb.org/t/p/w500/xTToUzy9Im9nu2W8fz7TPWoDWN5.jpg
The Ultimate Gift,https://image.tmdb.org/t/p/w500/8BdVk1u110lwHFELTEO9HrPrIDa.jpg
The Ice Pirates,https://image.tmdb.org/t/p/w500/tv2iZbQYWwKcWOUWVFxOhcchKZT.jpg
Gracie,https://image.tmdb.org/t/p/w500/gPmRGO7iwVRWNd0n5ePWLfSHeuH.jpg
Trust the Man,https://image.tmdb.org/t/p/w500/njvBxeC3mj5XKjT9a2OdDglq9Yj.jpg
Hamlet 2,https://image.tmdb.org/t/p/w500/ljdmxGNwhuWZBsCgANlZrruFkJj.jpg
Velvet Goldmine,https://image.tmdb.org/t/p/w500/4EJkObEJFvXCuoVqOP7XBXGqdQ1.jpg
The Wailing,https://image.tmdb.org/t/p/w500/lWE9ih9qgjx8HatYboP7fG0nri.jpg
Glee: The Concert Movie,https://image.tmdb.org/t/p/w500/y5NCu183zREb4XmHSB6QP3K7TH2.jpg
The Legend of Suriyothai,https://image.tmdb.org/t/p/w500/t7dh4Ex3xBJ1nwiPpRGxgCTUa3Y.jpg
Two Evil Eyes,https://image.tmdb.org/t/p/w500/zVWaQfaSZ7AWE0XqbMT57szVmXo.jpg
Barbecue,https://image.tmdb.org/t/p/w500/f6qSHIFvo2NhvlbAi8WBehd4Xne.jpg
All or Nothing,https://image.tmdb.org/t/p/w500/5VRYeJ8DI3GkVzO7MUlug8v2BZO.jpg
Princess Kaiulani,https://image.tmdb.org/t/p/w500/6dsQxILe0AHmQoxhK8O9dXpLTYd.jpg
Opal Dream,https://image.tmdb.org/t/p/w500/3CNwFxtb3TYs1rzBsg9DnoPAbJS.jpg
Flame & Citron,https://image.tmdb.org/t/p/w500/32CKp29QyqimkjtdJRBzSRHPx4j.jpg
Undiscovered,https://image.tmdb.org/t/p/w500/7G9HOjUBcq1NDwff7Mc5GFhINSB.jpg
Red Riding: In the Year of Our Lord 1974,https://image.tmdb.org/t/p/w500/1MGUwUFkcAKawdsT2q88Sdo2vv6.jpg
The Girl on the Train,https://image.tmdb.org/t/p/w500/nche2N7Iu9hGJJcAKLpmeW4bEcM.jpg
Veronika Decides to Die,https://image.tmdb.org/t/p/w500/oUo9CNSKz4ELnxAh4l3BPcXcxKq.jpg
Crocodile Dundee,https://image.tmdb.org/t/p/w500/pduPduL1ub5kok3lPYT15ryC9L6.jpg
"Ultramarines: A Warhammer 40,000 Movie",https://image.tmdb.org/t/p/w500/eFfkF9uVqOhAxIKEyNCHfRRdGgj.jpg
The I Inside,https://image.tmdb.org/t/p/w500/vGPMhj7Pp2bxubm7JsCyTB3Tg6Z.jpg
Beneath Hill 60,https://image.tmdb.org/t/p/w500/5eHtQC77fmILNRd7FG70SOdChs8.jpg
Polisse,https://image.tmdb.org/t/p/w500/cKs3XSFVbFeZcH3g9geAvr6ApOl.jpg
Awake,https://image.tmdb.org/t/p/w500/xqooV6lR1Kdx4Q52Sim0aGbDTYP.jpg
Star Wars: Clone Wars: Volume 1,https://placehold.co/300x450/png?text=Movie
Skin Trade,https://image.tmdb.org/t/p/w500/dfXB4ZKQRINdrY3xXMyLUJrXQai.jpg
The Lost Boys,https://image.tmdb.org/t/p/w500/nH1lvyQvfbL5GKScTtT6zkIvDEn.jpg
Crazy Heart,https://image.tmdb.org/t/p/w500/zwao2YMsqf27IzNEtDNWSe0W9jH.jpg
The Rose,https://image.tmdb.org/t/p/w500/3hYyA2g5r0TDRbkSAOEeKelylh2.jpg
Baggage Claim,https://image.tmdb.org/t/p/w500/qSKvf23QuEJGt8MMrKvoFk85TZo.jpg
Barbarella,https://image.tmdb.org/t/p/w500/facTz5BZz4AkJal1FWgjYciekih.jpg
Shipwrecked,https://image.tmdb.org/t/p/w500/b1taxayvlKB6Qiera4O6gM8SocT.jpg
Election,https://image.tmdb.org/t/p/w500/fbo0IYzBc32dD5SjFzKIgfp4O4F.jpg
The Namesake,https://image.tmdb.org/t/p/w500/hxrf7HDwh0nIX4xXE06BdpEKW1V.jpg
The DUFF,https://image.tmdb.org/t/p/w500/A6ScveWmIPL9vSYyULD8ObqyHDQ.jpg
Glitter,https://image.tmdb.org/t/p/w500/388ru0R7fnBFPaVuJe4caRGGh54.jpg
The Haunting in Connecticut 2: Ghosts of Georgia,https://image.tmdb.org/t/p/w500/fBuk4jsOUjjjxCqS6rPgMKi1RB0.jpg
Silmido,https://image.tmdb.org/t/p/w500/jwE6cVIoJ4JP397yMGfBBpHMJmF.jpg
Bright Star,https://image.tmdb.org/t/p/w500/csN6y4nq2kaBiegHaGw0DGp4plf.jpg
My Name Is Khan,https://image.tmdb.org/t/p/w500/5Y36lCiNyyV71mjq6LavgiggbhT.jpg
All Is Lost,https://image.tmdb.org/t/p/w500/9cVA4oX2xHgiglv6hemxwAaofsq.jpg
Limbo,https://image.tmdb.org/t/p/w500/1ytI3G3dT6j888ySOwYhpJHz8ED.jpg
Namastey London,https://image.tmdb.org/t/p/w500/dO0F66lM1jehIH5bsooKSbdz7xG.jpg
The Wind That Shakes the Barley,https://image.tmdb.org/t/p/w500/yCb4LweL6U7KTgSda3Wb7vHiA9J.jpg
Yeh Jawaani Hai Deewani,https://image.tmdb.org/t/p/w500/em39H81XLCDgXsI7V4IcBZseEO6.jpg
Quo Vadis,https://image.tmdb.org/t/p/w500/dqF1dattMNiwGjPSphu2VSi558Q.jpg
Repo! The Genetic Opera,https://image.tmdb.org/t/p/w500/2G5LczM1clXu3byEudWk9w0KDYD.jpg
Valley of the Wolves: Iraq,https://image.tmdb.org/t/p/w500/s7NOQ6u6elKB7KiZVd3uUY3igW0.jpg
Pulp Fiction,https://image.tmdb.org/t/p/w500/vQWk5YBFWF4bZaofAbv0tShwBvQ.jpg
The Muppet Movie,https://image.tmdb.org/t/p/w500/s1bZUzf2hmKp7aaB8MeP2AnqkJv.jpg
Nightcrawler,https://image.tmdb.org/t/p/w500/j9HrX8f7GbZQm1BrBiR40uFQZSb.jpg
Club Dread,https://image.tmdb.org/t/p/w500/9slWyVotwxZNthMcKoeFaK3tgNz.jpg
The Sound of Music,https://image.tmdb.org/t/p/w500/c6CrUZypAsBCaRWX0M3RVRDbhNS.jpg
Splash,https://image.tmdb.org/t/p/w500/7FutTsMWBwVhjk1Ujf1wtndUVZh.jpg
Little Miss Sunshine,https://image.tmdb.org/t/p/w500/niNdhTpPHSgw22tK0PLjQMV640v.jpg
Stand by Me,https://image.tmdb.org/t/p/w500/vz0w9BSehcqjDcJOjRaCk7fgJe7.jpg
28 Days Later,https://image.tmdb.org/t/p/w500/sQckQRt17VaWbo39GIu0TMOiszq.jpg
You Got Served,https://image.tmdb.org/t/p/w500/nFwT3QisWFQa3Wlfnw1gC458xJn.jpg
Escape from Alcatraz,https://image.tmdb.org/t/p/w500/uORr2GXQnyqgBOg6tVsRCJD2qxc.jpg
Brown Sugar,https://image.tmdb.org/t/p/w500/n9SnhQk29094VoLfyiYM4viyCrU.jpg
A Thin Line Between Love and Hate,https://image.tmdb.org/t/p/w500/wo9AGi5LlFXZUj8MDPq3eKCUMpd.jpg
50/50,https://image.tmdb.org/t/p/w500/8f9tM9JVB4ETBhxlQcXIjLckArl.jpg
Shutter,https://image.tmdb.org/t/p/w500/t5AEelR6nS0ISwaSZCcUrF2GKZi.jpg
That Awkward Moment,https://image.tmdb.org/t/p/w500/tjDAdesZNYFyRNnZvLT0osc7S2t.jpg
Modern Problems,https://image.tmdb.org/t/p/w500/aH21h3sMMN3r6d9I8VSBw28fW7V.jpg
Kicks,https://image.tmdb.org/t/p/w500/5lW7mFOQW5wPlCIT0gUuYbhNtVP.jpg
Much Ado About Nothing,https://image.tmdb.org/t/p/w500/tvltGP6vYOkHdURag0jPSjhPUAV.jpg
On Her Majesty's Secret Service,https://image.tmdb.org/t/p/w500/m3KfbxvqaiAvRJ6MpguA3GuLdDQ.jpg
New Nightmare,https://image.tmdb.org/t/p/w500/q5BWxfL1x34nyYSvA3Qo5odleGW.jpg
Drive Me Crazy,https://image.tmdb.org/t/p/w500/qq2jbAOw5yWTaSPJIRHxvTf0bND.jpg
Akeelah and the Bee,https://image.tmdb.org/t/p/w500/tLejxaLJu8Qh5F2VKacWniMSZ3v.jpg
Half Baked,https://image.tmdb.org/t/p/w500/14TmEac4bquNaEld9t0uIliYoKE.jpg
New in Town,https://image.tmdb.org/t/p/w500/OMCGtMmmBE9NwmawLGZlaErdLk.jpg
American Psycho,https://image.tmdb.org/t/p/w500/9uGHEgsiUXjCNq8wdq4r49YL8A1.jpg
The Good Girl,https://image.tmdb.org/t/p/w500/jpRumFobwgPzxj5YH33Wswnxdam.jpg
Bon Cop Bad Cop,https://image.tmdb.org/t/p/w500/kidOf2K4pEM0Llsm8aIRcANTcSF.jpg
The Boondock Saints II: All Saints Day,https://image.tmdb.org/t/p/w500/jFHtFInp3tYIBxkwWMfNJf1RBZW.jpg
The City of Your Final Destination,https://image.tmdb.org/t/p/w500/cZnLXkvocKkB2FVBNycouH5AopG.jpg
Enough Said,https://image.tmdb.org/t/p/w500/p5naJg0K8xF0h0HWEfiz6rc9lC4.jpg
Easy A,https://image.tmdb.org/t/p/w500/v5f1qO6NJnxWgONgkYg21TW39DT.jpg
The Inkwell,https://image.tmdb.org/t/p/w500/b5qUq9l6ci9KzzAqYhpdxzjY7qi.jpg
Shadow of the Vampire,https://image.tmdb.org/t/p/w500/nWm7DWi8X4D87XkM5qr9BhTJHq6.jpg
Prom,https://image.tmdb.org/t/p/w500/pOYSCjYylOsEPkql3m9gcV1jycR.jpg
The Pallbearer,https://image.tmdb.org/t/p/w500/zwHI9B3kcj3WqZoE2LaLDi6ZeAO.jpg
Held Up,https://image.tmdb.org/t/p/w500/95AseMukZsjgDXC9NtgVQESAVgY.jpg
Woman on Top,https://image.tmdb.org/t/p/w500/eYHvcMeVjWPwATYI0VCdecMy2n3.jpg
Howards End,https://image.tmdb.org/t/p/w500/1009nhfj28VhhQnVadtjkOacduX.jpg
Anomalisa,https://image.tmdb.org/t/p/w500/4DJ1zNr4Y6q7zQ27goEYla46VdO.jpg
Another Year,https://image.tmdb.org/t/p/w500/zrkQcAatfBox5x9KZjaYGnKoqu6.jpg
8 Women,https://image.tmdb.org/t/p/w500/bJu4Gm7NQb2woPiIovrPD5jNWzf.jpg
Showdown in Little Tokyo,https://image.tmdb.org/t/p/w500/phwuQrs557cJkRhoS1TVWsslnJK.jpg
Clay Pigeons,https://image.tmdb.org/t/p/w500/6cxoftMuiwcQ9xzXfvGWAQfWUmK.jpg
It's Kind of a Funny Story,https://image.tmdb.org/t/p/w500/hQE4q8Szeaae4davgB7o8MTLmwr.jpg
Made in Dagenham,https://image.tmdb.org/t/p/w500/lcQGPxuk0fclp9UrFevI2lhDi1l.jpg
When Did You Last See Your Father?,https://image.tmdb.org/t/p/w500/fWzhqUMGva7sKENr4L6M1RC7BlA.jpg
Prefontaine,https://image.tmdb.org/t/p/w500/3jtG9mgfiZRTRQf19BiUAY6QPN3.jpg
The Wicked Lady,https://image.tmdb.org/t/p/w500/wpePR1PBAT3gQDsmDZQtB3q6ZLi.jpg
The Secret of Kells,https://image.tmdb.org/t/p/w500/vBymyj7QsXiW4TICD2JC5pAuBHO.jpg
Begin Again,https://image.tmdb.org/t/p/w500/qx4HXHXt528hS4rwePZbZo20xqZ.jpg
Down in the Valley,https://image.tmdb.org/t/p/w500/qgyp48naq0W7j4NbOttFi91DlYW.jpg
Brooklyn Rules,https://image.tmdb.org/t/p/w500/jTmCII6EnK1h0nLPusWvQnp9QTa.jpg
Restless,https://image.tmdb.org/t/p/w500/thASZuU3mynwpjQfYoZ4kwONdq5.jpg
The Singing Detective,https://image.tmdb.org/t/p/w500/bjkLSHpV294HIllRpHKWkNICs3N.jpg
The Land Girls,https://image.tmdb.org/t/p/w500/tfdj6Wx8vCDNZbzmIRR2hDn5mAr.jpg
Fido,https://image.tmdb.org/t/p/w500/hKUUn6f4Hxj5iqQKMlQzRqbg2yT.jpg
The Wendell Baker Story,https://image.tmdb.org/t/p/w500/sdBiC4J0QMDOoPzX4eudGnTM0MJ.jpg
Wild Target,https://image.tmdb.org/t/p/w500/ejKD5DQ7jouzEkz1fx5Fr8li2ZA.jpg
Pathology,https://image.tmdb.org/t/p/w500/tK9DvIwAuX5AExgEZqLCnf7qy5k.jpg
Wuthering Heights,https://image.tmdb.org/t/p/w500/ovirlrVffw8A70fiuMSf1Xv7AoK.jpg
10th & Wolf,https://image.tmdb.org/t/p/w500/2OBZth9rnSyMzZR8M0WwGj8ivDG.jpg
Dear Wendy,https://image.tmdb.org/t/p/w500/2IF19Tcx5D9d8iUWa0PxFhO6MYZ.jpg
Aloft,https://image.tmdb.org/t/p/w500/fxwJywCV6XLAFi0FcqVyduw0Fu.jpg
Akira,https://image.tmdb.org/t/p/w500/neZ0ykEsPqxamsX6o5QNUFILQrz.jpg
The Death and Life of Bobby Z,https://image.tmdb.org/t/p/w500/sgIthxRLUBTbaetVXvXwQEmbfn2.jpg
The Rocket: The Legend of Rocket Richard,https://image.tmdb.org/t/p/w500/uH55rXL4ad8TEm0vtlsFtXhZwKv.jpg
Swelter,https://image.tmdb.org/t/p/w500/3DJ8KOT2t8y8FiLn3hrMyPT9MyS.jpg
My Lucky Star,https://image.tmdb.org/t/p/w500/szLwgjHmmrDdFfDVnFnboNoex8v.jpg
Imagine Me & You,https://image.tmdb.org/t/p/w500/a7CbxY3TMwFKX6awlBxhb7Es6tS.jpg
Mr. Church,https://image.tmdb.org/t/p/w500/5fCfZEQwcbuqVPyMu7pN5XNpK5V.jpg
Swimming Pool,https://image.tmdb.org/t/p/w500/10xMAznUxI0LZPYyPxA9WjJsThr.jpg
Green Street Hooligans: Underground,https://image.tmdb.org/t/p/w500/jtlDK3r8G282Vi0cGMxLVJJkhke.jpg
The Blood of Heroes,https://image.tmdb.org/t/p/w500/ykdEyq2GCKRr8TsUBuVkRWuWkLj.jpg
Code of Honor,https://image.tmdb.org/t/p/w500/zoNvd5DNrQwGjc9lVit7rJMYFQY.jpg
Driving Miss Daisy,https://image.tmdb.org/t/p/w500/iaCzvcY42HihFxQBTZCTKMpsI0P.jpg
Soul Food,https://image.tmdb.org/t/p/w500/97t6YjxjTpwQ439MJcPiPDrMAg0.jpg
Rumble in the Bronx,https://image.tmdb.org/t/p/w500/1nAfchiXHQB3iyhK8fCJJEnNs5A.jpg
Far from Men,https://image.tmdb.org/t/p/w500/wREvEplB0wUf9eGLVTWpCR4Dz8o.jpg
Thank You for Smoking,https://image.tmdb.org/t/p/w500/41bMmglWT72OaRXrMROEyksOf3J.jpg
Hostel: Part II,https://image.tmdb.org/t/p/w500/qB20aiY8Ah3pQikkBxm3j7jQVc8.jpg
An Education,https://image.tmdb.org/t/p/w500/gLIvvUdlocGjm8XVLxhWHAKWrRq.jpg
Shopgirl,https://image.tmdb.org/t/p/w500/mEpnYHytC1MuLECf4N0g4Xql2t8.jpg
The Hotel New Hampshire,https://image.tmdb.org/t/p/w500/9XGGGniMtBqhox7JAV5JujlUqFz.jpg
Narc,https://image.tmdb.org/t/p/w500/uGHFyVdMQKvIXlsLAoXa5nOUGF.jpg
Men with Brooms,https://image.tmdb.org/t/p/w500/qWWvljKlmYwf1XtlJ0vu0u66xpi.jpg
Witless Protection,https://image.tmdb.org/t/p/w500/8oqQn2Yp0yc52mxZH1TDn6ByOb0.jpg
The Work and the Glory,https://image.tmdb.org/t/p/w500/b5Y3hNp7jY2rVea9EP0iCToNMlO.jpg
Extract,https://image.tmdb.org/t/p/w500/cjen0vxjybwItQPH3NNCJuME2MY.jpg
Masked and Anonymous,https://image.tmdb.org/t/p/w500/zKxB2Ivm1717Hbnuvvy2lONC4R1.jpg
Betty Fisher and Other Stories,https://image.tmdb.org/t/p/w500/ebo9Tgo8IYMmV7evHKEPXeKa7PQ.jpg
Code 46,https://image.tmdb.org/t/p/w500/ijayvLrCAwOVizi9OY8LZWq5SRW.jpg
Outside Bet,https://image.tmdb.org/t/p/w500/3VROYF5j0AjqI8hAtcBAYcQzHA6.jpg
Albert Nobbs,https://image.tmdb.org/t/p/w500/68fdlvmqTWGC2y5nGXQE5RfgNB5.jpg
Black November,https://image.tmdb.org/t/p/w500/onBy6iJt3BX8MSc7GjzIRgE07oV.jpg
Ta Ra Rum Pum,https://image.tmdb.org/t/p/w500/2KfeenEAF4rgGW6wX9o6ejzL53G.jpg
Persepolis,https://image.tmdb.org/t/p/w500/aU8i2QAdTyRR1nYb36Gq51xXP8p.jpg
The Hole,https://image.tmdb.org/t/p/w500/tQMxsrsVtpB2D2n01nUqgOMmSWD.jpg
The Wave,https://image.tmdb.org/t/p/w500/vtJ4u0fpTZhibxAJHzXtcdCxhsL.jpg
The Neon Demon,https://image.tmdb.org/t/p/w500/3rBo2AfWSlvsPmYFdJsNUMfkNIo.jpg
Harry Brown,https://image.tmdb.org/t/p/w500/lk9qVzvPHuL2vX9ixNut9n0KfYD.jpg
The Omega Code,https://image.tmdb.org/t/p/w500/vU73cxp7kxi5142nYZVzRibF5QP.jpg
Juno,https://image.tmdb.org/t/p/w500/jNIn2tVhpvFD6P9IojldI3mNYcn.jpg
Pound of Flesh,https://image.tmdb.org/t/p/w500/lLxgyIuENnjPLeNIoqwIg3XBwJ1.jpg
Diamonds Are Forever,https://image.tmdb.org/t/p/w500/ooDT0eKrWCxJCsn9JehPkD0QYNj.jpg
The Godfather,https://image.tmdb.org/t/p/w500/3bhkrj58Vtu7enYsRolD1fZdja1.jpg
Flashdance,https://image.tmdb.org/t/p/w500/ziiy6ORt8BlxWFXskBChBMInvDA.jpg
(500) Days of Summer,https://image.tmdb.org/t/p/w500/qXAuQ9hF30sQRsXf40OfRVl0MJZ.jpg
The Piano,https://image.tmdb.org/t/p/w500/rx8RKXn8OtuS6lqloYsjyrGOUp4.jpg
Magic Mike,https://image.tmdb.org/t/p/w500/cfRv1INLSSumjvxAqEGOP6b0Aw1.jpg
Darkness Falls,https://image.tmdb.org/t/p/w500/qoceKsM15yL5Tmyuhkdl7vM5Vi4.jpg
Live and Let Die,https://image.tmdb.org/t/p/w500/39qkrjqMZs6utwNmihVImC3ghas.jpg
My Dog Skip,https://image.tmdb.org/t/p/w500/nnPv7RuSn6UaPjZussIFljZdWS8.jpg
"Definitely, Maybe",https://image.tmdb.org/t/p/w500/4FuN9nBJ7ttO4BUopJCpT6B0yhH.jpg
Jumping the Broom,https://image.tmdb.org/t/p/w500/60OXQUsWfAdSimqwAAJ5EvBxTre.jpg
"Good Night, and Good Luck.",https://image.tmdb.org/t/p/w500/w4QSEno2xxHqMtSr3mPUhJpO3F2.jpg
Capote,https://image.tmdb.org/t/p/w500/tzsxkZMnJvozpHQEl1KzO8KwWu.jpg
Desperado,https://image.tmdb.org/t/p/w500/e3gwpBeXpvGZsxUya9zNym5QXrw.jpg
Logan's Run,https://image.tmdb.org/t/p/w500/v3ILN8ROPcrNRJ8S7GH24JyihH8.jpg
The Man with the Golden Gun,https://image.tmdb.org/t/p/w500/xVkbKwGnBVNQ122GN5bCTMyPbWz.jpg
Action Jackson,https://image.tmdb.org/t/p/w500/vWBGkHT91My4T2iV3xgynpBTKtQ.jpg
The Descent,https://image.tmdb.org/t/p/w500/mxFPI4KYBk5ri9cPteIS8jiDFgj.jpg
Michael Jordan to the Max,https://image.tmdb.org/t/p/w500/z20ChkIl7zq7yOAIIJkDuUBV3x0.jpg
Devil's Due,https://image.tmdb.org/t/p/w500/56zW5kl6b10UNIXpQZTUXV2iygC.jpg
Flirting with Disaster,https://image.tmdb.org/t/p/w500/uIcgXQYm2eqguUaYdbolQ4LWpMy.jpg
The Devil's Rejects,https://image.tmdb.org/t/p/w500/drZz4AuI7trq6BxlH9Xa4v4O0Pb.jpg
Dope,https://image.tmdb.org/t/p/w500/n6u00imN7AX2NiyWUc5kTgHXmEf.jpg
In Too Deep,https://image.tmdb.org/t/p/w500/mYteXffai9mmShyGCa4nPhfGCLQ.jpg
House of 1000 Corpses,https://image.tmdb.org/t/p/w500/29c2qgXmSREosLBevOILEuMWzQC.jpg
Alien Zone,https://image.tmdb.org/t/p/w500/77aIcIiYidhg4YFlNEXChaBk9R6.jpg
A Serious Man,https://image.tmdb.org/t/p/w500/5gGxDS8WmrebPlMHexVS8EVehiP.jpg
Get Low,https://image.tmdb.org/t/p/w500/6uUaQ5zn9neK1VLqO2sGClbJrb9.jpg
Warlock,https://image.tmdb.org/t/p/w500/1QHjr4lBd3vBN4kEqdDFlnJbsa7.jpg
Beyond the Lights,https://image.tmdb.org/t/p/w500/5Di9UXTa2bDec68WOFcZzgB1ot3.jpg
A Single Man,https://image.tmdb.org/t/p/w500/oN20MLvoLv14whAss05V3ETBu0p.jpg
The Last Temptation of Christ,https://image.tmdb.org/t/p/w500/7L4qwrC1mipZXJfU5oRgQWChLv1.jpg
Outside Providence,https://image.tmdb.org/t/p/w500/xSqewkFWR0zs7OkXLOd10VnxFPN.jpg
Bride & Prejudice,https://image.tmdb.org/t/p/w500/yqqo00GZqyG0dijKCqBbdQLUvht.jpg
Rabbit-Proof Fence,https://image.tmdb.org/t/p/w500/vs8ATIRGEEYpcByrNtJ1WyI3LeD.jpg
Who's Your Caddy?,https://image.tmdb.org/t/p/w500/5wBBy7y5woqSICjbQekzZjwJBe7.jpg
Split Second,https://image.tmdb.org/t/p/w500/c111nTTNsArsUqJx662hPrFymyz.jpg
The Other Side of Heaven,https://image.tmdb.org/t/p/w500/1jHSJULA0nEDfVeewlLvppsjve8.jpg
Veer-Zaara,https://image.tmdb.org/t/p/w500/j267YqLvKAHeyykTflxzpgVgviQ.jpg
Redbelt,https://image.tmdb.org/t/p/w500/tjLKe0QCGgSrvEd41Z4q2QpSoJF.jpg
Cyrus,https://image.tmdb.org/t/p/w500/qkJ0rB1qf62TJ6thxEVRT7Eccqn.jpg
A Dog Of Flanders,https://image.tmdb.org/t/p/w500/w65gcoD1zwmaPLM0gM8s9eynGcj.jpg
Auto Focus,https://image.tmdb.org/t/p/w500/71CQUn4vtpDQtAPXtaLP7IGH0Sg.jpg
Factory Girl,https://image.tmdb.org/t/p/w500/A5Sq71054VptVUQYGdIjjim4hFn.jpg
We Need to Talk About Kevin,https://image.tmdb.org/t/p/w500/AtdYbs1SqYwFOLyi2v6ldVTawbn.jpg
The Christmas Candle,https://image.tmdb.org/t/p/w500/7PpESUrwE2du9tWTjbQia4j9IKs.jpg
The Mighty Macs,https://image.tmdb.org/t/p/w500/frNp8Rmkr8wBDyKrZ89gYvrtxBa.jpg
Losin' It,https://image.tmdb.org/t/p/w500/7BQP8GzBW4ZZxqcc5tDH68yNeAI.jpg
Mother and Child,https://image.tmdb.org/t/p/w500/k5CjH4scjbBlGWLdZyUS7NEZf16.jpg
March or Die,https://image.tmdb.org/t/p/w500/jW21NrRlcrA4kucmD9hfnPbQEvL.jpg
The Visitors,https://image.tmdb.org/t/p/w500/hPCq0buG5PaXgKjzT2ktjrjlpbj.jpg
Somewhere,https://image.tmdb.org/t/p/w500/zOf1sdfF4eH3CVRCpmRO5ugVGdo.jpg
I Hope They Serve Beer in Hell,https://image.tmdb.org/t/p/w500/oBBood3JcOu0LQstdL9FeqCxMwa.jpg
Chairman of the Board,https://image.tmdb.org/t/p/w500/1eGB1EjaUjGbiuPBAqndlO3khyn.jpg
Hesher,https://image.tmdb.org/t/p/w500/dD03azf3h1hUHVzVkkqJs96Kkay.jpg
Dom Hemingway,https://image.tmdb.org/t/p/w500/hvrUPdZUDlSn1S4KCW5IdIMGS5D.jpg
Gerry,https://image.tmdb.org/t/p/w500/jzuPVECdfWuHoBIqQEFajbSwwpa.jpg
The Heart of Me,https://image.tmdb.org/t/p/w500/4zxVdxQoptVl7lShV7FJTMiKez5.jpg
Freeheld,https://image.tmdb.org/t/p/w500/794PfYjTz3yxMRdTRmdFYt6w6ff.jpg
The Extra Man,https://image.tmdb.org/t/p/w500/tkQkXXedFIe9HrVgl6wOfKMJQet.jpg
Hard to Be a God,https://image.tmdb.org/t/p/w500/ivdmKR9K56nxfhWwA5k2UQnyeFK.jpg
Ca$h,https://image.tmdb.org/t/p/w500/4Lwmsz1qQ0fNBLf5KBBrlzsozee.jpg
Wah-Wah,https://image.tmdb.org/t/p/w500/awDKSn5dEJYJZXCQuXkoaQETzE2.jpg
The Boondock Saints,https://image.tmdb.org/t/p/w500/wtLUmkWg41xFLpvmUWAN1mm65f6.jpg
Z Storm,https://image.tmdb.org/t/p/w500/fAHPfitc4deaquh9mg2oIsMcMVV.jpg
Twixt,https://image.tmdb.org/t/p/w500/jSn7DVovIFeTSiwwoziSYpJFaaS.jpg
The Snow Queen,https://image.tmdb.org/t/p/w500/siQpJAT2IQjN218hxJXvrHePtNS.jpg
Alpha and Omega: The Legend of the Saw Tooth Cave,https://image.tmdb.org/t/p/w500/rUgutlhSQabaKO5DPBE2Co8mlyF.jpg
Pale Rider,https://image.tmdb.org/t/p/w500/kpAN5WnDEVWYzMDPkXHTbrDQuak.jpg
Stargate: The Ark of Truth,https://image.tmdb.org/t/p/w500/kIqsCdZBmKYuPwaDnrFYzK1gqlM.jpg
Dazed and Confused,https://image.tmdb.org/t/p/w500/msG9awbLhVZwv1Eh9Ge7SofMexW.jpg
High School Musical 2,https://image.tmdb.org/t/p/w500/kqImEYXsDIlzPpu0KxyTXIx7smW.jpg
Two Lovers and a Bear,https://image.tmdb.org/t/p/w500/q8anLL9m6ON7kTJ4Pbcuofls4gQ.jpg
Criminal Activities,https://image.tmdb.org/t/p/w500/dwPUSDETHavt2c2bdLbG1RKxkVB.jpg
Aimee & Jaguar,https://image.tmdb.org/t/p/w500/vd6c4PliEGXgtWTzq1iFxnXIE5H.jpg
The Chumscrubber,https://image.tmdb.org/t/p/w500/uMb26IjDgdq8p4H3XNO1CAsjT4m.jpg
Shade,https://image.tmdb.org/t/p/w500/2uK217wp1SSFgbIcwDaPrzlLd7X.jpg
House at the End of the Street,https://image.tmdb.org/t/p/w500/A25qFUMXmVuDnuUCedkkYO1aKgU.jpg
Incendies,https://image.tmdb.org/t/p/w500/yH6DAQVgbyj72S66gN4WWVoTjuf.jpg
"Remember Me, My Love",https://image.tmdb.org/t/p/w500/3GcAGqAtaSfD8V2ULGV1v6CROPj.jpg
Perrier’s Bounty,https://image.tmdb.org/t/p/w500/rZnWNxcIFNaTdshmkaFkmFkpQsB.jpg
Elite Squad,https://image.tmdb.org/t/p/w500/lwIXz785N2fXi8hsBr1IXciFlkM.jpg
Annabelle,https://image.tmdb.org/t/p/w500/yLsuU2P2SpDYFwtZQ7dtfVAf6TE.jpg
Bran Nue Dae,https://image.tmdb.org/t/p/w500/7tB7mr0OqHsgATo58PAtSNJpaP7.jpg
Boyz n the Hood,https://image.tmdb.org/t/p/w500/v4ox4aSCNT5vyLXl4Q71JiWwCXW.jpg
La Bamba,https://image.tmdb.org/t/p/w500/6Znulqtc7cdqlUC69HGf26Ef5fi.jpg
The Four Seasons,https://image.tmdb.org/t/p/w500/lBbYcek6lm8xA41HjvwCSnvjVJm.jpg
Dressed to Kill,https://image.tmdb.org/t/p/w500/oy1m5dd44foNrxV8U9l6Walx82V.jpg
The Adventures of Huck Finn,https://image.tmdb.org/t/p/w500/8VpQZ43hdaTUmkMoe2CnED1Y2fS.jpg
Go,https://image.tmdb.org/t/p/w500/7UzD5Dmu3jqb2ls4Lnb4SYQqbYm.jpg
Friends with Money,https://image.tmdb.org/t/p/w500/8WdKFowmvfxmDJP5uS0Mf7kdskO.jpg
The Andromeda Strain,https://image.tmdb.org/t/p/w500/4FBSFz8wLpxd4o6hnvKOJJ8WSIz.jpg
Bats,https://image.tmdb.org/t/p/w500/pZRcf2BwcxWg594X6XT2jkR2qdb.jpg
Nowhere in Africa,https://image.tmdb.org/t/p/w500/2ED1GaTKhHielGYa1giBsxfoacp.jpg
Shame,https://image.tmdb.org/t/p/w500/cAWLz9kFv4xc6IsEXTj2DrcqD55.jpg
Layer Cake,https://image.tmdb.org/t/p/w500/rDOxXteqxALBaSa3V3zTjGJuyWB.jpg
The Work and the Glory II: American Zion,https://image.tmdb.org/t/p/w500/uXGtTR0VhmP1CcJRbBMn07gHc7d.jpg
The East,https://image.tmdb.org/t/p/w500/qTJPT1jFz94vSkmiHMUxQTfQsL7.jpg
A Home at the End of the World,https://image.tmdb.org/t/p/w500/o1YC1V30LR0LJzGR6JtbzpDSTYy.jpg
Aberdeen,https://image.tmdb.org/t/p/w500/yjDBeAxrXXd4kt4DpTbjHsmtukk.jpg
The Messenger,https://image.tmdb.org/t/p/w500/p4fJyH7mMbasiFYwiw2nE7D6pMY.jpg
Tracker,https://image.tmdb.org/t/p/w500/lPPLs4SFP4Pk3SCJbQfhp9vtbL8.jpg
Control,https://image.tmdb.org/t/p/w500/jOJiaOhwrDdwqTRZvZOhbndqHGp.jpg
The Terminator,https://image.tmdb.org/t/p/w500/qvktm0BHcnmDpul4Hz01GIazWPr.jpg
"Good bye, Lenin!",https://image.tmdb.org/t/p/w500/uHk1oGEbnvQGLnyiiYxTslZLoog.jpg
The Damned United,https://image.tmdb.org/t/p/w500/ftlbCma6QoRiZgiflVmLuPKHrkq.jpg
The Return of the Living Dead,https://image.tmdb.org/t/p/w500/oNsV9BychAe4Sk6xFKp558Rlpyz.jpg
Mallrats,https://image.tmdb.org/t/p/w500/2ip0sGIMPN0XEN6q3lQIoaNI6tP.jpg
Grease,https://image.tmdb.org/t/p/w500/2rM7fQKpb7cs1Iq7IBqub9LFDzJ.jpg
Platoon,https://image.tmdb.org/t/p/w500/m3mmFkPQKvPZq5exmh0bDuXlD9T.jpg
Fahrenheit 9/11,https://image.tmdb.org/t/p/w500/cZ7M343iuiMDc36fSeSm699XQFv.jpg
Butch Cassidy and the Sundance Kid,https://image.tmdb.org/t/p/w500/gFmmykF1Ym3OGzENo50nZQaD1dx.jpg
Mary Poppins,https://image.tmdb.org/t/p/w500/o4Wsby4ydIXhWmtmfvb451D5Np1.jpg
Ordinary People,https://image.tmdb.org/t/p/w500/tJVETEDAKgD3fEh88SHOvMvOQue.jpg
West Side Story,https://image.tmdb.org/t/p/w500/nzCMu6D5q60i2bVrIQ0DxlRSgCZ.jpg
Caddyshack,https://image.tmdb.org/t/p/w500/lXnNz7zOXCsftMDVoU3VSo0Eioi.jpg
The Brothers,https://image.tmdb.org/t/p/w500/rhYJKOt6UrQq7JQgLyQcSWW5R86.jpg
The Wood,https://image.tmdb.org/t/p/w500/yEWMSJHkzMLgsTgsvR5TxuP3lBt.jpg
The Usual Suspects,https://image.tmdb.org/t/p/w500/99X2SgyFunJFXGAYnDv3sb9pnUD.jpg
A Nightmare on Elm Street 5: The Dream Child,https://image.tmdb.org/t/p/w500/kizvpgXQfrAgN8FhOd87LbKk6kO.jpg
National Lampoon’s Van Wilder,https://image.tmdb.org/t/p/w500/4IvM4qnzlo62oLmS54FtyRt54ze.jpg
The Wrestler,https://image.tmdb.org/t/p/w500/6OTR8dSoNGjWohJNo3UhIGd3Tj.jpg
Duel in the Sun,https://image.tmdb.org/t/p/w500/dW479xuDWrcuFuxr7yfoReztlzF.jpg
Best in Show,https://image.tmdb.org/t/p/w500/2SqHjWWqfJjQE6zLCbQR9HMla4Q.jpg
Escape from New York,https://image.tmdb.org/t/p/w500/vH9llaphjAssRGi0k7e75tD40Ce.jpg
School Daze,https://image.tmdb.org/t/p/w500/vnfjKHcmah7ReMxLNF18JMXFgSZ.jpg
Daddy Day Camp,https://image.tmdb.org/t/p/w500/fhuhSVb3j8SShe6FhnVUAfSRg6h.jpg
Mr. Nice Guy,https://image.tmdb.org/t/p/w500/wAAt2gvbkbeefzjd06GPfkdfUho.jpg
A Mighty Wind,https://image.tmdb.org/t/p/w500/5wUYwAD75BxtJ0Mp4da6XzHIFex.jpg
Mystic Pizza,https://image.tmdb.org/t/p/w500/2wqMKLJEMjenT7U8UqnuI070cUC.jpg
Sliding Doors,https://image.tmdb.org/t/p/w500/s8VOVTywXZIIHqdEjkCZziH0ebq.jpg
Tales from the Hood,https://image.tmdb.org/t/p/w500/glPNCcI7V8zTTI3BG0iIUJJcwXN.jpg
The Last King of Scotland,https://image.tmdb.org/t/p/w500/n1CgN2mS7RSxHhv2R1DdisYDvT6.jpg
Halloween 5: The Revenge of Michael Myers,https://image.tmdb.org/t/p/w500/rYvP6yMXCIVHnkVtwGaAXFmpzkB.jpg
Bernie,https://image.tmdb.org/t/p/w500/rW5CetooG545jpkPNpD4FjFAXfe.jpg
Dolphins and Whales: Tribes of the Ocean,https://image.tmdb.org/t/p/w500/gvrzdrxr69ZdzjfMQ4evhujAGbF.jpg
Pollock,https://image.tmdb.org/t/p/w500/azsBSw2zw2uNHiCjTnbe9TJVEDB.jpg
200 Cigarettes,https://image.tmdb.org/t/p/w500/ssbx2Mk5ZCJWpXALuP2AdG0GFIT.jpg
The Words,https://image.tmdb.org/t/p/w500/aJtPLZS7tlpiQl6pEr8H42K565x.jpg
Casa De Mi Padre,https://image.tmdb.org/t/p/w500/kVCc7xwTAlckBofazrwIz8x1TXC.jpg
City Island,https://image.tmdb.org/t/p/w500/t7LJY2LCcGRLP9E4QbwBkLpZ2W7.jpg
The Guard,https://image.tmdb.org/t/p/w500/dtQiStID0le2EMTmJXupPRybARB.jpg
College,https://image.tmdb.org/t/p/w500/lY2AHNzHEtlWLisRj0ezSRmnDAt.jpg
The Virgin Suicides,https://image.tmdb.org/t/p/w500/1NCQtXPQnaHRjOZVmktA9BSM35F.jpg
Little Voice,https://image.tmdb.org/t/p/w500/7VxdMxSa3BEAvGl5nLvsgpBwrZH.jpg
Miss March,https://image.tmdb.org/t/p/w500/rJovsKIjVsSMuwURASoTZJB6jvI.jpg
Wish I Was Here,https://image.tmdb.org/t/p/w500/hDDXIWLBS6rNPJS4tQvEXWxGXjK.jpg
Simply Irresistible,https://image.tmdb.org/t/p/w500/zFsqqPQUz69wPaLBqQeiGbGiW7J.jpg
Hedwig and the Angry Inch,https://image.tmdb.org/t/p/w500/jafIFAW8sHQkzWPGoMDR4892dFI.jpg
Only the Strong,https://image.tmdb.org/t/p/w500/pPWV5rBhCgzlzhwkpdRG7a7UZqt.jpg
Goddess of Love,https://image.tmdb.org/t/p/w500/5zrBskQtkPzthObgssDuUTG7hcd.jpg
Shattered Glass,https://image.tmdb.org/t/p/w500/bIFJ49tk79hiFr9Z6bF6QapTg66.jpg
Novocaine,https://image.tmdb.org/t/p/w500/6ZVFepWKzYho4DLhyFVuRk7klZ1.jpg
The Business of Strangers,https://image.tmdb.org/t/p/w500/5iVwXnV2fraxy6NYzxZ07jMWW0u.jpg
The Wild Bunch,https://image.tmdb.org/t/p/w500/8j9yEC3xjy1PJDSizIbaxcHaSph.jpg
The Wackness,https://image.tmdb.org/t/p/w500/gmtlqHZs8YBXcpMw4BgA3SGJfg8.jpg
The First Great Train Robbery,https://image.tmdb.org/t/p/w500/4LqLUNoCwoPQNmrRuDZa0zC3hT8.jpg
Morvern Callar,https://image.tmdb.org/t/p/w500/kKGUF97v8a62MtSKM0V6fqDxGTS.jpg
Beastmaster 2: Through the Portal of Time,https://image.tmdb.org/t/p/w500/3bIxjt2uyyeinjU23k115YPhXe1.jpg
The 5th Quarter,https://image.tmdb.org/t/p/w500/syFkrTRZ5aaHqia45cQbhLADkFB.jpg
The Flower of Evil,https://image.tmdb.org/t/p/w500/kbOV3t9rQMkLaARTkb4DumTdJdw.jpg
The Greatest,https://image.tmdb.org/t/p/w500/7dNynUNdYSxeOpuJJNv3Fyk54NA.jpg
Snow Flower and the Secret Fan,https://image.tmdb.org/t/p/w500/lhhlq19I9BjcfmGLZc7SzHQULo0.jpg
Come Early Morning,https://image.tmdb.org/t/p/w500/5faIZQlDLIKEH8zLBf1oKrbHIXv.jpg
Lucky Break,https://image.tmdb.org/t/p/w500/63JHVXD2bkPBdIFgprqXKu3k8bw.jpg
Julia,https://image.tmdb.org/t/p/w500/qHtPzs9eVCilp88c1arq73gH6xk.jpg
"Surfer, Dude",https://image.tmdb.org/t/p/w500/948AdP72iLQUjWvKp9r8981PT28.jpg
Lake of Fire,https://image.tmdb.org/t/p/w500/uFdUv0neGCpaYLRJN45mnpc0pdR.jpg
11:14,https://image.tmdb.org/t/p/w500/3TFB0Doe92l9Jgc5qtUnE6r9rqt.jpg
Men of War,https://image.tmdb.org/t/p/w500/rrwG9foUMulWBI2Nk7s6Bcgwfim.jpg
Don McKay,https://image.tmdb.org/t/p/w500/pkziSZ6vmwFnhybgBAM96Q6xKMr.jpg
Deadfall,https://image.tmdb.org/t/p/w500/5ZM6uKhuEzWZD3xklmqKPuvq1Nj.jpg
A Shine of Rainbows,https://image.tmdb.org/t/p/w500/9FWxI20tzm9LuP3KT9cbmp5YN6Q.jpg
The Hit List,https://image.tmdb.org/t/p/w500/tR88diuLaMMdxl9rBVdAKERzIjo.jpg
Emma,https://image.tmdb.org/t/p/w500/uSuiA2UpxySDupnFW4TqJD5BJI4.jpg
Videodrome,https://image.tmdb.org/t/p/w500/qqqkiZSU9EBGZ1KiDmfn07S7qvv.jpg
The Spanish Apartment,https://image.tmdb.org/t/p/w500/baDm4V3Dqx2hNh7WF1NvGrHGgqQ.jpg
Song One,https://image.tmdb.org/t/p/w500/a6dSJIEMxZFvQ7XJy4sf9fR0p7f.jpg
Winter in Wartime,https://image.tmdb.org/t/p/w500/xwPAQjLoIqqAAGRZ5ke5j7OpKSH.jpg
Freaky Deaky,https://image.tmdb.org/t/p/w500/1rMr42ppp05ikGgoJf1efx0ouJZ.jpg
The Train,https://image.tmdb.org/t/p/w500/bzgPLB7efMohled42PIn6CcOTnO.jpg
Trade Of Innocents,https://image.tmdb.org/t/p/w500/fEr6rVOHpXpnBK2WRZZ1wn0PEF9.jpg
The Protector,https://image.tmdb.org/t/p/w500/uKE9BxgtT5g2pE3ZKC7MnzsAbTZ.jpg
Stiff Upper Lips,https://image.tmdb.org/t/p/w500/3BKL5t6z6kudeDmuwYiIF5dzAV8.jpg
Bend It Like Beckham,https://image.tmdb.org/t/p/w500/2dzSBmFWWqt8NbnubJKIWU21Y86.jpg
Sunshine State,https://image.tmdb.org/t/p/w500/8OsgdG53vzF5uC8pCE61SA1tiNF.jpg
Crossover,https://image.tmdb.org/t/p/w500/jMShqkxESzjcXWdhGJz65CPWi8L.jpg
Khiladi 786,https://image.tmdb.org/t/p/w500/3chNHVi7j0jmUvJ1k7n2EYPfFmC.jpg
[REC]²,https://image.tmdb.org/t/p/w500/hgyJR4sgMsee6xMFM3xYiG6cDCh.jpg
Standing Ovation,https://image.tmdb.org/t/p/w500/tPd7dnvIgzkvM8XLyC4mQCq21T1.jpg
The Sting,https://image.tmdb.org/t/p/w500/ckmYng37zey8INYf6d10cVgIG93.jpg
Chariots of Fire,https://image.tmdb.org/t/p/w500/qnRaum8k0HqGRml2i7OawFqUtEb.jpg
Diary of a Mad Black Woman,https://image.tmdb.org/t/p/w500/4w36ckDhsWFPD9XaHOOJb1ru7JZ.jpg
Shine,https://image.tmdb.org/t/p/w500/cbmThowj2XAW7lKlMAXmnhZvjGI.jpg
Don Jon,https://image.tmdb.org/t/p/w500/uh8bwvgGXeUKzdL4oSul9zxyTcd.jpg
High Plains Drifter,https://image.tmdb.org/t/p/w500/AjkJCFkqanK1OZqiHxc6Kl2wPQO.jpg
Ghost World,https://image.tmdb.org/t/p/w500/uwKqnUPE4dSM0kKuMW0vXpURh2T.jpg
Iris,https://image.tmdb.org/t/p/w500/sm1ve46SuxDVywnvVEg2XvhvlK8.jpg
Galaxina,https://image.tmdb.org/t/p/w500/A66Uw4QFyESPwnDnlvudKKR2Qsv.jpg
The Chorus,https://image.tmdb.org/t/p/w500/hUl7gSvkGygyk9wt3zy5NqpC5bb.jpg
Mambo Italiano,https://image.tmdb.org/t/p/w500/siYFoZUq0HOCksnOc7me8YT1AOo.jpg
Wonderland,https://image.tmdb.org/t/p/w500/mfG8S7D4rYeVqvTzjc3D36PAK3R.jpg
Do the Right Thing,https://image.tmdb.org/t/p/w500/63rmSDPahrH7C1gEFYzRuIBAN9W.jpg
Harvard Man,https://image.tmdb.org/t/p/w500/vxZG1UXh8gA3nYmrPNUWCHGGBFn.jpg
Le Havre,https://image.tmdb.org/t/p/w500/zBmY6X1hO1MKDj2bNXZ17Q6RDVJ.jpg
Irreversible,https://image.tmdb.org/t/p/w500/rxeDxo8FvZpLu6iplNpxdtAVnfu.jpg
R100,https://image.tmdb.org/t/p/w500/qFdPIMXSBraNyMWwrWvYtJ9fT8g.jpg
Rang De Basanti,https://image.tmdb.org/t/p/w500/f1bF8CHzEu621bPSIg6XiUNAabh.jpg
Animals,https://image.tmdb.org/t/p/w500/2mwMeQ5SEmw1cEUBVYEtP3helTo.jpg
Salvation Boulevard,https://image.tmdb.org/t/p/w500/q8kPPcpPUGhdAOP5LYHDMKZBXYP.jpg
The Ten,https://image.tmdb.org/t/p/w500/byhpbEcL1tuoNhU3x5vYF45QM8X.jpg
A Room for Romeo Brass,https://image.tmdb.org/t/p/w500/gLpv2UUf5We4sXDKdo11aFfnKgw.jpg
Headhunters,https://image.tmdb.org/t/p/w500/k5DQqsb9T8djkTAOdwNCBBBHrtK.jpg
Grabbers,https://image.tmdb.org/t/p/w500/n1CkFfuDCh4NDZgaXmyna3V0Hxc.jpg
Saint Ralph,https://image.tmdb.org/t/p/w500/3MdWgqUunIBWnc7mYi2dtZrD54Y.jpg
Miss Julie,https://image.tmdb.org/t/p/w500/11X9DZGT3P7bJhWxfwFdCkWHILS.jpg
Somewhere in Time,https://image.tmdb.org/t/p/w500/hmdegiSwVYUNvEfihaE3HRM3Sos.jpg
Dum Maaro Dum,https://image.tmdb.org/t/p/w500/uzqKhhSA6ypWwqsnZSwCs7C42sb.jpg
Insidious: Chapter 2,https://image.tmdb.org/t/p/w500/w5JjiB3O1CLDXbTJe1QpU5RHmlU.jpg
Saw II,https://image.tmdb.org/t/p/w500/gTnaTysN8HsvVQqTRUh8m35mmUA.jpg
10 Cloverfield Lane,https://image.tmdb.org/t/p/w500/q8A39vcBDruhvoDTJd6L8a4lnTi.jpg
Jackass: The Movie,https://image.tmdb.org/t/p/w500/9Rb659hvGfmef1xm0mMvDHEBqmf.jpg
Lights Out,https://image.tmdb.org/t/p/w500/8BnElzAQQpp7ZgdJJiAe1diomr4.jpg
Paranormal Activity 3,https://image.tmdb.org/t/p/w500/9nYranPiWdNmbD5PRPPSL7VUFTS.jpg
Ouija,https://image.tmdb.org/t/p/w500/gwjHlGjK2xXKpjd65BWyAMwzTWC.jpg
A Nightmare on Elm Street 3: Dream Warriors,https://image.tmdb.org/t/p/w500/qbtZewU6EGvxi8yFVzwZ31NijLX.jpg
Instructions Not Included,https://image.tmdb.org/t/p/w500/x3Ygv0aZbZ3iUMeXyIlSu0Ugyp5.jpg
Paranormal Activity 4,https://image.tmdb.org/t/p/w500/na5tAslm1kGNcft083AIXMTOsYR.jpg
The Robe,https://image.tmdb.org/t/p/w500/qFYZNGzftIM8dqGMJBToGraAFJp.jpg
The Return of the Pink Panther,https://image.tmdb.org/t/p/w500/vMyjHGfCT89RpwLeN7ofmfgDru7.jpg
Freddy's Dead: The Final Nightmare,https://image.tmdb.org/t/p/w500/e4qh58n2WaG4Gyh9VhjOUeN9Mhv.jpg
Monster,https://image.tmdb.org/t/p/w500/sWPKG1GX0woLNBuvDZkwZC8Q3Ub.jpg
"20,000 Leagues Under the Sea",https://image.tmdb.org/t/p/w500/heAEH85fdxEgV98LizHbQCL95iZ.jpg
Paranormal Activity: The Marked Ones,https://image.tmdb.org/t/p/w500/2o4vBAnORr9UnLMvWHhULGDHfzH.jpg
The Elephant Man,https://image.tmdb.org/t/p/w500/u0wpPYjuSt8DIe1Y3Vapnh8jcKE.jpg
Dallas Buyers Club,https://image.tmdb.org/t/p/w500/7Fdh7gUq3plvQqxRbNYhWvDABXA.jpg
The Lazarus Effect,https://image.tmdb.org/t/p/w500/4aq0TOLvITU3iWRUfxlRc83lMz1.jpg
Memento,https://image.tmdb.org/t/p/w500/nzlv62aC0octS5AklAiWpXLX9Z0.jpg
Oculus,https://image.tmdb.org/t/p/w500/yCzR1yKRLiJyTDLgY1ppazXEmdE.jpg
Clerks II,https://image.tmdb.org/t/p/w500/cLSW0nW94XT0DmBS69ublcLfQ9c.jpg
Billy Elliot,https://image.tmdb.org/t/p/w500/mYtqgWCJiXpDeZwjVcC3OQGD8IR.jpg
The Way Way Back,https://image.tmdb.org/t/p/w500/xQ6hxfpD5XQGJz0ekVle5zegam7.jpg
House Party 2,https://image.tmdb.org/t/p/w500/4iKDkzUZtS6vzINfbwYHAb1bNbA.jpg
The Man from Snowy River,https://image.tmdb.org/t/p/w500/1alAfoJf7Pjn0QuwzO9wY7SLQCt.jpg
Doug's 1st Movie,https://image.tmdb.org/t/p/w500/hZduJdSSWCkmvnBpNyRaIszubVm.jpg
The Apostle,https://image.tmdb.org/t/p/w500/9KqCzLhWbFMBPjqRpZ69izRiYgG.jpg
Mommie Dearest,https://image.tmdb.org/t/p/w500/3Amv5uQfadEonn7SmYLfNnoeOSu.jpg
Our Idiot Brother,https://image.tmdb.org/t/p/w500/2HahJCcUEduvMUTQhsqRwutpFw1.jpg
Race,https://image.tmdb.org/t/p/w500/ubbNizkhjEYw06XB7b0YMgsHXG1.jpg
The Players Club,https://image.tmdb.org/t/p/w500/zq6D4HBRK6GMaJj4w5n5QsKXkLF.jpg
"As Above, So Below",https://image.tmdb.org/t/p/w500/oJZSajKLJkoTOzSZQN2ZwRnPwHZ.jpg
Addicted,https://image.tmdb.org/t/p/w500/fAERrD6vvmznDoL99wlgjhSfPcH.jpg
Eve's Bayou,https://image.tmdb.org/t/p/w500/33yTPcGSv7eo3FVlb7XKACHl1M8.jpg
Still Alice,https://image.tmdb.org/t/p/w500/jJiGGbuLW8IkEnh5073maEmIr7V.jpg
The Egyptian,https://image.tmdb.org/t/p/w500/vYLY2YIGCWINPSzLg6tBiN6ub7X.jpg
Nighthawks,https://image.tmdb.org/t/p/w500/2QgpCgOmlgvOPMMC0OrgCv5EKIf.jpg
Friday the 13th Part VIII: Jason Takes Manhattan,https://image.tmdb.org/t/p/w500/6ezOsZ9UzqGnbDokaatxdOWP6e9.jpg
My Big Fat Greek Wedding,https://image.tmdb.org/t/p/w500/ztc05ym0T3stnBpRHdxEs3Zwsmp.jpg
Spring Breakers,https://image.tmdb.org/t/p/w500/9tyPnyEkL44qbAliM9jMRWc6bjg.jpg
Halloween: The Curse of Michael Myers,https://image.tmdb.org/t/p/w500/noCnM8nEI2bEDSdKHh0RKbwBwbC.jpg
Y Tu Mamá También,https://image.tmdb.org/t/p/w500/aj3rqjab8jfc2fWmcS3H3c5qbur.jpg
Shaun of the Dead,https://image.tmdb.org/t/p/w500/dgXPhzNJH8HFTBjXPB177yNx6RI.jpg
The Haunting of Molly Hartley,https://image.tmdb.org/t/p/w500/XSy8BKHIa19yMAt7XyO2s9oIT5.jpg
Lone Star,https://image.tmdb.org/t/p/w500/lBxY8znsRoqa9Dy2NCe8I6GPsRm.jpg
Halloween 4: The Return of Michael Myers,https://image.tmdb.org/t/p/w500/eFSOkXF9n9hsfGv45MDsPixiOyx.jpg
April Fool's Day,https://image.tmdb.org/t/p/w500/zNx2tNRzRyPsBSHX1VF2c7U0UyW.jpg
Diner,https://image.tmdb.org/t/p/w500/2vKIdZ6JkFIzcQeaHg3xtdvOyRO.jpg
Lone Wolf McQuade,https://image.tmdb.org/t/p/w500/dLVegSmoFM5ekThmUauuhnAOejb.jpg
Apollo 18,https://image.tmdb.org/t/p/w500/4bLqU6YncqvKETzvPZPPoVrLUYM.jpg
Sunshine Cleaning,https://image.tmdb.org/t/p/w500/xwtJyfme086wcz9MXpP0i5Hrgxy.jpg
No Escape,https://image.tmdb.org/t/p/w500/6WLnzTG4Hz3lFvfZGSsyB8NFGgM.jpg
The Beastmaster,https://image.tmdb.org/t/p/w500/ytaKNYpHdQnClTbWL2m19Xv6PXZ.jpg
Solomon and Sheba,https://image.tmdb.org/t/p/w500/sQPLRT014vOADFyvh54TpXFyBPZ.jpg
Fifty Shades of Black,https://image.tmdb.org/t/p/w500/nkGhv7WMbyX7tL8CJkvMY3S2lW.jpg
Not Easily Broken,https://image.tmdb.org/t/p/w500/8gmdToawg8gaSe9yWZjQ10v7noL.jpg
A Farewell to Arms,https://image.tmdb.org/t/p/w500/eNmPByGZJqlp60nCZRhsAlVAb3F.jpg
The Perfect Match,https://image.tmdb.org/t/p/w500/sAiF9gKhb3gPbnp9g5nNhrfTqpL.jpg
Digimon: The Movie,https://image.tmdb.org/t/p/w500/tiH1muonzAWzlLjPhjAcAYVAjzm.jpg
Saved!,https://image.tmdb.org/t/p/w500/nmf2tFTcRJZVEQ9e3mgLH5gAQYs.jpg
The Barbarian Invasions,https://image.tmdb.org/t/p/w500/mqlgZiQHT3B5J8Q4mkgaCkt47uJ.jpg
Robin and Marian,https://image.tmdb.org/t/p/w500/y2UlVt6U8mFeegVL42rZjD5y6c7.jpg
The Forsaken,https://image.tmdb.org/t/p/w500/4RN5EKSHawgUMoPzjzyyXCXckYk.jpg
Force 10 from Navarone,https://image.tmdb.org/t/p/w500/3bFRwivCZuXx7fHWt4SpYaiHkNL.jpg
UHF,https://image.tmdb.org/t/p/w500/wxx5YQLKVH1WMSRXQAUnC76r4iY.jpg
Grandma's Boy,https://image.tmdb.org/t/p/w500/fSRdHBtisU0zhks4OjKezI3jnt7.jpg
Slums of Beverly Hills,https://image.tmdb.org/t/p/w500/bTY6I0Mju4vTRHGoTZrNtxtAlAO.jpg
Once Upon a Time in the West,https://image.tmdb.org/t/p/w500/qbYgqOczabWNn2XKwgMtVrntD6P.jpg
Made,https://image.tmdb.org/t/p/w500/4HC6ieptXO2gjqbSEsfkOwsGubN.jpg
Moon,https://image.tmdb.org/t/p/w500/35IU0Mq0zFsN1mYwDGts5mKc77n.jpg
Keeping Up with the Steins,https://image.tmdb.org/t/p/w500/bYp81rOQZEoFfDMX6xqRU1x3R7M.jpg
Sea Rex 3D: Journey to a Prehistoric World,https://image.tmdb.org/t/p/w500/au49zJtESBEz4zAOsXTv5xLWOHS.jpg
The Sweet Hereafter,https://image.tmdb.org/t/p/w500/gJy7LMq4b5qO5fsSUSoBgm24BHf.jpg
Of Gods and Men,https://image.tmdb.org/t/p/w500/fgrC0w62MCc7Fn77l5RVY0WKv0t.jpg
Bottle Shock,https://image.tmdb.org/t/p/w500/DMc4eRfU0RA2SX2oGR3YllEhH7.jpg
Jekyll and Hyde ... Together Again,https://image.tmdb.org/t/p/w500/o3CTFJuHGEBE9UzyXjGX6Vy74aC.jpg
Heavenly Creatures,https://image.tmdb.org/t/p/w500/uvb86wVCIqD3Rlbr0GTNgWDF7Zo.jpg
90 Minutes in Heaven,https://image.tmdb.org/t/p/w500/e3LKk8UdDyXDkov9k8iP2JJNChi.jpg
Everything Must Go,https://image.tmdb.org/t/p/w500/n4wMD3LHyo3nYZNWEOGLzgdyWjX.jpg
Zero Effect,https://image.tmdb.org/t/p/w500/yFALvZFwqnh5ESarNoVd5KtizCo.jpg
The Machinist,https://image.tmdb.org/t/p/w500/diAYqR4xdF9Hnj7qun6DEQhRrT2.jpg
Light Sleeper,https://image.tmdb.org/t/p/w500/fFSdOYKp80rcK81KuNW3rz7FcLX.jpg
Kill the Messenger,https://image.tmdb.org/t/p/w500/8gaNZiKZHvKCqMDByY00dUIV0YC.jpg
Rabbit Hole,https://image.tmdb.org/t/p/w500/zTUQXwMn4ndt5AAcDvJCi14ZY2B.jpg
Party Monster,https://image.tmdb.org/t/p/w500/4DVWGtV1OA3W8kZxiimdNsepS6O.jpg
Green Room,https://image.tmdb.org/t/p/w500/evZicaR7nXe4LiD9G6QYTorcJGO.jpg
The Oh in Ohio,https://image.tmdb.org/t/p/w500/4R2wqT72RApomtBnfYG4BUpyoGh.jpg
Atlas Shrugged Part III: Who is John Galt?,https://image.tmdb.org/t/p/w500/wR7NM125F63zxECZKCVMzibkWpZ.jpg
Bottle Rocket,https://image.tmdb.org/t/p/w500/6E7mJ5wpzTFbYFbJvTzzZ8Til9C.jpg
Albino Alligator,https://image.tmdb.org/t/p/w500/jOyV5Rb1MaMUl6XrWWossVTm7BA.jpg
"Gandhi, My Father",https://image.tmdb.org/t/p/w500/sFzo2Ss4PQfNUlrzeTfwoVp5ajE.jpg
Standard Operating Procedure,https://image.tmdb.org/t/p/w500/v2QCXsisMLYsozC2qJtYGa3Rvsi.jpg
Out of the Blue,https://image.tmdb.org/t/p/w500/rEWfWQDbx2upk9CAPRDDjCjc9a8.jpg
Tucker and Dale vs Evil,https://image.tmdb.org/t/p/w500/8shwLEDzajJGSfLgbpac8x8xn1U.jpg
"Lovely, Still",https://image.tmdb.org/t/p/w500/p5o2waFH3ioBOZuHKlx1kzk9Rdi.jpg
Tycoon,https://image.tmdb.org/t/p/w500/kinlg9PjTwa6iCe0EdXDPBqUoRD.jpg
Desert Blue,https://image.tmdb.org/t/p/w500/m81tA5hmjJ4Xzp3Yxs0dcnl8B1q.jpg
Decoys,https://image.tmdb.org/t/p/w500/nieqSpywIW3J25cFC8mEUXF2FTk.jpg
The Visit,https://image.tmdb.org/t/p/w500/mtMfKRCa2V5b7d9k4piogB72mcY.jpg
Redacted,https://image.tmdb.org/t/p/w500/ofXlW8FtBGVGSgRiaOIfnzR5koU.jpg
Fascination,https://image.tmdb.org/t/p/w500/h9IsB1pv6U7H4bEUiKG92VXlNrn.jpg
Area 51,https://image.tmdb.org/t/p/w500/ochcUJTPQSfU5fDMA21y4xoDzeX.jpg
Sleep Tight,https://image.tmdb.org/t/p/w500/i44Mr6t3reXt7z28OMCPZTllRfr.jpg
The Cottage,https://image.tmdb.org/t/p/w500/fFmU7cQAWVAeBpSfDRRauKgtKDD.jpg
Dead Like Me: Life After Death,https://image.tmdb.org/t/p/w500/ekzGiwleJbx0ei1R3s0ylowFKT9.jpg
Farce of the Penguins,https://image.tmdb.org/t/p/w500/bb3f1catVid2yDqHvhygai2RUoM.jpg
Flying By,https://image.tmdb.org/t/p/w500/xLMv1cpLK3qrvF0ehNEkowWXaFB.jpg
Rudderless,https://image.tmdb.org/t/p/w500/ka3gEmHph5FTJouSdOOK02Ck6bx.jpg
Henry & Me,https://image.tmdb.org/t/p/w500/e37dlFgfDk2unRU96NFKgYi9Vxq.jpg
Christmas Eve,https://image.tmdb.org/t/p/w500/vViH6PCa56kvCTm58gF45uucZWi.jpg
We Have Your Husband,https://image.tmdb.org/t/p/w500/n3vcScSfTYM3XS4sBwhHUwxw0pL.jpg
Dying of the Light,https://image.tmdb.org/t/p/w500/gL6riNxQeyPXT5YsgqE2aWhl1zi.jpg
Born Of War,https://image.tmdb.org/t/p/w500/rmAzBd173UrSWF8K3lEBS5JfnfY.jpg
Capricorn One,https://image.tmdb.org/t/p/w500/bxsCARg2rxQ2PzFW5ZsADLT9e9c.jpg
Should've Been Romeo,https://image.tmdb.org/t/p/w500/yMwD0qEj3p87iG6wTnTniKgCfWB.jpg
Running Forever,https://image.tmdb.org/t/p/w500/u4KHwcZmNH0Vr6xpGvDKdkBTopg.jpg
Yoga Hosers,https://image.tmdb.org/t/p/w500/cc40P3lKEiK0H8ZSd8hmBBI0HEV.jpg
Navy Seals vs. Zombies,https://image.tmdb.org/t/p/w500/oTvwjUMXjeKxAXY2Cggy5DZweMn.jpg
I Served the King of England,https://image.tmdb.org/t/p/w500/mwuabUjZMSg8ngHScjcKCmFO0jA.jpg
Soul Kitchen,https://image.tmdb.org/t/p/w500/9Y2OQ7MFouzmVCMqqvZPLrzHF0F.jpg
Sling Blade,https://image.tmdb.org/t/p/w500/rioWUWXPFNSjwm9NO2aau9x0wlP.jpg
The Awakening,https://image.tmdb.org/t/p/w500/txmiJkl8su0jkEABLIHZBqVHrTj.jpg
Hostel,https://image.tmdb.org/t/p/w500/dDrtuWUKhgUGp12kgUWuP0NpTdF.jpg
A Cock and Bull Story,https://image.tmdb.org/t/p/w500/ww8nEKv3gPOfIkRMGS2A3j566Fr.jpg
Take Shelter,https://image.tmdb.org/t/p/w500/dldIX0q5jewe8rSyCh8d5I1RYx3.jpg
Lady in White,https://image.tmdb.org/t/p/w500/AevfLQ5c0ZGtO3clHawg9L2XAQ2.jpg
Driving Lessons,https://image.tmdb.org/t/p/w500/uPRFM5co4v12ksWaZKr8niIHBrC.jpg
Let's Kill Ward's Wife,https://image.tmdb.org/t/p/w500/A6jwjS9mS4qBzhaA6ob4PUd9PJ0.jpg
The Texas Chainsaw Massacre 2,https://image.tmdb.org/t/p/w500/cO1Dvg7k87lHSPOdumn3ddJEKdX.jpg
Pat Garrett & Billy the Kid,https://image.tmdb.org/t/p/w500/o0LXWfTXoDOoeYzZw0u1KmZhVIL.jpg
Only God Forgives,https://image.tmdb.org/t/p/w500/kWjjFSng1JttmDRwDROoGcIArEh.jpg
Camping Sauvage,https://image.tmdb.org/t/p/w500/nEnRGNk8DUSCZ3mnbURCLSYNzXt.jpg
Without Men,https://image.tmdb.org/t/p/w500/1EzXn6ZkhGBBlNizXQiGOeDvwwp.jpg
Dear Frankie,https://image.tmdb.org/t/p/w500/5YRDvaBWBbhTKBYYc7BoOWdW01N.jpg
All Hat,https://image.tmdb.org/t/p/w500/97BMsVbc6R3sLR6A6GjvWdpukj1.jpg
The Names of Love,https://image.tmdb.org/t/p/w500/qnUyni6Cc5bQbgyvvof6yNwoIUd.jpg
Treading Water,https://image.tmdb.org/t/p/w500/zFY2dXaZ9SBI1x9lZkDKG0rECOt.jpg
Savage Grace,https://image.tmdb.org/t/p/w500/rtJp4ulwC1SvSYAUFGUa1pWV7nk.jpg
Out of the Blue,https://image.tmdb.org/t/p/w500/xNMu3oaPiJ544r0N2AT1uD4VBcG.jpg
Police Academy,https://image.tmdb.org/t/p/w500/3PriqoVUQcPwcyvk0SJRiMTdBJK.jpg
The Blue Lagoon,https://image.tmdb.org/t/p/w500/hg57Zr63A96mpIQKHxOjHYqCVhI.jpg
Four Weddings and a Funeral,https://image.tmdb.org/t/p/w500/qa72G2VS0bpxms6yo0tI9vsHm2e.jpg
Fast Times at Ridgemont High,https://image.tmdb.org/t/p/w500/s1DA8H7qwoOcAEhow2rCzuQtpuO.jpg
Moby Dick,https://image.tmdb.org/t/p/w500/7JXcm3RyWlGsRCZ0YlOliWr6TNv.jpg
25th Hour,https://image.tmdb.org/t/p/w500/uW7tTRElr2tRhmAVESzvHy4ByXg.jpg
Bound,https://image.tmdb.org/t/p/w500/9qAy6UWVw44dGrsyKrdEMt5qIUM.jpg
Requiem for a Dream,https://image.tmdb.org/t/p/w500/9BTwsLaMVHOGFlmsSlx5QYCaXb.jpg
State Fair,https://image.tmdb.org/t/p/w500/cmy55K7Qs1WQeGPksHBphjyjh3b.jpg
Tango,https://image.tmdb.org/t/p/w500/jxxxjTu87OSmQYkMFF7MgOEDXRn.jpg
Salvador,https://image.tmdb.org/t/p/w500/c5JgUmzN7syTFy9suwoHF3vhNsN.jpg
Moms' Night Out,https://image.tmdb.org/t/p/w500/gP97yU8YrVZY2yLxTwsicS8KuSe.jpg
Donnie Darko,https://image.tmdb.org/t/p/w500/j2AtZFsflxiluaNtajMTI0Avm8C.jpg
Saving Private Perez,https://image.tmdb.org/t/p/w500/ylXmX9vcP1W9La9FtOpV9OtXtMe.jpg
Character,https://image.tmdb.org/t/p/w500/v7TWGTZ6fNkY72IyoiVIcnlwniU.jpg
Spun,https://image.tmdb.org/t/p/w500/jiwNobUsd29ooowQyTeh0cvPBFL.jpg
Life During Wartime,https://image.tmdb.org/t/p/w500/qXCuzXPqd21orMT59JbGV01VRMT.jpg
Sympathy for Lady Vengeance,https://image.tmdb.org/t/p/w500/3Oy3iLMqD79us2iAUD6fKqWebYU.jpg
Mozart's Sister,https://image.tmdb.org/t/p/w500/7x9fUNPUbT726OkR23lG7tzEG5b.jpg
Mean Machine,https://image.tmdb.org/t/p/w500/ripTQsmWQJyccK6zB1dajSY3olv.jpg
Exiled,https://image.tmdb.org/t/p/w500/kIvGTEAtmhe46Zf55TCr6K8Pfxw.jpg
Blackthorn,https://image.tmdb.org/t/p/w500/3QtOCerjSPkS9fo8IBwDr7qAwoj.jpg
Lilya 4-ever,https://image.tmdb.org/t/p/w500/5i1uhvcdv2Iogx0Bb1znvUmkCvN.jpg
After.Life,https://image.tmdb.org/t/p/w500/ty43RTdSBpL3VjBJWeRoKhFg7hF.jpg
Fugly,https://image.tmdb.org/t/p/w500/cfYW2qgCmzE7G5PxLtdZGoxblHQ.jpg
One Flew Over the Cuckoo's Nest,https://image.tmdb.org/t/p/w500/kjWsMh72V6d8KRLV4EOoSJLT1H7.jpg
R.L. Stine's Monsterville: The Cabinet of Souls,https://image.tmdb.org/t/p/w500/z3qgKFySWDs7vCjMn5gSxGV2fpI.jpg
Silent Movie,https://image.tmdb.org/t/p/w500/AeaoOSqEU3elkpDAlKbIWcdKLJ8.jpg
Airlift,https://image.tmdb.org/t/p/w500/oyaxIm3kTWDQtcYQ45eN5sZ6WIz.jpg
Anne of Green Gables,https://image.tmdb.org/t/p/w500/z1owlDzKO3DQpFKNFBnuQlPF891.jpg
Falcon Rising,https://image.tmdb.org/t/p/w500/4wnfTO8mvqcTU62YMkUeKq49VMT.jpg
The Sweeney,https://image.tmdb.org/t/p/w500/nwGo7AoYXG4C03wbyfdeYvcVbnV.jpg
Sexy Beast,https://image.tmdb.org/t/p/w500/xTfCZTzhgHNAR1pf5D49WH4buI5.jpg
Easy Money,https://image.tmdb.org/t/p/w500/ezx8LhhpZd6U4sd0lXyCEUhIBUc.jpg
Whale Rider,https://image.tmdb.org/t/p/w500/cVBZQZq091KtwBm2qObOv0JTFcH.jpg
Paa,https://image.tmdb.org/t/p/w500/vslu8ixLEceu5qM0CnXMl4mavY9.jpg
Cargo,https://image.tmdb.org/t/p/w500/8F0vN9BNabjIO6edSlFe3RB7dCy.jpg
High School Musical,https://image.tmdb.org/t/p/w500/1DGmWZjUJPeKGFRHGCA6VPFUBML.jpg
Love and Death on Long Island,https://image.tmdb.org/t/p/w500/2jCmP9j43QXy48oQFpzM4oaYRc7.jpg
Night Watch,https://image.tmdb.org/t/p/w500/mWdfItjr9tZtsSgjkqB8YhORF8T.jpg
The Crying Game,https://image.tmdb.org/t/p/w500/9BXGoat9TYgdDqGk2WJmaX9dVoe.jpg
Porky's,https://image.tmdb.org/t/p/w500/AqCOt1cWfKqCepxK7LIdT812idH.jpg
Survival of the Dead,https://image.tmdb.org/t/p/w500/2BmqSRt10J2mpJmCgZbo5YYkQLj.jpg
Night of the Living Dead,https://image.tmdb.org/t/p/w500/rb2NWyb008u1EcKCOyXs2Nmj0ra.jpg
Lost in Translation,https://image.tmdb.org/t/p/w500/3jCLmYDIIiSMPujbwygNpqdpM8N.jpg
Annie Hall,https://image.tmdb.org/t/p/w500/dEtjPywhDbAXYjoFfhBC4U9unU7.jpg
The Greatest Show on Earth,https://image.tmdb.org/t/p/w500/cKI0yGPRh1IlvRKKJRoMZruior8.jpg
Monster's Ball,https://image.tmdb.org/t/p/w500/rQeufx98gKH4CCeVw57KT1Fd0gr.jpg
Maggie,https://image.tmdb.org/t/p/w500/twa9gXjocLM629sJrQYVtmF306R.jpg
Leaving Las Vegas,https://image.tmdb.org/t/p/w500/wIfP6uLXD9Ptu68SyRx8WuSNNSK.jpg
Hansel and Gretel Get Baked,https://image.tmdb.org/t/p/w500/shYb3LezqJF4P90CGgp9zoD2MjF.jpg
The Front Page,https://image.tmdb.org/t/p/w500/r4RtbJk8wVyZ1yk6yBZjzGD4ANU.jpg
The Boy Next Door,https://image.tmdb.org/t/p/w500/gicmSeLG6Uh7BF1r1mxZHUQ8r26.jpg
Trapeze,https://image.tmdb.org/t/p/w500/3EZKz21OMvvyYg3UqZ3BBzHjWiq.jpg
The Kids Are All Right,https://image.tmdb.org/t/p/w500/xQ5XqZc82dDCcGjxY7voRKjhaKQ.jpg
They Live,https://image.tmdb.org/t/p/w500/ngnybFTuopfbfmmEeX9jjBQQmF6.jpg
The Great Escape,https://image.tmdb.org/t/p/w500/gBH4H8UMFxl139HaLz6lRuvsel8.jpg
What the #$*! Do We (K)now!?,https://image.tmdb.org/t/p/w500/ghoM9gorKvgAcqkSJ6TDQcsObWN.jpg
The Last Exorcism Part II,https://image.tmdb.org/t/p/w500/260ztSWhGIYSLAjDC6smFWcdUSp.jpg
Boyhood,https://image.tmdb.org/t/p/w500/2BvtvDUyxiMJ4dmKfiQf4qdOHQN.jpg
Scoop,https://image.tmdb.org/t/p/w500/1nF290EoEn2rs4W9VVercKa4S5o.jpg
The Wash,https://image.tmdb.org/t/p/w500/xb63VT8E4Q2RjLT7qnzvc5jRFAQ.jpg
3 Strikes,https://image.tmdb.org/t/p/w500/ca7xVIgh7UYsFOCBLP8ERmBktC5.jpg
The Cooler,https://image.tmdb.org/t/p/w500/gq3cZxo7SS6HAXdaxObLIyw9N1r.jpg
The Misfits,https://image.tmdb.org/t/p/w500/rkIkyPhT5oetT463HxpdIuct30l.jpg
The Night Listener,https://image.tmdb.org/t/p/w500/xIQgviGRTxZ6o0iPooGUSn4Q1PW.jpg
The Jerky Boys,https://image.tmdb.org/t/p/w500/yUbdqyZaeaoNKBQmnmtim1IIAf1.jpg
The Orphanage,https://image.tmdb.org/t/p/w500/vIpi1KtHLXUOfSVC2m6MqpjSPgL.jpg
A Haunted House 2,https://image.tmdb.org/t/p/w500/M82KKqtHFaqkyuwxG5QfShzIRL.jpg
The Rules of Attraction,https://image.tmdb.org/t/p/w500/6OybelUmwUkDm7fbX1BI7OhpYeQ.jpg
Topaz,https://image.tmdb.org/t/p/w500/8u7vxykCVZoaxNocLbpstv3IFNK.jpg
Let's Go to Prison,https://image.tmdb.org/t/p/w500/okkaFUou7Tmh9QWoa2FIViJ3OVs.jpg
Four Rooms,https://image.tmdb.org/t/p/w500/75aHn1NOYXh4M7L5shoeQ6NGykP.jpg
Secretary,https://image.tmdb.org/t/p/w500/8mHdYNKCmvjB1r87waCtEi9nvTt.jpg
The Real Cancun,https://image.tmdb.org/t/p/w500/wyLs32hfhfShhHPJ8h8VzAash55.jpg
Talk Radio,https://image.tmdb.org/t/p/w500/e9dnVJMg3LW80sHnsuBoTBwJgRm.jpg
Waiting for Guffman,https://image.tmdb.org/t/p/w500/zuArI6EBpV6mExrvfnyidoOtzdf.jpg
Love Stinks,https://image.tmdb.org/t/p/w500/srHcbkCyQFfdmqt5rPQMshxp1Yt.jpg
You Kill Me,https://image.tmdb.org/t/p/w500/4C5VQVdE2YRBPhpZLnExk1XUzDZ.jpg
Thumbsucker,https://image.tmdb.org/t/p/w500/fBLjXNRkH0KuC5JEnGBUZx3SQw3.jpg
Red State,https://image.tmdb.org/t/p/w500/mbukOgivZWGNAxEQVt4hLUVME2P.jpg
Mirrormask,https://image.tmdb.org/t/p/w500/itIJU3NKbdgScA1WPIxXzOlm0Uj.jpg
Samsara,https://image.tmdb.org/t/p/w500/qodkea4k0pNUmNTl5TJO2PdTqgW.jpg
The Barbarians,https://image.tmdb.org/t/p/w500/dYr9p8YOOw5gERVpg8cJHA5PsnY.jpg
The Art of Getting By,https://image.tmdb.org/t/p/w500/3ahdKyzHbYhvqJdtpsEWipEai98.jpg
Zipper,https://image.tmdb.org/t/p/w500/qHQbXfdYhh3CRtIufoiD4AxPWi0.jpg
Poolhall Junkies,https://image.tmdb.org/t/p/w500/3MAGLk0AtuPi24PBwy3o4ILO0CV.jpg
The Loss of Sexual Innocence,https://image.tmdb.org/t/p/w500/eVg5oHFnzEE51cZ8Tq1qe8iWMZk.jpg
Holy Motors,https://image.tmdb.org/t/p/w500/4ZuTrrDQhCS9f6KzIX6HfsjjyMd.jpg
Joe,https://image.tmdb.org/t/p/w500/fDPAjvfPMomkKF7cMRmL5Anak61.jpg
Shooting Fish,https://image.tmdb.org/t/p/w500/sBA1vTqjhKmtogB6PKQ3tOn2HNX.jpg
Prison,https://image.tmdb.org/t/p/w500/bB6iCnYO1dlVA1kZp04acFyXTpg.jpg
Psycho Beach Party,https://image.tmdb.org/t/p/w500/28mzKFDyVzMVx9nhDrJQ3G2H7It.jpg
The Big Tease,https://image.tmdb.org/t/p/w500/i7HjSujyV4PpIcTzhlNxNGvMiRJ.jpg
"Guten Tag, Ramón",https://image.tmdb.org/t/p/w500/7xaQAc01TZOHEku2uC520OIENWx.jpg
Trust,https://image.tmdb.org/t/p/w500/rXoZYWd2G7pBh8N8Cp5ZO5Sjzbl.jpg
An Everlasting Piece,https://image.tmdb.org/t/p/w500/b4DApzfh4GxpDCWuS5JIyFMhXeD.jpg
Among Giants,https://image.tmdb.org/t/p/w500/u90H3K6XeQEzECkarfysZ2p5IZE.jpg
Adore,https://image.tmdb.org/t/p/w500/2fly9OhECzKgVYPFDK6b9Cvn4WN.jpg
The Velocity of Gary,https://image.tmdb.org/t/p/w500/8wQlK0QukCXXmvmDARAx65wnX4j.jpg
Mondays in the Sun,https://image.tmdb.org/t/p/w500/4BlI5weSiYUU1YnjqdaPLnOzc3Z.jpg
Stake Land,https://image.tmdb.org/t/p/w500/q5Cq3svR0XPEb9VkVBHPowT1Bxf.jpg
The Last Time I Committed Suicide,https://image.tmdb.org/t/p/w500/5AM1oDIlsWBBLYecetUAHOWv9dW.jpg
Futuro Beach,https://image.tmdb.org/t/p/w500/lologg70UiUMok8ijdSfDzBwR0N.jpg
Another Happy Day,https://image.tmdb.org/t/p/w500/yOS14Pr563QEUd3bath9LwhhId3.jpg
A Lonely Place to Die,https://image.tmdb.org/t/p/w500/xVYY1U5nYfx2PfJMs6knO8VZRk0.jpg
Nothing,https://image.tmdb.org/t/p/w500/vefWBq6xpeMYtF7ROgGfXLdp5Qu.jpg
The Geographer Drank His Globe Away,https://image.tmdb.org/t/p/w500/iyWyVgDHYkjejwAQQrUCQXuZYjO.jpg
1776,https://image.tmdb.org/t/p/w500/o50REDExdajGxTWczsmC3qcawGr.jpg
Inescapable,https://image.tmdb.org/t/p/w500/gCeZGBFcxjyGdvFncJqCGffBCpw.jpg
Hell's Angels,https://image.tmdb.org/t/p/w500/vt6zF55B9WLzYENs6cuXy8J5o1X.jpg
Purple Violets,https://image.tmdb.org/t/p/w500/n61vWKkNn1cq8p6a0foAqgrcAwu.jpg
The Veil,https://image.tmdb.org/t/p/w500/e9hB3QrBIUDSHCmwbceVxVgLRqv.jpg
The Loved Ones,https://image.tmdb.org/t/p/w500/ydsLYdSiPSIL1LOWWYu7VCvDTT8.jpg
The Helpers,https://image.tmdb.org/t/p/w500/5YEzcIGM4TFSdG9fllCLx4ZMDK5.jpg
How to Fall in Love,https://image.tmdb.org/t/p/w500/vpZavsKDpoAyNoeXFTpVW8Q6R8A.jpg
The Perfect Wave,https://image.tmdb.org/t/p/w500/sRbFTl2OkANyTm26IbwUZ3Vr3ay.jpg
A Man for All Seasons,https://image.tmdb.org/t/p/w500/1AhIatyuSxymFNHhNTzDiUrE6kn.jpg
Network,https://image.tmdb.org/t/p/w500/qZomlHsaALUtkFeMDwdYmwS2Pbo.jpg
Gone with the Wind,https://image.tmdb.org/t/p/w500/lNz2Ow0wGCAvzckW7EOjE03KcYv.jpg
Desert Dancer,https://image.tmdb.org/t/p/w500/uV1GYM2gdit0SnNWAweG321evbg.jpg
Major Dundee,https://image.tmdb.org/t/p/w500/afdhdupMyfn3tDoL3XosgQF82gX.jpg
Annie Get Your Gun,https://image.tmdb.org/t/p/w500/c2ZLeqZVI2FYctcrFwm5C86zkLH.jpg
Four Lions,https://image.tmdb.org/t/p/w500/x4JzaRPXBs9wiHCe3e3ymXWuwfd.jpg
The House of Sand,https://image.tmdb.org/t/p/w500/x6XEC7B7bJ9igsxkQb9ZMFEAv9f.jpg
Defendor,https://image.tmdb.org/t/p/w500/a1ce5xYYkwSCqIHh0nGKnh7Zs7Q.jpg
The Pirate,https://image.tmdb.org/t/p/w500/ltoy9asHYuLcEq78jjvZPjH6LCG.jpg
The Good Heart,https://image.tmdb.org/t/p/w500/cSoUB8SFcVNaCFs1b3dTN3niYck.jpg
The History Boys,https://image.tmdb.org/t/p/w500/klybhTU75GUcQbzdVXUhsZgq1EV.jpg
Midnight Cowboy,https://image.tmdb.org/t/p/w500/ckklq45UxUkwgHve9xItXqXr06r.jpg
The Full Monty,https://image.tmdb.org/t/p/w500/fjg4EvzoLZVcZli4BwJIytJ6yjn.jpg
Airplane!,https://image.tmdb.org/t/p/w500/7Q3efxd3AF1vQjlSxnlerSA7RzN.jpg
Chain of Command,https://image.tmdb.org/t/p/w500/xUHN0DIWS7fs3bMjg6RktQksK9v.jpg
Friday,https://image.tmdb.org/t/p/w500/3Ya1RurP2NqaYoiok4DmfO41rCC.jpg
Menace II Society,https://image.tmdb.org/t/p/w500/nS7yqmSVeNoH22VXj69JoFCxW1h.jpg
Creepshow 2,https://image.tmdb.org/t/p/w500/bbanIymLuTYmQGis9nlCkFlT1eg.jpg
The Ballad of Cable Hogue,https://image.tmdb.org/t/p/w500/bEth8XAYaytjzxnHkLkj4nZx2XD.jpg
In Cold Blood,https://image.tmdb.org/t/p/w500/sPEvsif5Y70mfVvtU39iOyrVJdF.jpg
The Nun's Story,https://image.tmdb.org/t/p/w500/4vNWFhPyjTehPpZsvTnTywwXSiF.jpg
Harper,https://image.tmdb.org/t/p/w500/zy56CkGHBA9WubuJ7fjntTZCvRi.jpg
Frenzy,https://image.tmdb.org/t/p/w500/4SFvqrlSigAt9tnhXFSMyKeJWQk.jpg
The Witch,https://image.tmdb.org/t/p/w500/zap5hpFCWSvdWSuPGAQyjUv2wAC.jpg
I Got the Hook Up,https://image.tmdb.org/t/p/w500/u8kdtt80gFiqGKLTdQqdGWy9FfZ.jpg
She's the One,https://image.tmdb.org/t/p/w500/wNd6qM8Qa8tLFOiUOiEivh0qBkH.jpg
Gods and Monsters,https://image.tmdb.org/t/p/w500/awvJH3NtXoStsjAtXKr99hfuVaG.jpg
The Secret in Their Eyes,https://image.tmdb.org/t/p/w500/r3FctmAMk2tbrwxuWdpeLrZLwIz.jpg
Train,https://image.tmdb.org/t/p/w500/inKMwh99qmVlMaO0spQ11DH2HdC.jpg
Evil Dead II,https://image.tmdb.org/t/p/w500/4zqCKJVHUolGs6C5AZwAZqLWixW.jpg
Pootie Tang,https://image.tmdb.org/t/p/w500/fNvx45x4JWHYucpnV2vuKn9TZnV.jpg
Sharknado,https://image.tmdb.org/t/p/w500/atEmHkVFTSGRYt2PeCiziQqbZnI.jpg
The Other Conquest,https://image.tmdb.org/t/p/w500/reunIt1kgpX8D29oXYkbSgvcDuS.jpg
Troll Hunter,https://image.tmdb.org/t/p/w500/v2W5NEz0p9jPFzbbYt0dP86gsOX.jpg
Ira & Abby,https://image.tmdb.org/t/p/w500/gK2XUjqWoqqYw6auny29W8tFwUG.jpg
Winter Passing,https://image.tmdb.org/t/p/w500/uNAiNCHd7015BzeNggoRiTT4abf.jpg
D.E.B.S.,https://image.tmdb.org/t/p/w500/68BfXrFQPHg9iBWJVgp5R48gTix.jpg
The Masked Saint,https://image.tmdb.org/t/p/w500/zlT1Tc9hA1Ntye5hr7Gxos9U6U9.jpg
The Betrayed,https://image.tmdb.org/t/p/w500/ypozb9oWIDZZIwDQZo0s7JgMa6K.jpg
Taxman,https://image.tmdb.org/t/p/w500/y6uvUy5wgF21wcIN3lY3G8dkjab.jpg
The Secret,https://image.tmdb.org/t/p/w500/17i5YPTfHOjXoieArpATWGRhLj1.jpg
2:13,https://image.tmdb.org/t/p/w500/duqvQOzzjJ4W3yjZIjE10KM8dFw.jpg
"Batman: The Dark Knight Returns, Part 2",https://image.tmdb.org/t/p/w500/d1TqoVkyL4x0dlu9w3F9Ah4LjNv.jpg
Time to Choose,https://image.tmdb.org/t/p/w500/ak6Bl7WnbzFTuBONiey2BgVGqPn.jpg
In the Name of the King III,https://image.tmdb.org/t/p/w500/yetbsCuB6fmzI4lpJMvqwJcehti.jpg
Wicked Blood,https://image.tmdb.org/t/p/w500/dTxOsk0wVG1EgyCbWbaNxQXZLxy.jpg
Stranded,https://image.tmdb.org/t/p/w500/26Bywkn2IUvOgCQMab4sQKtjXIR.jpg
Lords of London,https://image.tmdb.org/t/p/w500/7MQ8Uf4JTxjaExZ7lYxz4AVuFR2.jpg
High Anxiety,https://image.tmdb.org/t/p/w500/qVuSJaGnomSPon8x3mIYywFGgD8.jpg
March of the Penguins,https://image.tmdb.org/t/p/w500/o9xJ1xG1WKlHkl8ACqq0LShOuMu.jpg
Margin Call,https://image.tmdb.org/t/p/w500/qtO57obCJuUBS0en3HLgFgZ19Xk.jpg
August,https://image.tmdb.org/t/p/w500/oA6ZeICPINiS6YtD5WZeBaGVmuT.jpg
Choke,https://image.tmdb.org/t/p/w500/7osy71os3YLiFpNYn567koOnAKZ.jpg
Whiplash,https://image.tmdb.org/t/p/w500/7fn624j5lj3xTme2SgiLCeuedmO.jpg
City of God,https://image.tmdb.org/t/p/w500/k7eYdWvhYQyRQoU2TB2A2Xu2TfD.jpg
Human Traffic,https://image.tmdb.org/t/p/w500/cHwnYGZh1fVuVWqT28GpCN0usYF.jpg
To Write Love on Her Arms,https://image.tmdb.org/t/p/w500/naQRUuVa4j0uIrgxACIeFlwgKSn.jpg
The Dead Girl,https://image.tmdb.org/t/p/w500/wBIn93ZY0Qd3BafjSJYvqgAZu88.jpg
The Hunt,https://image.tmdb.org/t/p/w500/jkixsXzRh28q3PCqFoWcf7unghT.jpg
A Christmas Story,https://image.tmdb.org/t/p/w500/34nSHYqmb7222tiqiuKqKJmZiQa.jpg
Bella,https://image.tmdb.org/t/p/w500/74hLDKjD5aGYOotO6esUVaeISa2.jpg
Class of 1984,https://image.tmdb.org/t/p/w500/qIu9UGDLeACl7YGuAAgTFfQ0j8I.jpg
The Opposite Sex,https://image.tmdb.org/t/p/w500/4OGyobNioLlo1aj4ioxxmsssSCj.jpg
Dreaming of Joseph Lees,https://image.tmdb.org/t/p/w500/xiDtcNXOhSPcjFcnX6BUTWiws3B.jpg
The Class,https://image.tmdb.org/t/p/w500/w7UolFxzPi7ZA7LkglRotQ84g1g.jpg
Rosemary's Baby,https://image.tmdb.org/t/p/w500/uYgvlHceRFjAFbsNeMInYcLZLUb.jpg
The Man Who Shot Liberty Valance,https://image.tmdb.org/t/p/w500/4C1R0LEivLjbv3swAzJfzh0tzXl.jpg
Adam,https://image.tmdb.org/t/p/w500/sSN5ec7llAzv0Up7wAQ9qeOM0lS.jpg
Maria Full of Grace,https://image.tmdb.org/t/p/w500/30CImATfvHWLXy6a3KmHXnYXB6c.jpg
Beginners,https://image.tmdb.org/t/p/w500/mAquHAmoBgZ1omUNdNsnGVNX74c.jpg
Feast,https://image.tmdb.org/t/p/w500/g9i3dfQRAyU8TPe1LrbvAdVoLfB.jpg
Animal House,https://image.tmdb.org/t/p/w500/fWooBbipMRIKeSRhEzmeaDV0T8H.jpg
Goldfinger,https://image.tmdb.org/t/p/w500/aKNFzaqQgPzsGXnsMc4kJH5hFIV.jpg
Antiviral,https://image.tmdb.org/t/p/w500/rIn0ruFDU8psnCGkPgA9fbKJJUy.jpg
It's a Wonderful Life,https://image.tmdb.org/t/p/w500/bSqt9rhDZx1Q7UZ86dBPKdNomp2.jpg
Trainspotting,https://image.tmdb.org/t/p/w500/1jUC02qsqS2NxBMFarbIhcQtazV.jpg
The Original Kings of Comedy,https://image.tmdb.org/t/p/w500/vjbEcW9OqWoXKr9e2KySG1WZlNS.jpg
Paranormal Activity 2,https://image.tmdb.org/t/p/w500/gfdrkBZAyUUXJJ2iLQe03SAYRD3.jpg
Waking Ned,https://image.tmdb.org/t/p/w500/bsxiOOKC40HlhdIJYCUE2BkpJv0.jpg
Bowling for Columbine,https://image.tmdb.org/t/p/w500/4XsiTsZcNCRSkee1o0fdr5OqYRT.jpg
Coming Home,https://image.tmdb.org/t/p/w500/muXZscRYs9DNTBPvvhheBBlrxTO.jpg
A Nightmare on Elm Street Part 2: Freddy's Revenge,https://image.tmdb.org/t/p/w500/53kxYw0G3o55yJ23K7s7KMaOyAM.jpg
A Room with a View,https://image.tmdb.org/t/p/w500/5xRAqywVo6tNUNQbAESGVP930la.jpg
The Purge,https://image.tmdb.org/t/p/w500/46X1ei9uf13nkkr0OhWldGyr5Uh.jpg
Sinister,https://image.tmdb.org/t/p/w500/nzx10sca3arCeYBAomHan4Q6wa1.jpg
Martin Lawrence Live: Runteldat,https://image.tmdb.org/t/p/w500/fRpS1sr1GFPgQobsXoNm5lxatcy.jpg
Cat on a Hot Tin Roof,https://image.tmdb.org/t/p/w500/5djZZECgqDGuSI1INmrdAcGRBb0.jpg
Beneath the Planet of the Apes,https://image.tmdb.org/t/p/w500/szHCeYwi4ubewuYnlnz0YGqWnQC.jpg
Air Bud,https://image.tmdb.org/t/p/w500/kDfzh6QdX2tseTwwyB7lp2RP7iE.jpg
Pokémon: Spell of the Unknown,https://image.tmdb.org/t/p/w500/hrBWiMWnD7mheMx846ycUWA3ohs.jpg
Friday the 13th Part VI: Jason Lives,https://image.tmdb.org/t/p/w500/6vdUpHvkspQonXBdWcLWW5ciEPJ.jpg
The Bridge on the River Kwai,https://image.tmdb.org/t/p/w500/7paXMt2e3Tr5dLmEZOGgFEn2Vo7.jpg
Spaced Invaders,https://image.tmdb.org/t/p/w500/vchyoV7mnaUd46meVO81yolXH2D.jpg
Family Plot,https://image.tmdb.org/t/p/w500/oQ9QbyBuIM2uYaheSKjs2x1xIQV.jpg
The Apartment,https://image.tmdb.org/t/p/w500/hhSRt1KKfRT0yEhEtRW3qp31JFU.jpg
Jason Goes to Hell: The Final Friday,https://image.tmdb.org/t/p/w500/Aacq05foqiWdXqetFv02HBvMoJy.jpg
Torn Curtain,https://image.tmdb.org/t/p/w500/7XC1l9eP2TBYMEdA4KRUqKAFmbm.jpg
Dave Chappelle's Block Party,https://image.tmdb.org/t/p/w500/lGS9iKGGRjM049ZGK4J8TvQeBHg.jpg
Slow West,https://image.tmdb.org/t/p/w500/j3PmbRZvf5KpNbapSjn8b0CpD6a.jpg
Krush Groove,https://image.tmdb.org/t/p/w500/83jp1uZp9405rkHKzDuX8qnJbhw.jpg
Next Day Air,https://image.tmdb.org/t/p/w500/wLNzff5sWBWrKU4EI5gf4ZhUBKs.jpg
Elmer Gantry,https://image.tmdb.org/t/p/w500/5vd031r08rrfSMqtB9UarwqCUOz.jpg
Judgment at Nuremberg,https://image.tmdb.org/t/p/w500/b6vYatvui1EXeFYfpDX4rcbueuP.jpg
Trippin',https://image.tmdb.org/t/p/w500/gKdbdPg6Ye8TOpGGDFQ0NeVVSSI.jpg
Red River,https://image.tmdb.org/t/p/w500/jyNTsAzrIWB441OtvfbgKtx1kFS.jpg
Phat Girlz,https://image.tmdb.org/t/p/w500/zzylksiJ8hmzvsHIDBTuqYZJYTe.jpg
Before Midnight,https://image.tmdb.org/t/p/w500/qbGKJmNUroDz75kh5Oafoall89e.jpg
Teen Wolf Too,https://image.tmdb.org/t/p/w500/unfbmoUTIsQzQF09RJZVN1GKr6b.jpg
Phantasm II,https://image.tmdb.org/t/p/w500/cZ5mPtOXcvmg224oBM2k1db5Fnn.jpg
Woman Thou Art Loosed,https://image.tmdb.org/t/p/w500/oiSE4CMsoipS6l1KLEAPIgN9VVY.jpg
Real Women Have Curves,https://image.tmdb.org/t/p/w500/ziemD3ATULYKt399FkO1ZhAwrOH.jpg
Water,https://image.tmdb.org/t/p/w500/cm4M9xaBu78IjuAVNG4LCXdXsg.jpg
East Is East,https://image.tmdb.org/t/p/w500/tDchJ4mB23vGgwdQCmq9FCQ4W23.jpg
Whipped,https://image.tmdb.org/t/p/w500/jIVMqADXH1fEAlf8K19FoDZYh0U.jpg
Kama Sutra - A Tale of Love,https://image.tmdb.org/t/p/w500/kUaWgLrI7HqpPqPxgR54wSGokCV.jpg
Please Give,https://image.tmdb.org/t/p/w500/kft7oy2SoImjDUXgeFbUxhICdc2.jpg
Willy Wonka & the Chocolate Factory,https://image.tmdb.org/t/p/w500/vmpsZkrs4Uvkp9r1atL8B3frA63.jpg
Warlock: The Armageddon,https://image.tmdb.org/t/p/w500/qpRtxbnLb0qFP93db5vwDDXvWz2.jpg
8 Heads in a Duffel Bag,https://image.tmdb.org/t/p/w500/dbjS5UH7JvsQwSLMYMY5GQOSwv1.jpg
Days of Heaven,https://image.tmdb.org/t/p/w500/rwxTYjOZmX2rGhz7avLe1qsjNqe.jpg
Thirteen Conversations About One Thing,https://image.tmdb.org/t/p/w500/mb3mEfzAudrPpQIxRzpLM12aiMV.jpg
Jawbreaker,https://image.tmdb.org/t/p/w500/7YrxXoG25hVCK4nYDHQv9YIk3Ye.jpg
Basquiat,https://image.tmdb.org/t/p/w500/gFfVhN8BbgHhMb3ZNQRAH5xc7kq.jpg
Frances Ha,https://image.tmdb.org/t/p/w500/jrq1NoKvsxWCcffVOjegiYwloFN.jpg
Tsotsi,https://image.tmdb.org/t/p/w500/r3ebTJFcDZ35GaKcuUQQe243z4f.jpg
Happiness,https://image.tmdb.org/t/p/w500/rYfUcEV88Z3gENrfYTE6i8yBkDr.jpg
DysFunktional Family,https://image.tmdb.org/t/p/w500/jYfGKG94Mfs8HMjqXsn9aIVqGTK.jpg
Tusk,https://image.tmdb.org/t/p/w500/pA2SgITmH0lzet9Nn5cxeinRKMv.jpg
Oldboy,https://image.tmdb.org/t/p/w500/pWDtjs568ZfOTMbURQBYuT4Qxka.jpg
Letters to God,https://image.tmdb.org/t/p/w500/vkOXEUy9J0GNtrqXY9Z9rl9pDHf.jpg
Hobo with a Shotgun,https://image.tmdb.org/t/p/w500/xxMaO7VoN2BnZit79PedVHnTjcO.jpg
Compadres,https://image.tmdb.org/t/p/w500/fs166jcsSkRhOvblIEPnFs04aXS.jpg
Freeway,https://image.tmdb.org/t/p/w500/m0pAARUq3foDWFsrUmlYDHtNPE9.jpg
Love's Abiding Joy,https://image.tmdb.org/t/p/w500/bnaJeSqEy4svDD0zaEdgoXtY4ug.jpg
Fish Tank,https://image.tmdb.org/t/p/w500/rI3MKBDsWzQHi9PWDAMKkgmYcff.jpg
Damsels in Distress,https://image.tmdb.org/t/p/w500/kF5kdsQbRh1U8Bvjyu6iIxOAsEx.jpg
Creature,https://image.tmdb.org/t/p/w500/Ap8XavPP8AyvW9TDQDAZzEGT200.jpg
Bachelorette,https://image.tmdb.org/t/p/w500/yAr4LLjZnoIvrfb1VrV3mh38rTK.jpg
Brave New Girl,https://image.tmdb.org/t/p/w500/zM2CFpnSwM8zvC22FFDWjTdJiPQ.jpg
Tim and Eric's Billion Dollar Movie,https://image.tmdb.org/t/p/w500/bcipzEhr7xh9bfvqLq3iqJjnFdk.jpg
Summer Storm,https://image.tmdb.org/t/p/w500/7fqQmDzKGIiIk0mORANha9SsLVy.jpg
Fort McCoy,https://image.tmdb.org/t/p/w500/4ok9jMdmjQUKtuTNwX0w0My9wib.jpg
Chain Letter,https://image.tmdb.org/t/p/w500/Qkz89qeK3gJh49x3T85KiecTZi.jpg
Just Looking,https://image.tmdb.org/t/p/w500/mNCDnjP2pMCH1PLKE3l6eXyDVUK.jpg
The Divide,https://image.tmdb.org/t/p/w500/hnwX5cUuzBDM0OWJB2UtnjkrHDm.jpg
The Eclipse,https://image.tmdb.org/t/p/w500/96ma6Hn8aW3FbHoaDzHiRflCHls.jpg
Demonic,https://image.tmdb.org/t/p/w500/ne0wAvbmzk72svslxjuFySrXEKw.jpg
My Big Fat Independent Movie,https://image.tmdb.org/t/p/w500/xPmQ4BCANMoiS7bvQU5wdFFqsUR.jpg
The Deported,https://image.tmdb.org/t/p/w500/42KLDWL2zRXzv6QH1vwBlELGMOs.jpg
Tanner Hall,https://image.tmdb.org/t/p/w500/qoGtVlqaFWngUXuUzAS6uuNcwsI.jpg
Open Road,https://image.tmdb.org/t/p/w500/y8Ecw1WdbgTacszNR1C0G4WK21r.jpg
They Came Together,https://image.tmdb.org/t/p/w500/ifvKTtvmPYOGed2hP9ogPq98In7.jpg
30 Nights of Paranormal Activity With the Devil Inside the Girl With the Dragon Tattoo,https://image.tmdb.org/t/p/w500/xng4MvtKEj8mV2aHgc51tGZzkdN.jpg
Never Back Down 2: The Beatdown,https://image.tmdb.org/t/p/w500/7VjtTMQpfy9GxMyjUfuYTfyatZz.jpg
Point Blank,https://image.tmdb.org/t/p/w500/xvZc8EvB7tNPHM9VdmNA19EiwqU.jpg
Four Single Fathers,https://image.tmdb.org/t/p/w500/A3aNmcPhcICa0WG8Qn5IZ2gag1A.jpg
Enter the Dangerous Mind,https://image.tmdb.org/t/p/w500/jzoozJFGbMxpjGli5moZuBfbzKS.jpg
Something Wicked,https://image.tmdb.org/t/p/w500/fmKcL3irtCGs1ZWcpx2tKcebp3i.jpg
AWOL-72,https://image.tmdb.org/t/p/w500/9xnzd7yq9vXrjuQjlRLNZ0kFQYU.jpg
Iguana,https://image.tmdb.org/t/p/w500/yN6FIIICpMp9DyRXk9trUm3t3zt.jpg
Chicago Overcoat,https://image.tmdb.org/t/p/w500/6saeAm5xt4vVM632Hxw3tV0tRsJ.jpg
Barry Munday,https://image.tmdb.org/t/p/w500/ctHpUBRpnuGtwF4mYkKQVdjG8NI.jpg
Central Station,https://image.tmdb.org/t/p/w500/zJvp7XjQ2LhPbDVYhFXyucs40vR.jpg
Pocketful of Miracles,https://image.tmdb.org/t/p/w500/xjXwcGJjT5tE22wazQUYH32HwU8.jpg
Close Range,https://image.tmdb.org/t/p/w500/1mB2uLg9qDzLX6BpJReAFAPyAtv.jpg
Boynton Beach Club,https://image.tmdb.org/t/p/w500/fUcoCzSGBTm2xHnGqH0D5kQV9lH.jpg
Amnesiac,https://image.tmdb.org/t/p/w500/dazYq2JoKpKjtVySA9vmLCv16J.jpg
Freakonomics,https://image.tmdb.org/t/p/w500/cPXdZeUKmIylEG8ml0tQOPt9SJ9.jpg
High Tension,https://image.tmdb.org/t/p/w500/vKeFa7CqSxmWsQDjHP6SJXKoDbj.jpg
Griff the Invisible,https://image.tmdb.org/t/p/w500/12DpWfDhBacOE09wJgR75rwCVUH.jpg
Unnatural,https://image.tmdb.org/t/p/w500/iUPOptmk5dQE8LZBhn8u9qfTwfx.jpg
Hustle & Flow,https://image.tmdb.org/t/p/w500/yO5QTMZ2Oex6mwsgJuwRuINGuOQ.jpg
Some Like It Hot,https://image.tmdb.org/t/p/w500/hVIKyTK13AvOGv7ICmJjK44DTzp.jpg
Friday the 13th Part VII: The New Blood,https://image.tmdb.org/t/p/w500/rUzk9Qnyz2FZGxHMBrq6DYIQZkO.jpg
The Wizard of Oz,https://image.tmdb.org/t/p/w500/uCC3j4pV9eOZwzDUWp2ilbcTf1f.jpg
Young Frankenstein,https://image.tmdb.org/t/p/w500/3BvvVKPg9yucChlSvQtJxAbLmj9.jpg
Diary of the Dead,https://image.tmdb.org/t/p/w500/tGktSJW5dPf8QIjmcqum4KOEZPZ.jpg
Lage Raho Munna Bhai,https://image.tmdb.org/t/p/w500/tMARXMYsN1f4FZe9xsfCd0F3lkE.jpg
Ulee's Gold,https://image.tmdb.org/t/p/w500/wMpZ7U7A0QHJptR9L573V3Y7SI0.jpg
The Black Stallion,https://image.tmdb.org/t/p/w500/uZtNc31LR5Ik3ZVo2jxwOvhkNRC.jpg
Sardaarji,https://image.tmdb.org/t/p/w500/f44yO1FafCLn0KM75LFRnFRo3Yn.jpg
Journey to Saturn,https://image.tmdb.org/t/p/w500/lB8iKvq6UTDvp1C60JcALvdH1gX.jpg
Donovan's Reef,https://image.tmdb.org/t/p/w500/xxZ6VUmnsxNiMa812IP3ohUf3BS.jpg
The Dress,https://image.tmdb.org/t/p/w500/jmAQ4eXd5GCvYFrmoI0fKLr1zuD.jpg
A Guy Named Joe,https://image.tmdb.org/t/p/w500/rrdaUol9hZEde4HloyVuG860OH7.jpg
Blazing Saddles,https://image.tmdb.org/t/p/w500/vNw1gOEDdYTDeNMuuq8OmiEHrfH.jpg
Friday the 13th: The Final Chapter,https://image.tmdb.org/t/p/w500/1J7zudfR3VLPwAf9lK5YPfSu0n6.jpg
Ida,https://image.tmdb.org/t/p/w500/oFrwnliM6TtAyWo6nIP8YpJbIvi.jpg
Maurice,https://image.tmdb.org/t/p/w500/8HhCyxxzoUqEBmVGK25Jq69LhVo.jpg
Beer League,https://image.tmdb.org/t/p/w500/yoB3G8yGNLHdbr4TSKZqRp7UJ72.jpg
Riding Giants,https://image.tmdb.org/t/p/w500/8L3ir0KNqSqpps2oVAeCUPVTPhr.jpg
Timecrimes,https://image.tmdb.org/t/p/w500/zdxQRP7mzczMJBwKnv8MCPRq7rQ.jpg
Silver Medalist,https://image.tmdb.org/t/p/w500/ggTqQBLLiDx2MRBp4q3hOPsXDcV.jpg
Timber Falls,https://image.tmdb.org/t/p/w500/v6Lgqh0OYLpeKzbIqxPeDXYstKE.jpg
Singin' in the Rain,https://image.tmdb.org/t/p/w500/w03EiJVHP8Un77boQeE7hg9DVdU.jpg
"Fat, Sick & Nearly Dead",https://image.tmdb.org/t/p/w500/yKXRwMValA4ZbCaC68ANO24ALcY.jpg
A Haunted House,https://image.tmdb.org/t/p/w500/tpw6kvuAJBo1CGRw1Bwdz1KU0hc.jpg
2016: Obama's America,https://image.tmdb.org/t/p/w500/9Ht3rh0GVgh0rGqW99wCXWE4DP1.jpg
That Thing You Do!,https://image.tmdb.org/t/p/w500/9RmZu33qHdyZFGLfhEOmkTjdNEu.jpg
Halloween III: Season of the Witch,https://image.tmdb.org/t/p/w500/WABfdeaThFYXCySGIOvRNv2sSW.jpg
Escape from the Planet of the Apes,https://image.tmdb.org/t/p/w500/vqD7qjBRizY7sPVIHbFRUZwgEXL.jpg
Hud,https://image.tmdb.org/t/p/w500/A168bF52vmAIGkC2Qafj7M2EmaE.jpg
Kevin Hart: Let Me Explain,https://image.tmdb.org/t/p/w500/lzYQkVuEN0zw2JvJsMUsOU47nb4.jpg
My Own Private Idaho,https://image.tmdb.org/t/p/w500/p9TF90Pb5yg2MNb2UztzyXktMm4.jpg
Garden State,https://image.tmdb.org/t/p/w500/h3iqYiGS6F3y7GxaS4AT8nFxZ2i.jpg
Before Sunrise,https://image.tmdb.org/t/p/w500/kf1Jb1c2JAOqjuzA3H4oDM263uB.jpg
Evil Words,https://image.tmdb.org/t/p/w500/93xPP1fTVVMcI7oqfGWxSOjLhk0.jpg
Jesus' Son,https://image.tmdb.org/t/p/w500/A2lVDbF1oTuCMlh69vLnqugWEAM.jpg
Saving Face,https://image.tmdb.org/t/p/w500/7XbbgkKi4nEMOu9iwiANXpjKKhe.jpg
Brick Lane,https://image.tmdb.org/t/p/w500/fOi0il1YvBj0d6wE5OyGIqMPV4S.jpg
Robot & Frank,https://image.tmdb.org/t/p/w500/602vUwe1GPmaRvcrT3OQWqH1Nm1.jpg
My Life Without Me,https://image.tmdb.org/t/p/w500/pFEtVPW88pWflYV84UFL0h1iJr3.jpg
The Spectacular Now,https://image.tmdb.org/t/p/w500/obDS8pTWVWZiNAaTyfIFWYZbRsZ.jpg
Religulous,https://image.tmdb.org/t/p/w500/hBv5LCbWxPB8iU77dwurSGMVZ3N.jpg
Fuel,https://image.tmdb.org/t/p/w500/fg88f3Nis36udZAEryzB1iQ1iYo.jpg
Valley of the Heart's Delight,https://image.tmdb.org/t/p/w500/WTohWlSGwFNDfjJJtyPMraH3qo.jpg
Eye of the Dolphin,https://image.tmdb.org/t/p/w500/8oaWtuz9pfRtCOtHQ5KIWB3vnYP.jpg
8: The Mormon Proposition,https://image.tmdb.org/t/p/w500/glTnodgy1tZa794mnETfHjCPekC.jpg
The Other End of the Line,https://image.tmdb.org/t/p/w500/uiLgARBzUiE7PPRiJILXSh4zOIW.jpg
Anatomy,https://image.tmdb.org/t/p/w500/hZgnRhrOkmjjod5u3umbw4y08kX.jpg
Sleep Dealer,https://image.tmdb.org/t/p/w500/kFXQ4oMJkXAWjyo7Tr5GrLjmk61.jpg
Super,https://image.tmdb.org/t/p/w500/jZrRMGSajZQehg8mz74A5A00L3.jpg
Christmas Mail,https://image.tmdb.org/t/p/w500/dumR7pD3PxK200RzJNycAZlMmIC.jpg
Stung,https://image.tmdb.org/t/p/w500/tcVeFuvxqnWlvoMEWevaeVO0Mm6.jpg
Antibirth,https://image.tmdb.org/t/p/w500/p4KSOLDlg1mY4SUbFL3Rd72CoMR.jpg
Get on the Bus,https://image.tmdb.org/t/p/w500/7p8FvHMSr11LQw9Xv6dPJdrBeU2.jpg
Thr3e,https://image.tmdb.org/t/p/w500/fGXWsdhfJ4UIdCnsCJMkT2Ulo9p.jpg
Idiocracy,https://image.tmdb.org/t/p/w500/6cTHBq49ApwsJaRr3ojlY1cmiXk.jpg
The Rise of the Krays,https://image.tmdb.org/t/p/w500/jE7YKqaqibtf1DeNXXPKrjNV7js.jpg
This Is England,https://image.tmdb.org/t/p/w500/6ZVx7wLrlgSKxkYC2CRg6Zek0fG.jpg
U.F.O.,https://image.tmdb.org/t/p/w500/fYXsdK5j1pKUpO0yF43tEmdvO67.jpg
Bathing Beauty,https://image.tmdb.org/t/p/w500/9vqXU1hFpyLkJK4Wvt3bfUVMbqI.jpg
Go for It!,https://image.tmdb.org/t/p/w500/otMNSW5NH26XGVR7Y4Ok6YlsReR.jpg
"Dancer, Texas Pop. 81",https://image.tmdb.org/t/p/w500/khV9zPcvgOjrqwlk3dI1lGojZib.jpg
Show Boat,https://image.tmdb.org/t/p/w500/sk7s574pI9QAi6uVqbTg0bnLEUC.jpg
Redemption Road,https://image.tmdb.org/t/p/w500/w1NBcLgbJAyuuat0UcIpKQnHmJA.jpg
The Calling,https://image.tmdb.org/t/p/w500/kqJGIh2mZVwTD20GeDVTUNOwd5p.jpg
The Brave Little Toaster,https://image.tmdb.org/t/p/w500/mEZcPMNRqTcotOZSttN5MtmJbu1.jpg
Fantasia,https://image.tmdb.org/t/p/w500/5m9njnidjR0syG2gpVPVgcEMB2X.jpg
8 Days,https://image.tmdb.org/t/p/w500/fvYRa0Zw9G3KVKuxDjmtQlzZngx.jpg
Friday the 13th Part III,https://image.tmdb.org/t/p/w500/9kukTSlgFgXnQGdpcHvHcpTDiUc.jpg
Friday the 13th: A New Beginning,https://image.tmdb.org/t/p/w500/ewnIs4aCuWnKQ13Eaj8f3ybrQc8.jpg
The Last Sin Eater,https://image.tmdb.org/t/p/w500/nSFmT13VqhdVqRhU08ADMxy8cGX.jpg
Do You Believe?,https://image.tmdb.org/t/p/w500/89fJ4hV9fCB01EvhhLOgjMJI4A6.jpg
Impact Point,https://image.tmdb.org/t/p/w500/p2SeFLxPU0fZno9XTYgx3w8IZAX.jpg
The Valley of Decision,https://image.tmdb.org/t/p/w500/kiHMWi0OWMIovdCnd4AbMEyQh3c.jpg
Eden,https://image.tmdb.org/t/p/w500/nVtCuhdg1mYjMMFdUKqijgrAWAS.jpg
Chicken Tikka Masala,https://image.tmdb.org/t/p/w500/sz7TBagHKYx6NI1XmRWIwoDDLri.jpg
There's Always Woodstock,https://image.tmdb.org/t/p/w500/4EOoojQInBDbwDtsTQwj7l8Lcw7.jpg
Jack Brooks: Monster Slayer,https://image.tmdb.org/t/p/w500/xAieCaFdEiIwhHS7FKcltPDUnRc.jpg
The Best Years of Our Lives,https://image.tmdb.org/t/p/w500/gd5EoAU4MM57sW3vlWxJ0NMM8cV.jpg
Bully,https://image.tmdb.org/t/p/w500/vMJ2WHBbK4Jr3eDuF1e7O6lbC8m.jpg
Elling,https://image.tmdb.org/t/p/w500/i4o9u93vR7setcwVeL87jGwc8CS.jpg
Mi America,https://m.media-amazon.com/images/M/MV5BMjQxNzc3MDE0OF5BMl5BanBnXkFtZTgwNjQwMTg3NjE@._V1_SX300.jpg
[REC],https://image.tmdb.org/t/p/w500/hgyJR4sgMsee6xMFM3xYiG6cDCh.jpg
Lies in Plain Sight,https://image.tmdb.org/t/p/w500/4VzDK2Ki8kKoEMwFQglhywiy1no.jpg
Sharkskin,https://image.tmdb.org/t/p/w500/jQHUYbrzHpAA8ZkFLoF6bwNxAyA.jpg
Containment,https://image.tmdb.org/t/p/w500/lz6G41YdOK1CO2qOkoBe6cudofb.jpg
The Timber,https://image.tmdb.org/t/p/w500/kV0jEsELVEhqIU9MPyidKaHpvh9.jpg
From Russia with Love,https://image.tmdb.org/t/p/w500/zx4V17FP8oclNvOpTgs2iCCtiYk.jpg
The Toxic Avenger Part II,https://image.tmdb.org/t/p/w500/m5o7B3VSAjvinjtSYxXD38senvb.jpg
Sleeper,https://image.tmdb.org/t/p/w500/YTYSziZZP5aXt5CDvdEMwKDzme.jpg
It Follows,https://image.tmdb.org/t/p/w500/iwnQ1JH1wdWrGYkgWySptJ5284A.jpg
Everything You Always Wanted to Know About Sex *But Were Afraid to Ask,https://image.tmdb.org/t/p/w500/A1ZNhNd8FV8kCW39OeDelokT0tv.jpg
To Kill a Mockingbird,https://image.tmdb.org/t/p/w500/gZycFUMLx2110dzK3nBNai7gfpM.jpg
Mad Max 2: The Road Warrior,https://image.tmdb.org/t/p/w500/l1KVEhkGDpWRzQ0VqIhZqDDuOim.jpg
The Legend of Drunken Master,https://image.tmdb.org/t/p/w500/xqUBrSBtPYLvCtfqHF5sapU6Div.jpg
Boys Don't Cry,https://image.tmdb.org/t/p/w500/eB505ycEhFVfMwGglIzXNUyKAIs.jpg
Silent House,https://image.tmdb.org/t/p/w500/mbkvYlx1scovMi80rOOkNBvgU11.jpg
The Lives of Others,https://image.tmdb.org/t/p/w500/cVUDMnskSc01rdbyH0tLATTJUdP.jpg
Courageous,https://image.tmdb.org/t/p/w500/hVRkbZRCoHtnfi0V9GFZ3uXjCNp.jpg
The Hustler,https://image.tmdb.org/t/p/w500/snItsSViawjaadW9mlWUmGwR41R.jpg
Boom Town,https://image.tmdb.org/t/p/w500/upPOcyAhnL0tDPL8MsTRrOJquiJ.jpg
The Triplets of Belleville,https://image.tmdb.org/t/p/w500/enw6C4fDw88g0nOQgIJXjgH3NHi.jpg
Smoke Signals,https://image.tmdb.org/t/p/w500/dZ6smtO2cEm3nxVhWscYfKS0mYX.jpg
American Splendor,https://image.tmdb.org/t/p/w500/rPLMxuk82AiqDiwEUVJ6E7WpjYs.jpg
Before Sunset,https://image.tmdb.org/t/p/w500/4sW5XH9ZfYXpvFzev00S1IGAEbg.jpg
Amores perros,https://image.tmdb.org/t/p/w500/A4lH22nlFF7MdalGfcvSrlC1ttt.jpg
Thirteen,https://image.tmdb.org/t/p/w500/uzTLlZrNF6rMPBh5mUQu6vLnTtX.jpg
Gentleman's Agreement,https://image.tmdb.org/t/p/w500/aCCRbcmigPk00f34hpJuWZuvABo.jpg
Winter's Bone,https://image.tmdb.org/t/p/w500/a0qhPkNlxLfsf5B2jFyI1Pp04XV.jpg
Touching the Void,https://image.tmdb.org/t/p/w500/fsydA5H8FSDaYlYWddfMpMpDUX.jpg
Alexander's Ragtime Band,https://image.tmdb.org/t/p/w500/tbmvwfs9C1eTIyCcuhdbnFeuQSA.jpg
Me and You and Everyone We Know,https://image.tmdb.org/t/p/w500/hrj9VsInHnqSDBhEc2FvY0qd79F.jpg
Inside Job,https://image.tmdb.org/t/p/w500/7yXXIWec24htucjsZS1sDuPLqw8.jpg
We Are Your Friends,https://image.tmdb.org/t/p/w500/7RzpN4aLjM5FUc7Q3WsvNn2MuaR.jpg
Ghost Dog: The Way of the Samurai,https://image.tmdb.org/t/p/w500/gjcl07r9zgQ9tVo9alyHmysPFfX.jpg
Harsh Times,https://image.tmdb.org/t/p/w500/raBWBnGz2X6FQ3iUwPwYQE4FrkY.jpg
Captive,https://image.tmdb.org/t/p/w500/wLoFxTZFEfAzFLk2qSoPbcz58Jb.jpg
Full Frontal,https://image.tmdb.org/t/p/w500/7FeoefSYELryi04Kz74xYTayPZk.jpg
Witchboard,https://image.tmdb.org/t/p/w500/d5lDHBzEgBkgAarXpUl56u2vM8c.jpg
Shortbus,https://image.tmdb.org/t/p/w500/s8QBrWgpZpYrySSyTQ0xbFLPKrS.jpg
Waltz with Bashir,https://image.tmdb.org/t/p/w500/zQaCv7lKwHsh0YSHkt1QNjIOZ1c.jpg
"The Book of Mormon Movie, Volume 1: The Journey",https://image.tmdb.org/t/p/w500/ov4rsTmjJ28jUnSRRYwhIGWUWUn.jpg
No End in Sight,https://image.tmdb.org/t/p/w500/vNLK1fRPHTHFfWfy63NJFDwX7MQ.jpg
The Diary of a Teenage Girl,https://image.tmdb.org/t/p/w500/5YlUrdYKuscD7pwf3yy9duVLbui.jpg
In the Shadow of the Moon,https://image.tmdb.org/t/p/w500/xvthKnu7EjK0QvEBPY9ZnO3SiHe.jpg
Meek's Cutoff,https://image.tmdb.org/t/p/w500/oc28NmVqLx0x8epu3Ih3LvX4zE9.jpg
Inside Deep Throat,https://image.tmdb.org/t/p/w500/iy96Ud1jpnjOEYiHh2XMooD1PfG.jpg
Dinner Rush,https://image.tmdb.org/t/p/w500/6qhSssp1RT3IU53OkomdpJsyJ0D.jpg
Clockwatchers,https://image.tmdb.org/t/p/w500/buStvFH9j4n0McRewpbKBZsrKQc.jpg
The Virginity Hit,https://image.tmdb.org/t/p/w500/krUYZAjEZ5n5GL7tuLoQGfxja0S.jpg
Subway,https://image.tmdb.org/t/p/w500/5EOFUWs0ImeyiRUtFpbHuGGTNUx.jpg
House of D,https://image.tmdb.org/t/p/w500/oVBMJQKHVTbXM8vEph3RhS4mKgr.jpg
Teeth,https://image.tmdb.org/t/p/w500/p7OIPkN2LOBprQxQx7EZBa6m6W4.jpg
Six-String Samurai,https://image.tmdb.org/t/p/w500/4Lo0pT1gnDAL4hTVMYLwpVWcqR1.jpg
Hum To Mohabbat Karega,https://image.tmdb.org/t/p/w500/dCzznqwqDtdwc0zqUBTDY3BMYae.jpg
It's All Gone Pete Tong,https://image.tmdb.org/t/p/w500/4AvbVwbejmSMKGEdLmVYDLAss1i.jpg
Saint John of Las Vegas,https://image.tmdb.org/t/p/w500/fFW0KMESYWfI74UAZ5gc3Ct8MBI.jpg
24 7: Twenty Four Seven,
Stonewall,https://image.tmdb.org/t/p/w500/jkUKuPK0dJwP9o47npgLipp83D0.jpg
Roadside Romeo,https://image.tmdb.org/t/p/w500/p2CBDCVzTPjnXaKXN21bEoPWBeQ.jpg
This Thing of Ours,https://image.tmdb.org/t/p/w500/rS7neBxeRMBeN8095SZnUZTrtQN.jpg
The Lost Medallion: The Adventures of Billy Stone,https://image.tmdb.org/t/p/w500/tDPwBwGAERB4B1yQjR0xwTWwbFQ.jpg
The Last Five Years,https://image.tmdb.org/t/p/w500/dxTLKSTyGb5IXB64iNgU9AWAsXT.jpg
The Missing Person,https://image.tmdb.org/t/p/w500/fwjX5pXrylMXtPCmYq7MzoTVJ5H.jpg
Return of the Living Dead 3,https://image.tmdb.org/t/p/w500/lu4Eit7pR5I8hGHJmy3K9Re8FPo.jpg
London,https://image.tmdb.org/t/p/w500/zvNHklUZcrwdN8xpL7Vsqedru5l.jpg
Sherrybaby,https://image.tmdb.org/t/p/w500/wvMd4qGoSdrgW046DTvmwPyt6TV.jpg
Circle,https://image.tmdb.org/t/p/w500/hbIL53MdZFJXsgxXaSOVuApWTs8.jpg
Eden Lake,https://image.tmdb.org/t/p/w500/tOg6ElTe1mJwaCFN0172U4oso22.jpg
Plush,https://image.tmdb.org/t/p/w500/iKtQbFwd72ZnXYbEIfEDVpHEJqo.jpg
Lesbian Vampire Killers,https://image.tmdb.org/t/p/w500/3IROnPMgDnI1TYQ4PZBB0nn6CwX.jpg
Gangster's Paradise: Jerusalema,https://image.tmdb.org/t/p/w500/fVmlqgIyHjEsONDcaFiP8jBdqvU.jpg
Freeze Frame,https://image.tmdb.org/t/p/w500/A7SNMoBXWt0GAdktkVY1SB3y3vQ.jpg
Grave Encounters,https://image.tmdb.org/t/p/w500/8vnsB3Rg9Gb91UOaecXRb7dYB37.jpg
Stitches,https://image.tmdb.org/t/p/w500/lxZ6rfvzKWwt2nu7ElrwYkNHu5o.jpg
Nine Dead,https://image.tmdb.org/t/p/w500/3zAYW3q6gawnV68XdXtkBNBgUEX.jpg
"To Be Frank, Sinatra at 100",https://image.tmdb.org/t/p/w500/fdWfdl8p4W7TZ20BHCcCb7BUiel.jpg
Bananas,https://image.tmdb.org/t/p/w500/gK11RUXspxqty0Wq6KoV8J0crKO.jpg
Supercapitalist,https://image.tmdb.org/t/p/w500/qQrVjSPIarrSnpY9O1eZH01VbUh.jpg
Rockaway,https://image.tmdb.org/t/p/w500/9VlOskJuRF0rCqFzoZnfsBf4PC2.jpg
The Lady from Shanghai,https://image.tmdb.org/t/p/w500/whqdqWavNMSoeXTx1X3DauO1LG6.jpg
No Man's Land: The Rise of Reeker,https://image.tmdb.org/t/p/w500/1LAjKJ2Xcmb1ixIKq6ZA3LVq871.jpg
Highway,https://image.tmdb.org/t/p/w500/fdTtij6H0sX9AzIjUeynh5zbfm7.jpg
Small Apartments,https://image.tmdb.org/t/p/w500/z7j98OiCC6v0gOXJ9VF5t2kV169.jpg
Coffee Town,https://image.tmdb.org/t/p/w500/475PTJRhikorye5BnTan5BPm85j.jpg
The Ghastly Love of Johnny X,https://image.tmdb.org/t/p/w500/x5f1DNKwid7Pce9afAQd2waPtDs.jpg
All Is Bright,https://image.tmdb.org/t/p/w500/spCLVHZnOCcjrGwCEaVi8ADKRsn.jpg
The Torture Chamber of Dr. Sadism,https://image.tmdb.org/t/p/w500/aao5hdQbzy5RxdewrdSW3SFSHZG.jpg
Straight A's,https://image.tmdb.org/t/p/w500/92bkt0yTztGrNy44bOIHkxpkcDn.jpg
A Funny Thing Happened on the Way to the Forum,https://image.tmdb.org/t/p/w500/h3S9DZMUZNsAqd8ZNBed7ttPWXk.jpg
Slacker Uprising,https://image.tmdb.org/t/p/w500/aZappNo0qadtT2qyrPREAZ6GVoZ.jpg
The Legend of Hell's Gate: An American Conspiracy,https://image.tmdb.org/t/p/w500/meg2YdNDQFAPodjz8IHCYepc0vw.jpg
The Walking Deceased,https://image.tmdb.org/t/p/w500/ss6eqPxe9vmsYOxb3LGUs5mIXvq.jpg
The Curse of Downers Grove,https://image.tmdb.org/t/p/w500/fTpYTV0a23Diw344tE199bIHo7l.jpg
Shark Lake,https://image.tmdb.org/t/p/w500/rAvFko64iscEmDQkVnmc8rpmqCw.jpg
River's Edge,https://image.tmdb.org/t/p/w500/bT68aKa9d7zDF7Z8MaskbWBRqzb.jpg
Northfork,https://image.tmdb.org/t/p/w500/jb3qheP75UgVibpnfubotrBDY5v.jpg
The Marine 4: Moving Target,https://image.tmdb.org/t/p/w500/yR4R4SP6nLwwJ30DZOCVXefqPhi.jpg
Buried,https://image.tmdb.org/t/p/w500/lQP2sZngXzjh3NDIWzo9OVK5YVh.jpg
Submarine,https://image.tmdb.org/t/p/w500/nbzXX3CYtKUBrPeMcG7PVoLQHXB.jpg
The Square,https://image.tmdb.org/t/p/w500/kLed7chodgFBAC2hUFqtVt9KyGk.jpg
One to Another,https://image.tmdb.org/t/p/w500/AnF2ewdZax4tGhzUU7JYqBGa7FX.jpg
ABCD (Any Body Can Dance),https://image.tmdb.org/t/p/w500/6d10bDZIg8vQNnzSn9wAu4KD8hc.jpg
Man on Wire,https://image.tmdb.org/t/p/w500/1mS4rhIgHZcHIvf1beP9Av0Ui33.jpg
Abandoned,https://image.tmdb.org/t/p/w500/3TNmBgcta46j0z7KmKtOMO84pfE.jpg
Brotherly Love,https://image.tmdb.org/t/p/w500/z8Fg0EcHvNLjvASg0h1FbwvrIXe.jpg
The Last Exorcism,https://image.tmdb.org/t/p/w500/eOo9tgGjxdsQEgqc6g7E1NL8460.jpg
Nowhere Boy,https://image.tmdb.org/t/p/w500/1rFcosLtBnGL2ru0IPtwx3QSeKK.jpg
A Streetcar Named Desire,https://image.tmdb.org/t/p/w500/aicdlO5vt7z2ARm279eGzJeYCLQ.jpg
Dr. Strangelove or: How I Learned to Stop Worrying and Love the Bomb,https://image.tmdb.org/t/p/w500/gHm96BRW4GoI339rF1vYoYTB6Qe.jpg
The Crime of Padre Amaro,https://image.tmdb.org/t/p/w500/wqwt2DKcQV6EeSwXuYTk7pkLFii.jpg
Beasts of the Southern Wild,https://image.tmdb.org/t/p/w500/nQJmWekGYlXhezGUb21xFfEfwhH.jpg
Battle for the Planet of the Apes,https://image.tmdb.org/t/p/w500/dP5dYjLp5p2CG103cJMio4Nj29d.jpg
Songcatcher,https://image.tmdb.org/t/p/w500/qpUSLY5BPi42rqO097tNF8e53Qm.jpg
Higher Ground,https://image.tmdb.org/t/p/w500/xFvN6OVYGwPokUnkZlKxd1coxbS.jpg
Vaalu,https://image.tmdb.org/t/p/w500/cQ3MxP5yrMfdjSwVq2hjW5oRWKy.jpg
The Greatest Movie Ever Sold,https://image.tmdb.org/t/p/w500/qyPsCqMbTJznLu8KBWg0CLNRbIH.jpg
Ed and His Dead Mother,https://image.tmdb.org/t/p/w500/AnF4FFmJPIJhZ3FoOhlTWClPHFR.jpg
Travellers and Magicians,https://image.tmdb.org/t/p/w500/rVXiPoXzeoyExzepxdv4eQQMERa.jpg
Hang 'em High,https://image.tmdb.org/t/p/w500/gFvRKgCAa1MKlcAKZfoDNdR2dgy.jpg
Deadline - U.S.A.,https://image.tmdb.org/t/p/w500/xioYj4tRukm2BETibaJwXlQar2V.jpg
Sublime,https://image.tmdb.org/t/p/w500/285yCXj3JIe7rXdedZJ0FD4KPnS.jpg
A Beginner's Guide to Snuff,https://image.tmdb.org/t/p/w500/kv0i6XqUULBcgCHwXedZZulOPyv.jpg
Independence Daysaster,https://image.tmdb.org/t/p/w500/6jor0EqECPgHqu89GrQIy9Wetkf.jpg
Dysfunctional Friends,https://image.tmdb.org/t/p/w500/oq9UGUeaGzLNR0nAcQZuYLIpuBg.jpg
Run Lola Run,https://image.tmdb.org/t/p/w500/v0giIi4bTILVhNhJajet3WWY3FA.jpg
May,https://image.tmdb.org/t/p/w500/oFXhJYTax1cnNtgvLdKlXuYiWPV.jpg
Against the Wild,https://image.tmdb.org/t/p/w500/cTs2mJEJMa6WxYt4ZJnlz2xK0VC.jpg
Under the Same Moon,https://image.tmdb.org/t/p/w500/wx9DwdcgvLhoQJP3AOXpvMISgtM.jpg
Conquest of the Planet of the Apes,https://image.tmdb.org/t/p/w500/tzKZRY2opw5MruSkevffgT5ocun.jpg
In the Bedroom,https://image.tmdb.org/t/p/w500/IQj11YbraLDyPYaz79jtDoAscc.jpg
I Spit on Your Grave,https://image.tmdb.org/t/p/w500/sD5mBllYcBR5sQTyR2VGYhpHf6B.jpg
"Happy, Texas",https://image.tmdb.org/t/p/w500/5bUoL781c0YdWmqtcNWjbPATyAb.jpg
My Summer of Love,https://image.tmdb.org/t/p/w500/47eozMel2wZgEASToUzScsPVpDs.jpg
The Lunchbox,https://image.tmdb.org/t/p/w500/jSOiz1h97i3qwjZJXY8SeLvjPsl.jpg
Yes,https://image.tmdb.org/t/p/w500/70PQCYF3ExuKHqyieJhYV0GJg9H.jpg
You Can't Take It With You,https://image.tmdb.org/t/p/w500/9JltqbDyWstYW6gnvqDO6L5bOrx.jpg
From Here to Eternity,https://image.tmdb.org/t/p/w500/25Rm1YJSyhXAEu8abonZvW83aPL.jpg
She Wore a Yellow Ribbon,https://image.tmdb.org/t/p/w500/2IXtuwkTVcDsaa09AiQnlkfxe7I.jpg
Grace Unplugged,https://image.tmdb.org/t/p/w500/1woGP3DCEyfPuifRPSkrwDanOQm.jpg
Foolish,https://image.tmdb.org/t/p/w500/bCBsJyLnZbnlfwooB5733LLXF24.jpg
N-Secure,https://image.tmdb.org/t/p/w500/eYbnGcx48fnujZkR7Wo0x4RzL12.jpg
Caramel,https://image.tmdb.org/t/p/w500/3YAAZuO0Rz33CrIO66NqxMS6R4y.jpg
Out of the Dark,https://image.tmdb.org/t/p/w500/Lql2rnNRmKJrjq4FhEUh7IwkNd.jpg
The Bubble,https://image.tmdb.org/t/p/w500/b73kg6GIuUBAHavvQm2AKSCBA1.jpg
The Conversation,https://image.tmdb.org/t/p/w500/dHqVBwcv1SGymOpUueRoKzcmdes.jpg
Dil Jo Bhi Kahey...,https://image.tmdb.org/t/p/w500/boSr1IpelWee87Lf88l5biw2fcf.jpg
Mississippi Mermaid,https://image.tmdb.org/t/p/w500/l2jsT4bWzGZry34x4k5eNiSquhv.jpg
I Love Your Work,https://image.tmdb.org/t/p/w500/eEHWma4acEcP0byL2a7h9MJxB57.jpg
Cabin Fever,https://image.tmdb.org/t/p/w500/yJQLWoizC5zBjVk9dr2Qo1K1TCI.jpg
Waitress,https://image.tmdb.org/t/p/w500/ux3SPTHHmJytSjWEaV7xlo9nbOZ.jpg
Bloodsport,https://image.tmdb.org/t/p/w500/kndxR9TRK0kJ5hxzDprRSS80F2W.jpg
Mr. Smith Goes to Washington,https://image.tmdb.org/t/p/w500/nDjg1fbNyq15excNDl3acd2IqAk.jpg
Kids,https://image.tmdb.org/t/p/w500/8qV8hUVCUnFIQKewzlhaFWhdszK.jpg
The Squid and the Whale,https://image.tmdb.org/t/p/w500/9NbXn1NMdfGM491V3EFjZADR9SX.jpg
Kissing Jessica Stein,https://image.tmdb.org/t/p/w500/8b2g8QZRLTJMYyzc3HirTSRQpLW.jpg
Kickboxer: Vengeance,https://image.tmdb.org/t/p/w500/9suFyXDE1MhZ8I8tuhmTd0fJ7G8.jpg
Spellbound,https://image.tmdb.org/t/p/w500/dPAox7jGScLBvxKLeRptJIBF7v.jpg
Exotica,https://image.tmdb.org/t/p/w500/3pibvRQK3A1E8cyhX8IQPIAU2J8.jpg
Buffalo '66,https://image.tmdb.org/t/p/w500/fxzXFzbSGNA52NHQCMqQiwzMIQw.jpg
Insidious,https://image.tmdb.org/t/p/w500/1egpmVXuXed58TH2UOnX1nATTrf.jpg
Repo Man,https://image.tmdb.org/t/p/w500/bjuu5UceuVUNUjnOC2fBzL3hZKC.jpg
Nine Queens,https://image.tmdb.org/t/p/w500/u2L4Foderu7SCPci5c3jsUfEJPP.jpg
The Gatekeepers,https://image.tmdb.org/t/p/w500/y7B7Ko7ZEXKcBLkO8HiGFAxAKjA.jpg
The Ballad of Jack and Rose,https://image.tmdb.org/t/p/w500/jhID43WmWf3HeH3M3tBCPTSeBOi.jpg
The To Do List,https://image.tmdb.org/t/p/w500/vSVYCcvDJljrESZo1jJyXPVvwfk.jpg
Killing Zoe,https://image.tmdb.org/t/p/w500/k3UEKMVnkljOlsO5sLmz87YGlaG.jpg
The Believer,https://image.tmdb.org/t/p/w500/doe1zmrCRCSRkC3EdalFiUZhMxn.jpg
Snow Angels,https://image.tmdb.org/t/p/w500/hKtht1ezc31mH1cBIHoDPmScnk9.jpg
Unsullied,https://image.tmdb.org/t/p/w500/3cby5ym34M2N1kNvz4bIezFYJFb.jpg
Session 9,https://image.tmdb.org/t/p/w500/A3Au37c3KJX29BDvldzGiYtaU5B.jpg
I Want Someone to Eat Cheese With,https://image.tmdb.org/t/p/w500/4zVqWaiC9Y2GJSmuJjMDRlYv4ae.jpg
Mooz-lum,https://image.tmdb.org/t/p/w500/adSb3QS8wW234v7HVhbFWABhgy7.jpg
Hatchet,https://image.tmdb.org/t/p/w500/lkh3Fwruds78feXfP1Zb9kBLydL.jpg
Modern Times,https://image.tmdb.org/t/p/w500/7uoiKOEjxBBW0AgDGQWrlfGQ90w.jpg
Stolen Summer,https://image.tmdb.org/t/p/w500/marKnaLfvEnQ1DK3U2SLKYRGVdh.jpg
My Name Is Bruce,https://image.tmdb.org/t/p/w500/et2f1JBW533ZzYiCEA2T7nwzcs1.jpg
The Salon,https://image.tmdb.org/t/p/w500/uI38GTzFL00G2VJSzRUEuOnSE3s.jpg
Road Hard,https://image.tmdb.org/t/p/w500/aClpHJtwN2I6DmCZpu54LUVoQJK.jpg
Forty Shades of Blue,https://image.tmdb.org/t/p/w500/tWhkFzXkqS9afk2KKTTwd6IBmZ6.jpg
Amigo,https://image.tmdb.org/t/p/w500/fKSc6ZB8DOdwxtSBPjv7NjGMWBr.jpg
Pontypool,https://image.tmdb.org/t/p/w500/uh4n9FSYYaeOWchP8gBPNtg7kD7.jpg
Trucker,https://image.tmdb.org/t/p/w500/kiOEBjIsTiGtYBDfaoaCwwXGIFP.jpg
Me You and Five Bucks,https://image.tmdb.org/t/p/w500/ukQf5WWnLerLsMR1bo33HmQ6EUG.jpg
The Lords of Salem,https://image.tmdb.org/t/p/w500/nqZ6CGGZpQWt139YioekSYHvvkU.jpg
Housebound,https://image.tmdb.org/t/p/w500/jPKEeHmUuoDnIaRs6VUqSr4qRGR.jpg
Wal-Mart: The High Cost of Low Price,https://image.tmdb.org/t/p/w500/6PYx4HEbczd9QUCex5Wspkhjef5.jpg
Fetching Cody,https://image.tmdb.org/t/p/w500/p7vuoA0vIldc9t48CRwougpidoj.jpg
Last I Heard,https://image.tmdb.org/t/p/w500/plfE6Ijfse0ALy4UFdgcAu23F7z.jpg
Closer to the Moon,https://image.tmdb.org/t/p/w500/pBqnSEkLMZoEFgOCQLxM7wKmmS0.jpg
Mutant World,https://image.tmdb.org/t/p/w500/qW10Tx8IQsDZRr7seAz2Ld8YRLy.jpg
Growing Up Smith,https://image.tmdb.org/t/p/w500/ncALkAajnctju0CYKH4bFm40QJD.jpg
Checkmate,https://image.tmdb.org/t/p/w500/gG4iRaSrivB7hWtzwkM9UsQ7nma.jpg
#Horror,https://image.tmdb.org/t/p/w500/v9pTHwhpSWmPHU8i1pEt9VIG9Kg.jpg
Wind Walkers,https://image.tmdb.org/t/p/w500/3G8rw9hY9fvqCtFf1jUzww189yO.jpg
Snow White and the Seven Dwarfs,https://image.tmdb.org/t/p/w500/3VAHfuNb6Z7UiW12iYKANSPBl8m.jpg
The Holy Girl,https://image.tmdb.org/t/p/w500/srA4HPJe0YpDTZ4L4Nj5psD7v48.jpg
Shalako,https://image.tmdb.org/t/p/w500/ywxINymAsSGAJmPvDqMkdFY3PNH.jpg
Incident at Loch Ness,https://image.tmdb.org/t/p/w500/hsBmbcL4KiZerEwFJO4BHlvnbA8.jpg
The Dog Lover,https://image.tmdb.org/t/p/w500/sDPBBKZAIP6r2OaLfNBSI1hdp2Q.jpg
GirlHouse,https://image.tmdb.org/t/p/w500/4zR3QYWoeY2mTwVWnVxUQQptqdM.jpg
The Blue Room,https://image.tmdb.org/t/p/w500/fYHOfbx9Xuxbu6LJBJA9EPom70Q.jpg
House at the End of the Drive,https://image.tmdb.org/t/p/w500/AmW0Rz1McoXMYPxl5WoootpiJsz.jpg
Batman,https://image.tmdb.org/t/p/w500/zzoPxWHnPa0eyfkMLgwbNvdEcVF.jpg
"Lock, Stock and Two Smoking Barrels",https://image.tmdb.org/t/p/w500/6pJB2t3MbQUy9m5pFIBHXLqnqNd.jpg
The Ballad of Gregorio Cortez,https://image.tmdb.org/t/p/w500/nU5xLRQBn1nLqhW9UumdRQTGjbF.jpg
The Celebration,https://image.tmdb.org/t/p/w500/2LRzNq41yrY8EjCnD1S8sCCPvKk.jpg
Trees Lounge,https://image.tmdb.org/t/p/w500/2DtoVhI9RkArGbzkvctGxY578QN.jpg
Journey from the Fall,https://image.tmdb.org/t/p/w500/20QLLHVKEkkABlRf17e9jWYcibe.jpg
The Basket,https://image.tmdb.org/t/p/w500/4i98DTRSDGk6JiKBc1LDBvxelw.jpg
Eddie: The Sleepwalking Cannibal,https://image.tmdb.org/t/p/w500/2B4wSzrsbK2nnZs5HcZ3LSALQkh.jpg
Queen of the Mountains,https://image.tmdb.org/t/p/w500/9my4y17YNNIIx6A1aP8BvuO5WdG.jpg
Def-Con 4,https://image.tmdb.org/t/p/w500/qPQ8gUy228PrCkIFQlUVMppaD5.jpg
The Hebrew Hammer,https://image.tmdb.org/t/p/w500/HryOo5fCwJ5QUbNqjYAotgoj9c.jpg
Neal 'n' Nikki,https://image.tmdb.org/t/p/w500/aCjfuhKLvnH4K1QaxB2GJkGicWY.jpg
The 41–Year–Old Virgin Who Knocked Up Sarah Marshall and Felt Superbad About It,https://image.tmdb.org/t/p/w500/rqShY7xY6sUEXsr9cglmclryfjp.jpg
Forget Me Not,https://image.tmdb.org/t/p/w500/jDux50AIllCTIeAwg8wJ32oN1EE.jpg
Rebecca,https://image.tmdb.org/t/p/w500/1qz3qUOHnVy7dL7M7G8jSErxE4b.jpg
Friday the 13th Part 2,https://image.tmdb.org/t/p/w500/92rGctBMTv4uaSlIBVnhz01kRWL.jpg
The Lost Weekend,https://image.tmdb.org/t/p/w500/yL6EJxPeYIcB9TChm56lHqXKzHC.jpg
C.H.U.D.,https://image.tmdb.org/t/p/w500/8BVw5RIDBTZwdMAR1VKpAkwrMjj.jpg
Filly Brown,https://image.tmdb.org/t/p/w500/5CdRIAll52h0s0cbFH0VKiCp7pg.jpg
The Lion of Judah,https://image.tmdb.org/t/p/w500/dOF8yD82vboFuC0gbJdZtz2JeI8.jpg
Niagara,https://image.tmdb.org/t/p/w500/wb9OBAiO3aUpY4UBkE07KscXSkA.jpg
How Green Was My Valley,https://image.tmdb.org/t/p/w500/8N7OmxBqjRVUrqergUduGgr6exy.jpg
Da Sweet Blood of Jesus,https://image.tmdb.org/t/p/w500/dUqIwSKX9cEkahmv1lsolT8ouE9.jpg
"Sex, Lies, and Videotape",https://image.tmdb.org/t/p/w500/dE0u4uB5UPfVIdz258Ye2XEPuuh.jpg
Saw,https://image.tmdb.org/t/p/w500/rLNSOudrayDBo1uqXjrhxcjODIC.jpg
Super Troopers,https://image.tmdb.org/t/p/w500/yJyxPItcLNVfYr7idOphQTmQ9hK.jpg
The Algerian,https://image.tmdb.org/t/p/w500/AsjTIGBTA5mrFk6lVLYTKs5aJEy.jpg
The Amazing Catfish,https://image.tmdb.org/t/p/w500/zZ9wdeh2jXZJYUxngOapEUsCVYh.jpg
Monsoon Wedding,https://image.tmdb.org/t/p/w500/vCwkv7tYFem0tQ9Duoq2MX7T7Zd.jpg
You Can Count on Me,https://image.tmdb.org/t/p/w500/7mGFmij1FZD5eUnNwvUjmpqrDl6.jpg
The Trouble with Harry,https://image.tmdb.org/t/p/w500/uUXLq7fEG3hI46ZFMZzgHj11S6S.jpg
But I'm a Cheerleader,https://image.tmdb.org/t/p/w500/8huDg3Q0EmcWuN9HgYsO8ylAp9f.jpg
Home Run,https://image.tmdb.org/t/p/w500/687pD1t23ptW7mxhA34ASLEaFrE.jpg
Reservoir Dogs,https://image.tmdb.org/t/p/w500/xi8Iu6qyTfyZVDVy60raIOYJJmk.jpg
The Blue Bird,https://image.tmdb.org/t/p/w500/4MLru2banKCbCC5iGOmqon3h569.jpg
"The Good, the Bad and the Ugly",https://image.tmdb.org/t/p/w500/bX2xnavhMYjWDoZp1VM6VnU1xwe.jpg
The Second Mother,https://image.tmdb.org/t/p/w500/u1tDQun2iJAzersd94S8P47WEOL.jpg
Blue Like Jazz,https://image.tmdb.org/t/p/w500/t6boEESUOnO31vD0FPfNAAHV8y.jpg
Down & Out With The Dolls,https://placehold.co/300x450/png?text=Movie
"Pink Ribbons, Inc.",https://image.tmdb.org/t/p/w500/kiGhBNHtACElOoGpQDY26JcFc3W.jpg
Certifiably Jonathan,https://image.tmdb.org/t/p/w500/9iZuJ4I5Fxr8EeRMvoDIJRxOL3e.jpg
Desire,https://image.tmdb.org/t/p/w500/wxvvNXY3n0637cOcdeC61eyVAnC.jpg
The Blade of Don Juan,https://image.tmdb.org/t/p/w500/sb7lZhOmQN5QrAVx4voyBDuPilM.jpg
Grand Theft Parsons,https://image.tmdb.org/t/p/w500/5sWWj5tlTDyAi2yiEjQZUmJCoKr.jpg
Extreme Movie,https://image.tmdb.org/t/p/w500/3N5XjwUITJo5MFhvWCJHVJt8pAg.jpg
The Charge of the Light Brigade,https://image.tmdb.org/t/p/w500/v7PFjyhEAWKGQ8g6cTGw4GzYKsa.jpg
Below Zero,https://image.tmdb.org/t/p/w500/yZtJz83LOjn5tI6QSKMQfrNHpvC.jpg
Crowsnest,https://image.tmdb.org/t/p/w500/g2swX9YGaIq1dpGr7gva8DGnWe4.jpg
Airborne,https://image.tmdb.org/t/p/w500/4TPCzvOoQmmParPjgHCiqqiVYIJ.jpg
Cotton Comes to Harlem,https://image.tmdb.org/t/p/w500/tW30OfbGhe2uFBw4cr6tKsZwCcl.jpg
The Wicked Within,https://image.tmdb.org/t/p/w500/82lKQXWuPBaGA9048pHB9WsPAPO.jpg
Bleeding Hearts,https://image.tmdb.org/t/p/w500/qiIw8ZqQGdGn5cZDRVeJWyMtkSC.jpg
Waiting...,https://image.tmdb.org/t/p/w500/h3NJDiaaliUH35ApXPu8PFKZwWz.jpg
Dead Man's Shoes,https://image.tmdb.org/t/p/w500/sCbXlGHmonE3QEOeM7I2PRkG8y6.jpg
From a Whisper to a Scream,https://image.tmdb.org/t/p/w500/h2UzUndAmuqJsluhCK7vZuVjyhu.jpg
Sex With Strangers,https://image.tmdb.org/t/p/w500/hKoiQdPIwPpLvDq60pLkhVNBTe5.jpg
Dracula: Pages from a Virgin's Diary,https://image.tmdb.org/t/p/w500/qioaICsGsr8Bu8yr6UGPLmV9crX.jpg
Faith Like Potatoes,https://image.tmdb.org/t/p/w500/aDbCnYtGf850s9EfU3LOh1gejm4.jpg
Beyond the Black Rainbow,https://image.tmdb.org/t/p/w500/uhomcCTQ3lO8L6mLhkCMypsnroO.jpg
The Raid,https://image.tmdb.org/t/p/w500/Abnm1Ws3JH0ReCfEhLMPwPcMcGO.jpg
The Dead Undead,https://image.tmdb.org/t/p/w500/hnRcpyyhjhjBrS5KVGXM2SA1Dz3.jpg
The Vatican Exorcisms,https://image.tmdb.org/t/p/w500/dLouGrpKl02GrlUK4wfNZiUW7Wy.jpg
Casablanca,https://image.tmdb.org/t/p/w500/lGCEKlJo2CnWydQj7aamY7s1S7Q.jpg
Lake Mungo,https://image.tmdb.org/t/p/w500/g0zCELYfBfSv8TOGC13buABVN53.jpg
Rocket Singh: Salesman of the Year,https://image.tmdb.org/t/p/w500/3Z8lLFzPOBfOO4w3CykRaCeh9h.jpg
Silent Running,https://image.tmdb.org/t/p/w500/ahasZ5HILZHtlrl6cbXgpfk0y8H.jpg
Rocky,https://image.tmdb.org/t/p/w500/aYtBYWqCdUqcnoodWJdcTG3pFev.jpg
The Sleepwalker,https://image.tmdb.org/t/p/w500/asTg7u7yYQIBeEx9tTvpTQVkjFJ.jpg
Tom Jones,https://image.tmdb.org/t/p/w500/yKuZKLMhe74PJzaxYLh2s8h4P2P.jpg
Unfriended,https://image.tmdb.org/t/p/w500/8byPxREr3BqBNyyij5WHVSOVtYk.jpg
Taxi Driver,https://image.tmdb.org/t/p/w500/ekstpH614fwDX8DUln1a2Opz0N8.jpg
The Howling,https://image.tmdb.org/t/p/w500/nRTonikdpMUYr3y3RXESLBhRUov.jpg
Dr. No,https://image.tmdb.org/t/p/w500/f9HsemSsBEHN5eoMble1bj6fDxs.jpg
Chernobyl Diaries,https://image.tmdb.org/t/p/w500/9AKhThGA8IATBy3gR7I4dw9SEc4.jpg
Hellraiser,https://image.tmdb.org/t/p/w500/3Z0oPHyLnk3Vx6ZMC1MiVwIrKhO.jpg
God's Not Dead 2,https://image.tmdb.org/t/p/w500/xsRYqQJv6t0f4J6DYeYraM9uKKT.jpg
Cry_Wolf,https://image.tmdb.org/t/p/w500/7OQ2McKYgnyfIHHkm0jBxQnu7ou.jpg
Godzilla 2000,https://image.tmdb.org/t/p/w500/7BrjFxV0j5VzZRfVYeYbFXMUweB.jpg
Blue Valentine,https://image.tmdb.org/t/p/w500/dc8BdKnDY5Iy28KzUGtHIXuqqFK.jpg
Transamerica,https://image.tmdb.org/t/p/w500/3MmLpqRlrYSP0uFIDr9BHA4o2LP.jpg
The Devil Inside,https://image.tmdb.org/t/p/w500/mtyFRIRBmrCE2XKU5EnEK8dtu2X.jpg
Beyond the Valley of the Dolls,https://image.tmdb.org/t/p/w500/eslylQSssnNIV4f06fHtfxPTH3I.jpg
Love Me Tender,https://image.tmdb.org/t/p/w500/4PdRIIrBN4q8H7f8yGbd0ScpTjh.jpg
An Inconvenient Truth,https://image.tmdb.org/t/p/w500/zrYT5UHE2UIsofwkv6KK2Tsu5a.jpg
Sands of Iwo Jima,https://image.tmdb.org/t/p/w500/utpy9JLuyhsxpw2E3yExw23f3eS.jpg
Shine a Light,https://image.tmdb.org/t/p/w500/rMVrNWWaO3xAWZHFUbeamWPzVAC.jpg
The Green Inferno,https://image.tmdb.org/t/p/w500/nh2EAkJEWaOFdzK2DMaITrdmM2a.jpg
Departure,https://image.tmdb.org/t/p/w500/6TZ4H3iOHcpWr9zmClps3jZGhQV.jpg
The Sessions,https://image.tmdb.org/t/p/w500/57o1DBc5DfJXVc8wArAblSbZ8sD.jpg
"Food, Inc.",https://image.tmdb.org/t/p/w500/zdwN4o7OGAZGJw9T64lRAGTEP8b.jpg
October Baby,https://image.tmdb.org/t/p/w500/dZWU5Hn4lkhid3MqVMCEPk9z9QI.jpg
Next Stop Wonderland,https://image.tmdb.org/t/p/w500/cygwoUJ1LqXkYT451E7W3dHtfHZ.jpg
The Skeleton Twins,https://image.tmdb.org/t/p/w500/lDygTdg1KlrVJVzqsFL515uGzSe.jpg
Martha Marcy May Marlene,https://image.tmdb.org/t/p/w500/bgB4sa9UfCyGdamfKAZXyEWuAwR.jpg
Obvious Child,https://image.tmdb.org/t/p/w500/vAVuQuboHiqc6ClsFeWQXBHJkOX.jpg
Frozen River,https://image.tmdb.org/t/p/w500/qZRcN4JLwYQWTxKlycZPLQb37mO.jpg
20 Feet from Stardom,https://image.tmdb.org/t/p/w500/6iRxKxfE6SB586cQV3BH8NSMzoZ.jpg
Two Girls and a Guy,https://image.tmdb.org/t/p/w500/9Hj90OgXLBReJCAGqOOzzxjZfCh.jpg
Walking and Talking,https://image.tmdb.org/t/p/w500/m8JMJQUfGwGt7gse8aoduAcTYE.jpg
Who Killed the Electric Car?,https://image.tmdb.org/t/p/w500/uMamC9o5zNU9wn8fyuAo2gUCMiD.jpg
The Broken Hearts Club: A Romantic Comedy,https://image.tmdb.org/t/p/w500/g9bqbopRZYy5Z2137zFoFQRXVEW.jpg
Bubba Ho-tep,https://image.tmdb.org/t/p/w500/pKQBit5ZV7GEOTiMBSYC6xBn86K.jpg
Slam,https://image.tmdb.org/t/p/w500/qU0QR2ax1hyjfACni4Clgsc5YyX.jpg
Brigham City,https://image.tmdb.org/t/p/w500/8CM2YIX0qLcqDY7d6iVb4uRXGG8.jpg
Fiza,https://image.tmdb.org/t/p/w500/qS043WN2PK3tKljRyQKh8SXRHk5.jpg
Orgazmo,https://image.tmdb.org/t/p/w500/irvFBOc33CHsioU6hqcu8ExymEa.jpg
All the Real Girls,https://image.tmdb.org/t/p/w500/sQ6dMkwPIFucYSmFQcr38WBYzs.jpg
Dream with the Fishes,https://image.tmdb.org/t/p/w500/wEYVS0WSCC7ZtT9D1ZnpGA3RvDK.jpg
Blue Car,https://image.tmdb.org/t/p/w500/6xld6dA6rlctR9mUtcVRigZTfu5.jpg
Palo Alto,https://image.tmdb.org/t/p/w500/yjcwwYP3eSigxLKKVBoVVz85ZWv.jpg
Ajami,https://image.tmdb.org/t/p/w500/wA7rM6zoWqJDT9BG5Vj92WbEJEp.jpg
Wristcutters: A Love Story,https://image.tmdb.org/t/p/w500/qModiIR60IMLP28ruGZluQOtsOj.jpg
I Origins,https://image.tmdb.org/t/p/w500/2P31jhd1dWUAPD8dmnSrwkQ8CNN.jpg
The Battle of Shaker Heights,https://image.tmdb.org/t/p/w500/l7PDR9rtbUN5b4gMVPSLMqIgfov.jpg
The Act of Killing,https://image.tmdb.org/t/p/w500/sp5B7Tz5ttsgOLnIlCP5uEhtesI.jpg
Taxi to the Dark Side,https://image.tmdb.org/t/p/w500/ttCOk1fQGvFJvPIJS7D8J2jOjpo.jpg
Once in a Lifetime: The Extraordinary Story of the New York Cosmos,https://image.tmdb.org/t/p/w500/ubgZkHS1KoVILTH051zr47vMfDv.jpg
Guiana 1838,https://image.tmdb.org/t/p/w500/d6YNDQZQRM1io2Etq5I1T8YObsc.jpg
Lisa Picard Is Famous,https://image.tmdb.org/t/p/w500/cVC2chP5nJxAOs5FIBeZJ6KfDfm.jpg
Antarctica: A Year on Ice,https://image.tmdb.org/t/p/w500/agXQuqqqvF0Th77y2nEZg7INOXl.jpg
A LEGO Brickumentary,https://image.tmdb.org/t/p/w500/ojBg3yJfsqzi1maypHV7sW7COcn.jpg
Hardflip,https://image.tmdb.org/t/p/w500/At3R00Jvpf3W03oWSYmplKjyWGZ.jpg
Chocolate: Deep Dark Secrets,https://image.tmdb.org/t/p/w500/dAGpuhiI3kbvc5SAmuf839iaUIe.jpg
The House of the Devil,https://image.tmdb.org/t/p/w500/4abKUbc9IbsndbaY1hacN1iPM0Y.jpg
The Perfect Host,https://image.tmdb.org/t/p/w500/tYqk1u5d3eARg5gV8cF4RZFZKKQ.jpg
Safe Men,https://image.tmdb.org/t/p/w500/857L7x6uFNr4c2oHD5KJw5pkbxn.jpg
Speedway Junky,https://image.tmdb.org/t/p/w500/tk5Y7CIC9B4a2mXx8pOB1wJJwHN.jpg
The Last Big Thing,https://image.tmdb.org/t/p/w500/cWacMZJuVBXxjlH5MoogNGd4B1C.jpg
The Specials,https://image.tmdb.org/t/p/w500/kCoifvSC6tUa7Ia4YClf4npqjQp.jpg
16 to Life,https://image.tmdb.org/t/p/w500/yM3rD0Iqinb003T9vg9tl6JgxpN.jpg
Alone With Her,https://image.tmdb.org/t/p/w500/636EGinwlVDyXuDo4l27hETmze2.jpg
Creative Control,https://image.tmdb.org/t/p/w500/y8toiQT0xb6mLWT84xVhUNXICdg.jpg
Special,https://image.tmdb.org/t/p/w500/1ucCvNfCUlhacBZseLik4IWg797.jpg
Sparkler,https://image.tmdb.org/t/p/w500/qPG70Y2ZnFudN5Ip85YfQua3n4P.jpg
The Helix... Loaded,https://image.tmdb.org/t/p/w500/yG81A3umqQ5Z4la0uA642A506s5.jpg
In Her Line of Fire,https://image.tmdb.org/t/p/w500/oAIWeBpaJUXCdv1UDlYvFoawk7c.jpg
The Jimmy Show,https://image.tmdb.org/t/p/w500/sqH5e5goeThOmM4DqrrjVQOIuw2.jpg
Heli,https://image.tmdb.org/t/p/w500/cblCQ0h5oFYlufWoYeFJZAYm0bZ.jpg
Karachi se Lahore,https://image.tmdb.org/t/p/w500/xpzhyTnsuS2eX2eYb8SUCotbovn.jpg
Loving Annabelle,https://image.tmdb.org/t/p/w500/a6p1Oexil6Z2XO5d1QVHR3F2OoM.jpg
Hits,https://image.tmdb.org/t/p/w500/w7TdwnSh5McR5J28ZHTvttTKaCi.jpg
Jimmy and Judy,https://image.tmdb.org/t/p/w500/eCrr9LMCYpHlKzzKNXlTcMBs9xD.jpg
Frat Party,https://image.tmdb.org/t/p/w500/tBevHrPcJOlDVLsIpWU5N7Rskox.jpg
The Party's Over,https://image.tmdb.org/t/p/w500/lpAlr22qHyXKcNNFDLasXBlGFuJ.jpg
Proud,https://image.tmdb.org/t/p/w500/2DvxkWSNjAWot5RdcM2K2TpKe1Y.jpg
The Poker House,https://image.tmdb.org/t/p/w500/yTaqEbszsqhunQIjIMkkfwNMiiv.jpg
Childless,https://image.tmdb.org/t/p/w500/A3xnS8K4II7puaFO8Cwc5MubuRU.jpg
ZMD: Zombies of Mass Destruction,https://image.tmdb.org/t/p/w500/3K80OoyUb93qhx5jMUsNuKlV3IT.jpg
Snow White: A Deadly Summer,https://image.tmdb.org/t/p/w500/9X1rn2qC3ltQjZdclPINTWIAX7Y.jpg
Hidden Away,https://image.tmdb.org/t/p/w500/ooi46QLuAvPnV9cfsX8m9xbC40X.jpg
My Last Day Without You,https://image.tmdb.org/t/p/w500/uS4Eh5aVG34B05EHiBQPHbZEYjg.jpg
Steppin: The Movie,https://image.tmdb.org/t/p/w500/wkBSpDIRqKU46rb6cUICx8xxPm1.jpg
Doc Holliday's Revenge,https://image.tmdb.org/t/p/w500/lFN8h6gO3jMZikAErVVuPBcBrcu.jpg
Black Rock,https://image.tmdb.org/t/p/w500/dkUDpTgP634Mt7fl2rR5N7P9HRS.jpg
Truth or Dare,https://image.tmdb.org/t/p/w500/e5FcN0P7YcSJUbnosxyU4GEG4br.jpg
The Pet,https://image.tmdb.org/t/p/w500/k6UZzTszSpIysEt3mk47U93iS0v.jpg
Bang Bang Baby,https://image.tmdb.org/t/p/w500/5NLzhk3hQ6M6X1A27ZST5nNhUya.jpg
Fear Clinic,https://image.tmdb.org/t/p/w500/f9srd2qdaJGu08ldr3PuhcMgNtH.jpg
Zombie Hunter,https://image.tmdb.org/t/p/w500/9FkPEWRpuMbOArFrklObdvxN099.jpg
A Fine Step,https://image.tmdb.org/t/p/w500/lIs7Uuk0his0PFFrLyxJkaF3ygZ.jpg
Charly,https://image.tmdb.org/t/p/w500/uxGt80D4hxEEwGwdOJ5tdVvjXEC.jpg
Banshee Chapter,https://image.tmdb.org/t/p/w500/nyXKB77RrItfUsAcgoIlXmUfged.jpg
Ask Me Anything,https://image.tmdb.org/t/p/w500/u0rEtOp6jI7oU6u3m7v1aAOJNQr.jpg
And Then Came Love,https://image.tmdb.org/t/p/w500/bGQWkjifQDEKJf6CBU2gxErRzDw.jpg
Food Chains,https://image.tmdb.org/t/p/w500/ibue9QCounLfYJW6Lwnf6lxGcZ3.jpg
On the Waterfront,https://image.tmdb.org/t/p/w500/v1RtJ1qR4v9nrnfoBVBl6hjTW9.jpg
L!fe Happens,https://image.tmdb.org/t/p/w500/xFq3IQEWCBBoPP7pCb4TarAi8tt.jpg
"4 Months, 3 Weeks and 2 Days",https://image.tmdb.org/t/p/w500/acEtvzFPeOQwbzRWncjRLenhnKV.jpg
The Horror Network Vol. 1,https://image.tmdb.org/t/p/w500/lQmgIgxNMCdeDbzXv7V8I55Oa6m.jpg
Hard Candy,https://image.tmdb.org/t/p/w500/uHTmlcivbPeclEdmtuQg3zOQWPS.jpg
The Quiet,https://image.tmdb.org/t/p/w500/lXIuHcRGCRk0YBOi41MCHMvGst5.jpg
Circumstance,https://image.tmdb.org/t/p/w500/fs4Qi07K9htZzI73YaukSQFqmHk.jpg
Fruitvale Station,https://image.tmdb.org/t/p/w500/oXSy3nEKFtfw5iRxdG8ouEFAnxs.jpg
The Brass Teapot,https://image.tmdb.org/t/p/w500/6txTmb8OIimrQezgD8ERMmrrbnT.jpg
Bambi,https://image.tmdb.org/t/p/w500/wV9e2y4myJ4KMFsyFfWYcUOawyK.jpg
The Hammer,https://image.tmdb.org/t/p/w500/6Q7z71vQD7Rl8ehdlFu5qfmvenv.jpg
Latter Days,https://image.tmdb.org/t/p/w500/uwzJL11Xp6h8stocOz6E8e2LWtB.jpg
Elza,https://image.tmdb.org/t/p/w500/1rVxIDdsEbB3A8V38flpH5uQRoH.jpg
1982,https://image.tmdb.org/t/p/w500/suJnawPMpozKwbOhQn0qqHkJoIX.jpg
"For a Good Time, Call...",https://image.tmdb.org/t/p/w500/9eIlVo8lvk9fmfP05JGFKlPha80.jpg
Celeste & Jesse Forever,https://image.tmdb.org/t/p/w500/5Cr8kW7DjZEORU8jI32bqyHSGKW.jpg
Time Changer,https://image.tmdb.org/t/p/w500/cqkfKoK5YLqrOhvnsqdz9Zbgni6.jpg
London to Brighton,https://image.tmdb.org/t/p/w500/gIWaX9DXgUVesbiJceitZirTyj2.jpg
American Hero,https://image.tmdb.org/t/p/w500/uYHb5CG90zHp5CDj3dJDP98c77q.jpg
Windsor Drive,https://image.tmdb.org/t/p/w500/xxErk15goAoQQh9TgfTo6W7fCtA.jpg
A Separation,https://image.tmdb.org/t/p/w500/xQadpnoLokxzN3hRpCPbBGpxsiz.jpg
Crying with Laughter,https://image.tmdb.org/t/p/w500/cYAaZuFnhymi4jA1xMRV97xhZ6e.jpg
Welcome to the Dollhouse,https://image.tmdb.org/t/p/w500/fsMMOVto87pvUQyozOF9CaT9aMR.jpg
Ruby in Paradise,https://image.tmdb.org/t/p/w500/gk0vbIVYwpXxSf1wQbS2r9IsBoV.jpg
Raising Victor Vargas,https://image.tmdb.org/t/p/w500/cMHMtMBca8VNxjYICc1WHK1Qqe5.jpg
Pandora's Box,https://image.tmdb.org/t/p/w500/3B2A5g8t3HZltKp1fplNn2xW4us.jpg
Harrison Montgomery,https://image.tmdb.org/t/p/w500/nx5gAaeFDw7WkybkuKLVwLBGXmw.jpg
Live-In Maid,https://image.tmdb.org/t/p/w500/dkTvwzxEomaarn1uy0fjvu8ZzQy.jpg
Deterrence,https://image.tmdb.org/t/p/w500/qAkbSZ3RY7E6jVYi5FNvc27o019.jpg
The Mudge Boy,https://image.tmdb.org/t/p/w500/daxDdN3vBBqx8KuOXNHBtu9QcbQ.jpg
The Young Unknowns,https://m.media-amazon.com/images/M/MV5BMTM4MTY2Nzg3MF5BMl5BanBnXkFtZTYwNjc0NTk5._V1_SX300.jpg
Not Cool,https://image.tmdb.org/t/p/w500/ikLuZGHTYTVYHDBPsN8dPnoVnYd.jpg
Dead Snow,https://image.tmdb.org/t/p/w500/sfwVo5cZJtO8VyDWTILDt4f69IT.jpg
Saints and Soldiers,https://image.tmdb.org/t/p/w500/A4LgmMTiRpkEzC6pxRcxE28IDov.jpg
Vessel,https://image.tmdb.org/t/p/w500/tTByGBfliHYjOa7qmUzWx6EJwbR.jpg
American Graffiti,https://image.tmdb.org/t/p/w500/1tjLivPad2PX8FAzWko7FPIb8d2.jpg
Iraq for Sale: The War Profiteers,https://image.tmdb.org/t/p/w500/nIAgVj3KtdJiyFRUmUFdGAMxcRE.jpg
Aqua Teen Hunger Force Colon Movie Film for Theaters,https://image.tmdb.org/t/p/w500/q3Ln4x4rv4nJsBBfukjvH2wiU28.jpg
Safety Not Guaranteed,https://image.tmdb.org/t/p/w500/gH0l9kiaK1Ulalbq07nqR7jtin5.jpg
Kevin Hart: Laugh at My Pain,https://image.tmdb.org/t/p/w500/jk7C5sIDHSGiJjBQz6bmPNP1WOF.jpg
Kill List,https://image.tmdb.org/t/p/w500/qwT2I3ons0oD58jIppKmd4qLtvB.jpg
The Innkeepers,https://image.tmdb.org/t/p/w500/aC9XHtf0Opw2IJDVjSkL8eO71An.jpg
The Conformist,https://image.tmdb.org/t/p/w500/nLJjFRqIJAK8qz0OKYnpKCblZNK.jpg
Interview with the Assassin,https://image.tmdb.org/t/p/w500/yCEP43DIYqx8NM9ttcmgSnxScRI.jpg
Donkey Punch,https://image.tmdb.org/t/p/w500/7kk6dvvPVzZxii2Fez81LJZgtLS.jpg
All the Boys Love Mandy Lane,https://image.tmdb.org/t/p/w500/9t7n7K0xqw0gMvrxyhdiyqEF3W1.jpg
Bled,https://image.tmdb.org/t/p/w500/taKk9fSaIWbVzhn0YPzEPQ2capW.jpg
High Noon,https://image.tmdb.org/t/p/w500/qETSMQ4IXBSAS409Z9OL0ppXWTW.jpg
Hoop Dreams,https://image.tmdb.org/t/p/w500/gLzHl2XBtVwycl8DxdOXRHPm8G3.jpg
Rize,https://image.tmdb.org/t/p/w500/bx7UAcyumQZuNj3dZFK7Wh4dbRl.jpg
L.I.E.,https://image.tmdb.org/t/p/w500/ck5Tkq17M6khEN7JQlQznoYl37L.jpg
The Sisterhood of Night,https://image.tmdb.org/t/p/w500/4h6KXpAcTUjr6AVJgV6sw0Ktbqr.jpg
B-Girl,https://image.tmdb.org/t/p/w500/kgPoFMvfrvNBT0HQtqZ5vcMzT.jpg
Half Nelson,https://image.tmdb.org/t/p/w500/fdUCisMpTwy0oJOGwM7NrFFs400.jpg
Naturally Native,https://image.tmdb.org/t/p/w500/yTQPrKLhKC8qUe2CMn8MxmfaxA5.jpg
Hav Plenty,https://image.tmdb.org/t/p/w500/vJutTuVdm5XxL3ixMFqw2o0AS8C.jpg
Adulterers,https://image.tmdb.org/t/p/w500/7weaBxcimjsN9zi89Dfk4fZFCUE.jpg
Escape from Tomorrow,https://image.tmdb.org/t/p/w500/g3qZofBWiLauJviv27f8zpEFbki.jpg
Starsuckers,https://image.tmdb.org/t/p/w500/1z05uhHmSdXV8LGM8DPnBkf86DU.jpg
The Hadza:  Last of the First,https://image.tmdb.org/t/p/w500/r2ZshBSTKD8BrBL6lAv1iwCjPVd.jpg
After,https://image.tmdb.org/t/p/w500/6HrfPZtKcGmX2tUWW3cnciZTaSD.jpg
Treachery,https://image.tmdb.org/t/p/w500/3uJmk8lk4e5SUf15WcrathmOQNE.jpg
Walter,https://image.tmdb.org/t/p/w500/cwwL3zfVNpVsLrRr35U4QQVXmeG.jpg
Top Hat,https://image.tmdb.org/t/p/w500/qoPBiN6PBs2NsP7BNOJGCnmwruG.jpg
The Blair Witch Project,https://image.tmdb.org/t/p/w500/9050VGrYjYrEjpOvDZVAngLbg1f.jpg
Woodstock,https://image.tmdb.org/t/p/w500/cnfhelfQucSb4Y54yFgtnSNhsAT.jpg
The Kentucky Fried Movie,https://image.tmdb.org/t/p/w500/nb0ehRDq8DWSoNfIkEDATNDzwxQ.jpg
Mercy Streets,https://image.tmdb.org/t/p/w500/cszKiUooItVoSQPKz9k8LkJIyRj.jpg
Carousel of Revenge,https://image.tmdb.org/t/p/w500/7E5dd2evQgkqZ2JIY0hrkhYfFGX.jpg
Broken Vessels,https://image.tmdb.org/t/p/w500/iMvLeE872FGGV4XrAfhKRCULtXk.jpg
Water & Power,https://image.tmdb.org/t/p/w500/qCtw7zmL2dbMqK1u6K8ZQUMip6j.jpg
They Will Have to Kill Us First,https://image.tmdb.org/t/p/w500/7xOKJs1Q1M0KsrHgpfiFu9QcIbe.jpg
Light from the Darkroom,https://image.tmdb.org/t/p/w500/1bWVwd3MIgMhLgAVKEPptzms29i.jpg
The Country Doctor,https://image.tmdb.org/t/p/w500/uaXvqkLZlSZIiSb6d3bc81jTb6r.jpg
The Maid's Room,https://image.tmdb.org/t/p/w500/jKqWJh3w88vxUwy0obaanuOej4L.jpg
A Hard Day's Night,https://image.tmdb.org/t/p/w500/6Ulsccp2VkaVU5qbya3bxm9JG4x.jpg
The Harvest (La Cosecha),https://m.media-amazon.com/images/M/MV5BMTkwNjcwODQyOF5BMl5BanBnXkFtZTcwMjMyOTExNg@@._V1_SX300.jpg
Love Letters,https://image.tmdb.org/t/p/w500/pu6BqPRbEaIeKs6YmmSEFGKDiBj.jpg
Juliet and Alfa Romeo,https://image.tmdb.org/t/p/w500/3NIkJPZe7TEtoGKG8gcd1Vy5I0h.jpg
Fireproof,https://image.tmdb.org/t/p/w500/hfoCG75j1YaNyfZGPg0rWy3nFmU.jpg
Faith Connections,https://image.tmdb.org/t/p/w500/cPdgSTu7SV9HCxuBujWSbm3RUbZ.jpg
Benji,https://image.tmdb.org/t/p/w500/aSowNmq4bZrmfazhQBePyNF8A2E.jpg
Open Water,https://image.tmdb.org/t/p/w500/7Gy5N0Yp7ocaKBR860v9KDbpYHj.jpg
High Road,https://image.tmdb.org/t/p/w500/qQRZwequtuXOcYVHvdyAD5A5L2X.jpg
Kingdom of the Spiders,https://image.tmdb.org/t/p/w500/7NMnHnb721MwczHJ486Ltfo68F4.jpg
Mad Hot Ballroom,https://image.tmdb.org/t/p/w500/1wDU19PTEdR30QdnLFw93scXto7.jpg
The Station Agent,https://image.tmdb.org/t/p/w500/kjJg6eJa9I9flfHaJG67ecEv8YX.jpg
To Save A Life,https://image.tmdb.org/t/p/w500/xtJrFdGB5QyatbNgLGXy1BogYtP.jpg
Wordplay,https://image.tmdb.org/t/p/w500/8AY7EkxJwB8Ow5iPe41GOJesxzn.jpg
Beyond the Mat,https://image.tmdb.org/t/p/w500/48AfKc79mpRcavpA5Hc7UW9Qqq6.jpg
The Singles Ward,https://image.tmdb.org/t/p/w500/A1l7mSbptwFdutUbOq4zzhH4goa.jpg
Osama,https://image.tmdb.org/t/p/w500/pOKz4zpccIjdib2pfDRkg69Ojej.jpg
Sholem Aleichem: Laughing In The Darkness,https://image.tmdb.org/t/p/w500/k5X4gevz5mSY3KESnZNoBHo26qY.jpg
Groove,https://image.tmdb.org/t/p/w500/isA0acj3ONKBLp1pKadUNzxEPFv.jpg
The R.M.,https://image.tmdb.org/t/p/w500/OQ3X7k13koP833iZx1PRIPngZ8.jpg
Twin Falls Idaho,https://image.tmdb.org/t/p/w500/boBbVY67YhGC4PWuqyQFysP3mN4.jpg
Mean Creek,https://image.tmdb.org/t/p/w500/nlU3SJzt5focTIkhLcO0ggnvbpW.jpg
Hurricane Streets,https://image.tmdb.org/t/p/w500/kI8WAtPfjiPygfdKcwYJUkMZyh4.jpg
Never Again,https://image.tmdb.org/t/p/w500/zhoAL4o1STGgLbLxJ9r1ijfyHC9.jpg
Civil Brand,https://image.tmdb.org/t/p/w500/nPjGdwuJ3aejtawx94rd2iwFfTI.jpg
Lonesome Jim,https://image.tmdb.org/t/p/w500/z5wh9kFxpqC6bKB7TUx7j6X7BOq.jpg
Drinking Buddies,https://image.tmdb.org/t/p/w500/iunbsMWtkwfrtRzU7hdCHhPjjJf.jpg
Deceptive Practice: The Mysteries and Mentors of Ricky Jay,https://image.tmdb.org/t/p/w500/ug2OCvSvGqId1nT9SKBe9FUjspx.jpg
Seven Samurai,https://image.tmdb.org/t/p/w500/lOMGc8bnSwQhS4XyE1S99uH8NXf.jpg
The Other Dream Team,https://image.tmdb.org/t/p/w500/kAGqVFdtRSccMfTUpKuRcQtXsCc.jpg
Johnny Suede,https://image.tmdb.org/t/p/w500/x1ZvgHwDUFsgqWhYUEcJcyHmZQW.jpg
Finishing The Game,https://image.tmdb.org/t/p/w500/9UwmkpujGoJhgL4Krnm6Fy0IyxD.jpg
Rubber,https://image.tmdb.org/t/p/w500/mWgCORI5IC5vOvB2cDVQe0YNtXZ.jpg
Kiss the Bride,https://image.tmdb.org/t/p/w500/m1ycnhkFufW4NDFG38QaHtAWqDN.jpg
The Slaughter Rule,https://image.tmdb.org/t/p/w500/menXGjXgiEaawdOUlxWI1youK6Q.jpg
Monsters,https://image.tmdb.org/t/p/w500/hpHarddVj34j53T7NsoUGdKj4mP.jpg
The Californians,https://image.tmdb.org/t/p/w500/94w3CM4V8AG9OEgtPQSwDfFd6Vw.jpg
The Living Wake,https://image.tmdb.org/t/p/w500/yYs01G2MrUMR9Up2kwww1OmGgWq.jpg
Detention of the Dead,https://image.tmdb.org/t/p/w500/tf2baOEkFodZ5NYXMfb7gxcZgV.jpg
Crazy Stone,https://image.tmdb.org/t/p/w500/4NVNv2sQKZKb1HtGExUqp3Ukd7f.jpg
Scott Walker: 30 Century Man,https://image.tmdb.org/t/p/w500/foDbZTQKsbJmdOuu2QfIJ8dbaen.jpg
Everything Put Together,https://image.tmdb.org/t/p/w500/w9Zk7Sdwy1htXYpqrZF1JUnxB4v.jpg
Good Kill,https://image.tmdb.org/t/p/w500/oO9nK1bqssxRdNHFSFGiucffiA8.jpg
The Outrageous Sophie Tucker,https://image.tmdb.org/t/p/w500/3mLk5YeXWS8bdtd2glG3PoxqIIK.jpg
Now Is Good,https://image.tmdb.org/t/p/w500/oOBHF6qWtMkzwpnrLDTKJPAb3zH.jpg
Girls Gone Dead,https://image.tmdb.org/t/p/w500/h4fkp6KuY55vocpkInbFeXOSrgT.jpg
America Is Still the Place,https://image.tmdb.org/t/p/w500/nqpr0dOsb529lR29FBuJ2DqXCiX.jpg
Subconscious,https://image.tmdb.org/t/p/w500/673Kdb6ogKGM0unP9piVK74jpKf.jpg
Enter Nowhere,https://image.tmdb.org/t/p/w500/eBWZmjzehYXmVTCsFan9RnzmZ7Z.jpg
El Rey de Najayo,https://image.tmdb.org/t/p/w500/d9QZi1QppknaybAabCYcRelrCh2.jpg
Fight to the Finish,https://image.tmdb.org/t/p/w500/skTmWx5vwwvuKRmHXJF2jGNP6tP.jpg
Alleluia! The Devil's Carnival,https://image.tmdb.org/t/p/w500/naDJqNmD2WuWOBBmH7THxHh0aE4.jpg
The Sound and the Shadow,https://image.tmdb.org/t/p/w500/rSaQxBE2hqV377qTlXYhbicq51l.jpg
Rodeo Girl,https://image.tmdb.org/t/p/w500/y12q73PAVPax4hAZvaAZzNFUtOA.jpg
Born to Fly: Elizabeth Streb vs. Gravity,https://image.tmdb.org/t/p/w500/3Dvthr7XOP045DY2sXhgzKaYTEY.jpg
The Little Ponderosa Zoo,https://image.tmdb.org/t/p/w500/qH6NOGiEyBdK6eP9SRd3Hkadshk.jpg
The Toxic Avenger,https://image.tmdb.org/t/p/w500/vuxRW5GKuCnKvdYlUAYNxlicm54.jpg
Straight Out of Brooklyn,https://image.tmdb.org/t/p/w500/g0C6BbyDKbI33fn14Yqb8TZO4Hq.jpg
Bloody Sunday,https://image.tmdb.org/t/p/w500/oqdQMDJucR7R0ol0LFvzmqcDyEb.jpg
Diamond Ruff,https://image.tmdb.org/t/p/w500/4ETeHJqXwyBQSFfXL9et7cPlkuR.jpg
Conversations with Other Women,https://image.tmdb.org/t/p/w500/5iA72q3avmveCiOtx1Uaj22pgXI.jpg
Poultrygeist: Night of the Chicken Dead,https://image.tmdb.org/t/p/w500/vSeehH4s274kdZXEMKnPE2tlqco.jpg
Mutual Friends,https://image.tmdb.org/t/p/w500/dAUXuqcrAGaFT318snL3sgqGHyv.jpg
42nd Street,https://image.tmdb.org/t/p/w500/q4UEd8BL74zVsOOaJkKVMLMmdTg.jpg
Rise of the Entrepreneur: The Search for a Better Way,https://image.tmdb.org/t/p/w500/zd40Et14AUiOCM9dOk9T7YD88fh.jpg
Metropolitan,https://image.tmdb.org/t/p/w500/852ZwTRj9tRxkGOT0Pu0Ep8yimk.jpg
As It Is in Heaven,https://image.tmdb.org/t/p/w500/ygJ6RQQSmXRQLPpUKP9SCdKXSKJ.jpg
Roadside,https://image.tmdb.org/t/p/w500/8qa3KR9rBzflcvXKaCH5NRvKTIn.jpg
Napoleon Dynamite,https://image.tmdb.org/t/p/w500/6Iv6Uwa2SBLN0dSGM00rdrwN4MJ.jpg
Blue Ruin,https://image.tmdb.org/t/p/w500/q0itEsso2drJXqH9kfdidxIT5dF.jpg
Paranormal Activity,https://image.tmdb.org/t/p/w500/tmclkEpjeo4Zu564gf3KrwIOuKw.jpg
Dogtown and Z-Boys,https://image.tmdb.org/t/p/w500/eb02dpopuAhuThf7nXAAwKtAF88.jpg
Monty Python and the Holy Grail,https://image.tmdb.org/t/p/w500/7nTkHjETdGMYK1phHwDbPsrzbYl.jpg
Quinceañera,https://image.tmdb.org/t/p/w500/kJv276uU9K0Z9MRhz6F3BEEetEO.jpg
Gory Gory Hallelujah,https://image.tmdb.org/t/p/w500/6YZqVQYZ1vTVpnXioFHPny5g81E.jpg
Tarnation,https://image.tmdb.org/t/p/w500/7zeQapdvD8poOizcaHwzmPxN9Km.jpg
I Want Your Money,https://image.tmdb.org/t/p/w500/ukFRXI9Dg9JdjebQPFde7Gfel3.jpg
Love in the Time of Monsters,https://image.tmdb.org/t/p/w500/mm6hcoQg5tHZ71ydsotXal3EeeO.jpg
The Beyond,https://image.tmdb.org/t/p/w500/kMSZHq9VYQV1FCbM8nz2zrZShzx.jpg
What Happens in Vegas,https://image.tmdb.org/t/p/w500/n7bQ7Lj6UhArgnx49wmkaTxM4iU.jpg
The Dark Hours,https://image.tmdb.org/t/p/w500/yOYCpZ7jsMedfkHQpXQJw83F3GL.jpg
My Beautiful Laundrette,https://image.tmdb.org/t/p/w500/hfGWxrtbRnxg19ouEYBtQKtMZcN.jpg
Fabled,https://image.tmdb.org/t/p/w500/1klhTzYcWdTmnL8sPIMwCqV9SGP.jpg
Show Me,https://image.tmdb.org/t/p/w500/eIfFa00THsuUEerMeiehvVtVGCn.jpg
Cries and Whispers,https://image.tmdb.org/t/p/w500/a1bMgB09YDvvRN9SitCclUYragr.jpg
Intolerance,https://image.tmdb.org/t/p/w500/lJCabs4TMOsKfnl0BmA5Hf16Ezb.jpg
Trekkies,https://image.tmdb.org/t/p/w500/o6MYZAcI2A7VfJkcIvCDbFPISLP.jpg
The Broadway Melody,https://image.tmdb.org/t/p/w500/giq8GJs8YGMzHxeKxNSuwzAdd1c.jpg
The Evil Dead,https://image.tmdb.org/t/p/w500/54C1qdaiSijIU5NeNb4WsPJdNkG.jpg
Maniac,https://image.tmdb.org/t/p/w500/nbDkRvhmbYnHDXkoq0sF0PLeo8j.jpg
Censored Voices,https://image.tmdb.org/t/p/w500/jkAfM4NETuEguSIWteDMgobh4B0.jpg
Murderball,https://image.tmdb.org/t/p/w500/qxaXzZnGsHaAJpSaF72nDhhL58n.jpg
American Ninja 2: The Confrontation,https://image.tmdb.org/t/p/w500/4a4pASHNv68ZhfKJESekI2b6Dse.jpg
51 Birch Street,https://image.tmdb.org/t/p/w500/7eG63TqqdUcIyAvPelJajXF3gZN.jpg
Rotor DR1,https://image.tmdb.org/t/p/w500/iQ8fn12g3OHUldSaUMwW6vbdONv.jpg
12 Angry Men,https://image.tmdb.org/t/p/w500/ppd84D2i9W8jXmsyInGyihiSyqz.jpg
My Dog Tulip,https://image.tmdb.org/t/p/w500/8Q71A1mENLzE8jUlNe1HGybMJKW.jpg
It Happened One Night,https://image.tmdb.org/t/p/w500/2PNUGWAflH6UUumas0POMmokHlc.jpg
Dogtooth,https://image.tmdb.org/t/p/w500/cBrhzHcOxXclTItkPzsJUCTSFyl.jpg
Tupac: Resurrection,https://image.tmdb.org/t/p/w500/dGJxjq8npqFZtuAtGsyjntip7uh.jpg
Tumbleweeds,https://image.tmdb.org/t/p/w500/2SdW45O7bPDTe0zLzNHhEcacNAk.jpg
The Prophecy,https://image.tmdb.org/t/p/w500/4ZWFhQipzBHJze2llzCzhrSIZsn.jpg
When the Cat's Away,https://image.tmdb.org/t/p/w500/vZjHfDpE74EmbknicrTg4n5YOLr.jpg
Pieces of April,https://image.tmdb.org/t/p/w500/qm3jGZwz2UkwwEFEFzSot8T0pz1.jpg
The Big Swap,https://image.tmdb.org/t/p/w500/yAg2bhuRaWvs3nYViIGtp6efkbF.jpg
Old Joy,https://image.tmdb.org/t/p/w500/AdFKZOf0LtPpGq8be9T8qsNHTbs.jpg
Wendy and Lucy,https://image.tmdb.org/t/p/w500/cVtF8SW4zMbculTXD52RDvmQAAR.jpg
3 Backyards,https://image.tmdb.org/t/p/w500/aBVKjA5A0JkKBKJfIMvhTSdRSn3.jpg
Pierrot le Fou,https://image.tmdb.org/t/p/w500/i124H6iQB4CawrgFW9aZaZs7OBO.jpg
Sisters in Law,https://image.tmdb.org/t/p/w500/7kAVD6eSwXN5YmEppspyQzVeTA3.jpg
Ayurveda: Art of Being,https://image.tmdb.org/t/p/w500/lgmPBTWogUZBkDMb9zxNz0jyt7.jpg
Nothing But a Man,https://image.tmdb.org/t/p/w500/6vWkmRHsX1yIUJSimDKEJLU4UkD.jpg
"First Love, Last Rites",https://image.tmdb.org/t/p/w500/w4yN57gmVvLKdHOdUZ5GDQk6gW9.jpg
Fighting Tommy Riley,https://image.tmdb.org/t/p/w500/19nKfguTd9HZhYkh1SEnMulhitI.jpg
Royal Kill,https://image.tmdb.org/t/p/w500/bfvSyXcyyBoXKsquUSXrMYtvDX5.jpg
The Looking Glass,https://image.tmdb.org/t/p/w500/2DddsZbo5oBnKveKiA0JmHZMMFv.jpg
Death Race 2000,https://image.tmdb.org/t/p/w500/kwM8kkNGtv62gfPWVhD6qFxjDzg.jpg
Locker 13,https://image.tmdb.org/t/p/w500/cafljB271v1L4smQT0n0Tznor79.jpg
Midnight Cabaret,https://image.tmdb.org/t/p/w500/lRToQoX2cQCwbq9hIzWuc6YcKNw.jpg
Anderson's Cross,https://image.tmdb.org/t/p/w500/2j90os0c2HJuIjWXxMg9vMvOliw.jpg
Bizarre,https://image.tmdb.org/t/p/w500/pbuL9CcBAQMFgXboOV1iFOCYd4B.jpg
Graduation Day,https://image.tmdb.org/t/p/w500/bbNtkM0oFTCnFfblOzeEuaDUaZB.jpg
Some Guy Who Kills People,https://image.tmdb.org/t/p/w500/3k8CeFdvTOiKaRCnXQ9I7WuazQi.jpg
Compliance,https://image.tmdb.org/t/p/w500/bLdu28fr9txYlHLmEOyGplDT3nH.jpg
Chasing Amy,https://image.tmdb.org/t/p/w500/tqydORBcNlQxy3ijgSpPurgDHM2.jpg
Lovely & Amazing,https://image.tmdb.org/t/p/w500/4HZ7Y7N4KHapO5ylOY8BePQYC5X.jpg
Death Calls,https://image.tmdb.org/t/p/w500/aAfg4t3Aoz2KSfaN0q9vYqsYZBo.jpg
Better Luck Tomorrow,https://image.tmdb.org/t/p/w500/alJULQQnuiYXjgVmj2EYgwXOcIn.jpg
The Incredibly True Adventure of Two Girls In Love,https://image.tmdb.org/t/p/w500/dPbYJaH1j7sgj1NuA4VRyb7O4Mt.jpg
Chuck & Buck,https://image.tmdb.org/t/p/w500/k0GY9haWiwZtBOf2T7winwNcsep.jpg
American Desi,https://image.tmdb.org/t/p/w500/hklG9Ehe1Rt2dlgBplTIyov62qi.jpg
Amidst the Devil's Wings,https://image.tmdb.org/t/p/w500/akV2i3dRYbWDNZ7PEJOpcclSpQY.jpg
Cube,https://image.tmdb.org/t/p/w500/x4BTjxdrOKC27FcSkBh8KPEgnum.jpg
Love and Other Catastrophes,https://image.tmdb.org/t/p/w500/sO91zO8XY5o10R48RKAE6UDvJd7.jpg
I Married a Strange Person!,https://image.tmdb.org/t/p/w500/hrYM73Ap5ETRF6PbGwUUgeJF3Mp.jpg
November,https://image.tmdb.org/t/p/w500/6K52ZhGL1XfD4Ds33WZIYHFpNum.jpg
Like Crazy,https://image.tmdb.org/t/p/w500/8eIhNKnRfayRwWChx0atZh4vGua.jpg
Teeth and Blood,https://image.tmdb.org/t/p/w500/str9ckfPjtAuSCpBgmxxEeKwy1N.jpg
Sugar Town,https://image.tmdb.org/t/p/w500/9VpZ9apNn5uym9TYEtYEhMYOTEX.jpg
The Motel,https://image.tmdb.org/t/p/w500/7dHilrksaDBIVulSBduS1dsHXai.jpg
The Canyons,https://image.tmdb.org/t/p/w500/5tZR5o2KJXY6UGxoCsuCmZqROwO.jpg
On the Outs,https://image.tmdb.org/t/p/w500/dyumIFLdjo6KRsPgL2VdAb7ulkc.jpg
Shotgun Stories,https://image.tmdb.org/t/p/w500/aeIlHt28Z8KmHcKEgl4oLHpwZ8M.jpg
Exam,https://image.tmdb.org/t/p/w500/i1J2zBCyOQJKsQipqJ0qXERC1Ma.jpg
The Sticky Fingers of Time,https://image.tmdb.org/t/p/w500/rTyNAfz8znLPMzytmKGhvlXFee.jpg
Sunday School Musical,https://image.tmdb.org/t/p/w500/vs7wexp8wnSpjQjpO3dM50E8ZJO.jpg
Rust,https://image.tmdb.org/t/p/w500/4f08y1AJ7LD3qpOVOShtMPOiWCe.jpg
Ink,https://image.tmdb.org/t/p/w500/9vYyX7c8gZtxuqd6SiRukRb4gRd.jpg
The Christmas Bunny,https://image.tmdb.org/t/p/w500/naQJmUIeS6XTfmOUO52JOPhMVeI.jpg
Butterfly,https://image.tmdb.org/t/p/w500/nzcjcO4dX1laL6zP2Poq5gcwM3R.jpg
UnDivided,https://m.media-amazon.com/images/M/MV5BMTU3Njg3Njg5N15BMl5BanBnXkFtZTgwODIxNjY0MTE@._V1_SX300.jpg
The Frozen,https://image.tmdb.org/t/p/w500/jbSBwAGNP4N4AcNX2Rxq4h5u5g3.jpg
Horse Camp,https://image.tmdb.org/t/p/w500/bgAHH1m44RyRefLbUFAG0iOX03B.jpg
Give Me Shelter,https://m.media-amazon.com/images/M/MV5BMjA3Njc3NDcwNl5BMl5BanBnXkFtZTgwMTM5NTA5NTE@._V1_SX300.jpg
The Big Parade,https://image.tmdb.org/t/p/w500/8aBXJEkAHcwG2ghNYh6GIFd9ool.jpg
Little Big Top,https://image.tmdb.org/t/p/w500/kLyiTbf0lRSZrISYMN67VuapRyP.jpg
Along the Roadside,https://image.tmdb.org/t/p/w500/bI3dchK7VTdOuFQ418bgIQ2dp15.jpg
Bronson,https://image.tmdb.org/t/p/w500/6diyyGIbBNiANsdIaCGtyv4IofR.jpg
Western Religion,https://image.tmdb.org/t/p/w500/i4Gz2KRCgPpOig6boTphl0Ck10N.jpg
Burn,https://image.tmdb.org/t/p/w500/jdwSkQu3XirmX18MNj8CqFWsCk.jpg
Urbania,https://image.tmdb.org/t/p/w500/bl2RsU7kzOm1AjZhCBepCxuFToY.jpg
The Stewardesses,https://image.tmdb.org/t/p/w500/otrgebmsmyFVXv2R5pWp3DqY9eQ.jpg
"The Beast from 20,000 Fathoms",https://image.tmdb.org/t/p/w500/a45mCN6BUPg0JHVnprDOPc2VIST.jpg
Mad Max,https://image.tmdb.org/t/p/w500/5LrI4GiCSrChgkdskVZiwv643Kg.jpg
Swingers,https://image.tmdb.org/t/p/w500/rRjWk68kU3a2so4lgr3TKB7Y5vA.jpg
A Fistful of Dollars,https://image.tmdb.org/t/p/w500/lBwOEpwVeUAmrmglcstnaGcJq3Y.jpg
She Done Him Wrong,https://image.tmdb.org/t/p/w500/kwxAUj8tf9kO2ESAriD8foYN28q.jpg
Short Cut to Nirvana: Kumbh Mela,https://m.media-amazon.com/images/M/MV5BMTk2MjEwNTkyMF5BMl5BanBnXkFtZTcwNDE4MzcyMQ@@._V1_SX300.jpg
The Grace Card,https://image.tmdb.org/t/p/w500/bbWsYKtWTNtECusWJs3tvpTGlwO.jpg
Middle of Nowhere,https://image.tmdb.org/t/p/w500/s0Jtw4YYRQ460vo0QfrjrdLqJCf.jpg
Three,https://image.tmdb.org/t/p/w500/AbbXspMOwdvwWZgVN0nabZq03Ec.jpg
The Business of Fancydancing,https://image.tmdb.org/t/p/w500/9QjlmxgwN9kVsEjbNNm2NkzLvuz.jpg
Call + Response,https://m.media-amazon.com/images/M/MV5BMTQzMzg0NDgwNl5BMl5BanBnXkFtZTcwMzA2NzE0Mg@@._V1_SX300.jpg
Malevolence,https://image.tmdb.org/t/p/w500/xca3V6SnCGVwNtNtaqEsrOBJ871.jpg
Reality Show,https://image.tmdb.org/t/p/w500/px5QyE8ihr8zFAVIg5Vhq3G7cV1.jpg
Super Hybrid,https://image.tmdb.org/t/p/w500/iK3RR1bNWN99jt3EwEAqYanw6Br.jpg
Baghead,https://image.tmdb.org/t/p/w500/pO3Au8iDpZsJt7Xco6fRsNvm3vz.jpg
American Beast,https://image.tmdb.org/t/p/w500/ivQ9rzNV3HzGlwbWNS6bavjsOJk.jpg
The Case of the Grinning Cat,https://image.tmdb.org/t/p/w500/zUuTJI5SJhsWsrOJGEVdoIdLJVs.jpg
Ordet,https://image.tmdb.org/t/p/w500/c9Oef9uQEuadZlnvv8hphRmTIgx.jpg
Good Dick,https://image.tmdb.org/t/p/w500/a1DGYt4boLrfsHUnqbHxhUIVoe9.jpg
The Man from Earth,https://image.tmdb.org/t/p/w500/V086R82gNgWrotaXZFO4JhdgB1.jpg
The Trials Of Darryl Hunt,https://image.tmdb.org/t/p/w500/7NHcKecimvicA4JLpN9CFaoaRjK.jpg
Samantha: An American Girl Holiday,https://image.tmdb.org/t/p/w500/hJwb18mOK68CJfREiNaBD0Xfrpn.jpg
Yesterday Was a Lie,https://image.tmdb.org/t/p/w500/dJtY4pXjfnyKaYO1pP4C0u2XsQp.jpg
Theresa Is a Mother,https://m.media-amazon.com/images/M/MV5BZWJjMmUwZGUtODk5YS00NTUxLTg5Y2QtZWMzOGQyOTNjODBkXkEyXkFqcGdeQXVyODgyODQxNDg@._V1_SX300.jpg
H.,https://image.tmdb.org/t/p/w500/9uIzRvrVeJnWEEeTfx30B6qHObE.jpg
Archaeology of a Woman,https://image.tmdb.org/t/p/w500/wncmCHqnGaqCpWgN8nIOxJC1m9y.jpg
Children of Heaven,https://image.tmdb.org/t/p/w500/jWqh1CJWAEcxckMRrf6ARhIEh0R.jpg
Weekend,https://image.tmdb.org/t/p/w500/ksg3QX2iMLzEkvS6AwIGh5A9CXT.jpg
She's Gotta Have It,https://image.tmdb.org/t/p/w500/qiJuXvPONqTSSnzhbCBqE7EotV.jpg
Butterfly Girl,https://image.tmdb.org/t/p/w500/nQRsj3wRXOesAaN0I31rSNz2WX7.jpg
The World Is Mine,https://image.tmdb.org/t/p/w500/bFoyh4TIesVwU6LbfkfYmpB5wh5.jpg
Another Earth,https://image.tmdb.org/t/p/w500/qvGJK3lFzpifAdyIupMNdWNX0qr.jpg
Sweet Sweetback's Baadasssss Song,https://image.tmdb.org/t/p/w500/ykGkbDp1QxQTM3UUrUvowtXLI0i.jpg
Perfect Cowboy,https://image.tmdb.org/t/p/w500/t12YIm3IajbE1erieS9Yee9iUqQ.jpg
Tadpole,https://image.tmdb.org/t/p/w500/r7wCSE5Hj82GHywm2evC1ERmK0E.jpg
Once,https://image.tmdb.org/t/p/w500/7nW363kSYRCkr4VGOMvuSGwtzKs.jpg
The Woman Chaser,https://image.tmdb.org/t/p/w500/n7YRKEz7wsT11DX9UhLuoyN8NYw.jpg
The Horse Boy,https://image.tmdb.org/t/p/w500/qdwiIajiJUNd5578l0cqe7PCYrA.jpg
When the Lights Went Out,https://image.tmdb.org/t/p/w500/bdsUVOLDADbfIWSJflJSgE8J3Ai.jpg
Heroes of Dirt,https://image.tmdb.org/t/p/w500/zhWwhbUc7v2WxOsX1uj2OGesVEU.jpg
A Charlie Brown Christmas,https://image.tmdb.org/t/p/w500/vtaufTzJBMJAeziQA1eP4BLU24C.jpg
Antarctic Edge: 70° South,https://image.tmdb.org/t/p/w500/m1TNhDblKnIig8QTWG2mCZxTByZ.jpg
Aroused,https://image.tmdb.org/t/p/w500/dsaqRUvGpkSoLmDKuTMys4j8GQI.jpg
Top Spin,https://image.tmdb.org/t/p/w500/68RPd324H8KaxzZvwt0MVSgg9JB.jpg
Roger & Me,https://image.tmdb.org/t/p/w500/ePVEnKOMtrIfHZ6wQBfWihTvwqD.jpg
An American in Hollywood,https://image.tmdb.org/t/p/w500/rsWhg2RPqraO0EEdXuRQr43G60K.jpg
Sound of My Voice,https://image.tmdb.org/t/p/w500/6wStc532wuBrW2NZM3TicEWDmaL.jpg
The Blood of My Brother: A Story of Death in Iraq,https://placehold.co/300x450/png?text=Movie
Your Sister's Sister,https://image.tmdb.org/t/p/w500/yEyoOzOEUBMSofsTticDWBOOsv7.jpg
A Dog's Breakfast,https://image.tmdb.org/t/p/w500/w1Fgu2GxGTy4I5zQN3lkMNu4z6e.jpg
The Married Woman,https://image.tmdb.org/t/p/w500/3NUhCU2LsffAZNe2Ej0ZjKIpRsi.jpg
The Birth of a Nation,https://image.tmdb.org/t/p/w500/vlbvPL3uXem7JaVWM2mVHJLkRqW.jpg
The Work and The Story,https://m.media-amazon.com/images/M/MV5BMTk5MTcyNjc1Nl5BMl5BanBnXkFtZTcwOTU5NDAwMQ@@._V1_SX300.jpg
Facing the Giants,https://image.tmdb.org/t/p/w500/1eY8O7fIGcmwetNqvwnnkQB0LYK.jpg
The Gallows,https://image.tmdb.org/t/p/w500/4oBk2DsYRO0VuloOX52ROmz2QhU.jpg
Eraserhead,https://image.tmdb.org/t/p/w500/mxveW3mGVc0DzLdOmtkZsgd7c3B.jpg
Hollywood Shuffle,https://image.tmdb.org/t/p/w500/xidkzvrJfBeZ6wVcVOxobZruiR7.jpg
The Mighty,https://image.tmdb.org/t/p/w500/eHcuTZwmY4VAJm7kfbZn7qDAjYs.jpg
Penitentiary,https://image.tmdb.org/t/p/w500/1XQOTbjwaFSSEdoJlhTcwRsJxG.jpg
The Lost Skeleton of Cadavra,https://image.tmdb.org/t/p/w500/nGUjqu7DotLx6yfakAeqaj8D1FO.jpg
Dude Where's My Dog?,https://image.tmdb.org/t/p/w500/nUBGYq2qekustBm0Misdobk2FlJ.jpg
Cheap Thrills,https://image.tmdb.org/t/p/w500/cnGzB8L2Y4oEyAZ4VvLxAwTRA3N.jpg
Indie Game: The Movie,https://image.tmdb.org/t/p/w500/2B1IqPg97ZhpEov4Fg3si4hI1Kw.jpg
Straightheads,https://image.tmdb.org/t/p/w500/5W8jG9kt2UfEq8Tn0rb3BRaOPqe.jpg
Open Secret,https://image.tmdb.org/t/p/w500/hPxKrniv4RmgdK2qldLWtgUoeHO.jpg
Echo Dr.,https://image.tmdb.org/t/p/w500/4rGhxVIN0c1kLUNeh9Gw6CsGRRl.jpg
The Night Visitor,https://image.tmdb.org/t/p/w500/bOKz7uhdjuLC9MNNY2874T5h6pX.jpg
The Past Is a Grotesque Animal,https://image.tmdb.org/t/p/w500/wdvK5u5rP0KGMR8uIu2eSv3Z1zQ.jpg
"Peace, Propaganda & the Promised Land",https://image.tmdb.org/t/p/w500/AsJA9DQFxCP9jpuNsqC17ZcaUqN.jpg
Pi,https://image.tmdb.org/t/p/w500/fJA22FjlAW8rzrOw9Mwanl6oTc9.jpg
"I Love You, Don't Touch Me!",https://image.tmdb.org/t/p/w500/v3EUGs3qYU9zzqWoKdBncy2YczK.jpg
20 Dates,https://image.tmdb.org/t/p/w500/79TTGQZrOAzwuWxcOy8y6k6Ldm0.jpg
Queen Crab,https://image.tmdb.org/t/p/w500/dAiuQy4rDuE2qBXAjIe4jZHhrzA.jpg
Super Size Me,https://image.tmdb.org/t/p/w500/zYkbqQaCuIHBxqBDGgnQCwJ9jIG.jpg
The FP,https://image.tmdb.org/t/p/w500/nmo8R1FpBEsC80qYOaXtx2vMrSa.jpg
Happy Christmas,https://image.tmdb.org/t/p/w500/gjOQUlsprWkmyZP4hhMGr0GP3LG.jpg
The Brain That Wouldn't Die,https://image.tmdb.org/t/p/w500/npg6NH4maZ4NTTWzA71KNCTvQNG.jpg
Tiger Orange,https://image.tmdb.org/t/p/w500/dxqjlxB346gLTUsbMCdV4LGL0t2.jpg
Supporting Characters,https://image.tmdb.org/t/p/w500/rSAfIqMTRwEsW51baMXaNK5i2fg.jpg
Absentia,https://image.tmdb.org/t/p/w500/imUIPWoe0Yma5UhZVl6bqX5lF.jpg
The Brothers McMullen,https://image.tmdb.org/t/p/w500/6oWsOJP0ed5gs8n2UywcailoxFN.jpg
The Dirties,https://image.tmdb.org/t/p/w500/1oPjkd0200Nt7sdLRqp5Ot1oPxK.jpg
Gabriela,https://image.tmdb.org/t/p/w500/ho99cPnYeKj1RepZxB4XWYzTyfY.jpg
Tiny Furniture,https://image.tmdb.org/t/p/w500/5T81WvUlc1Our3UwmluXBBc3L0k.jpg
Hayride,https://image.tmdb.org/t/p/w500/cf1KFMaikSLpxSwFcamDW6DBW7B.jpg
The Naked Ape,https://image.tmdb.org/t/p/w500/pGaLUnim5CG5booE4Xe3N7qKooc.jpg
Counting,https://image.tmdb.org/t/p/w500/lQzBtr4ganEcNiXxJMnWil1zibr.jpg
The Call of Cthulhu,https://image.tmdb.org/t/p/w500/dCrOkzrWs8ux31oVCc1R8tt6zTC.jpg
Bending Steel,https://image.tmdb.org/t/p/w500/naepnR4XLlMz2NkT6bf10xdPnNo.jpg
The Signal,https://image.tmdb.org/t/p/w500/r5v3gzfxtnO9bKebs5Ujee6LLP1.jpg
The Image Revolution,https://image.tmdb.org/t/p/w500/p49QvZ3Ci0yE5FNgAUThL77QAAt.jpg
This Is Martin Bonner,https://image.tmdb.org/t/p/w500/mN96fbXB92XQGKLS28W7PQRhAA8.jpg
A True Story,https://image.tmdb.org/t/p/w500/r8KbNHkkwFXLjV1suGwm0Qjure5.jpg
George Washington,https://image.tmdb.org/t/p/w500/g9nZi8u5LqSrVKEpSm199EM4hk5.jpg
Smiling Fish & Goat On Fire,https://image.tmdb.org/t/p/w500/cGCNG3Md9t0Zvhksr27aqXa1AI9.jpg
Dawn of the Crescent Moon,https://image.tmdb.org/t/p/w500/nXnVHrHR0fmmUugxRLHVlIJLp7z.jpg
Raymond Did It,https://image.tmdb.org/t/p/w500/tFKSA6EXmA9IV5gr7hwJ3VPbTJJ.jpg
The Last Waltz,https://image.tmdb.org/t/p/w500/2K7CFH0AIHnGrA4yQjPCoIB5CmQ.jpg
"Run, Hide, Die",https://image.tmdb.org/t/p/w500/zVSkZFH9zuU3oeRs3vgrJ41xkv5.jpg
The Exploding Girl,https://image.tmdb.org/t/p/w500/xRJ4wgDtxwoDzKjVRjZ457kf85f.jpg
The Legend of God's Gun,https://image.tmdb.org/t/p/w500/7cw3jSGvm3XoHwnRRA9dCrkAFXi.jpg
Mutual Appreciation,https://image.tmdb.org/t/p/w500/yjKHIcFue6Et3qsBbxcVUrGjGRM.jpg
Her Cry: La Llorona Investigation,https://image.tmdb.org/t/p/w500/r0DF0V4PVzTAgqVxI2i9c4Okruf.jpg
Down Terrace,https://image.tmdb.org/t/p/w500/2WMwkZ4Qmsi3X6WvfjvBsC1er6F.jpg
Clerks,https://image.tmdb.org/t/p/w500/9IiSgiq4h4siTIS9H3o4nZ3h5L9.jpg
Pink Narcissus,https://image.tmdb.org/t/p/w500/kaZiiGE6820KyFF9XkzPB9Rx9qn.jpg
Funny Ha Ha,https://image.tmdb.org/t/p/w500/4UsciNkAvuOZiM7ZfgLbfNR0WNJ.jpg
In the Company of Men,https://image.tmdb.org/t/p/w500/1gPJ4H4TbGAiuEA6pFalFtqA0eL.jpg
Manito,https://image.tmdb.org/t/p/w500/8Nzotyqv1Yj00Nw5REAvRYjdCTT.jpg
Rampage,https://image.tmdb.org/t/p/w500/xZZlA5obgTrQMyAF16yqCiVxHlO.jpg
Slacker,https://image.tmdb.org/t/p/w500/f7Iov2nd0XX9bp2laQEPYPEhisc.jpg
Dutch Kills,https://image.tmdb.org/t/p/w500/gtPYRWywBpy18CrQTBhULz9RA6Q.jpg
Dry Spell,https://image.tmdb.org/t/p/w500/u9oGJbBEFoyiHQ1rE3dRFOcyfqD.jpg
Flywheel,https://image.tmdb.org/t/p/w500/5M5h80QGQq5BXxcpoT1wkaxPdwm.jpg
Backmask,https://image.tmdb.org/t/p/w500/AwhFI88HW2BE62E6kEsTGPliZKB.jpg
The Puffy Chair,https://image.tmdb.org/t/p/w500/fybmkedrXx02p7i6TZMl9sC5NvM.jpg
Stories of Our Lives,https://image.tmdb.org/t/p/w500/uHa34QtV3B5zDMUozKEdkkQJy2G.jpg
Breaking Upwards,https://image.tmdb.org/t/p/w500/mEA5Vs7LoVS4dtotal9dc0kdgHz.jpg
All Superheroes Must Die,https://image.tmdb.org/t/p/w500/lt5hf1FtNEjEOHJpjeWO2YD3tNE.jpg
Pink Flamingos,https://image.tmdb.org/t/p/w500/10N8SvTQwUqyWgocPam1P18Jgr.jpg
Clean,https://image.tmdb.org/t/p/w500/srenglG0ITLow4pR35IvJiAYuiX.jpg
The Circle,https://image.tmdb.org/t/p/w500/dUsPp5vacr3zZqsiquu5TTaApDr.jpg
Tin Can Man,https://image.tmdb.org/t/p/w500/2IMSeaHnjPCYSJ2P2J8BjvbMWZ4.jpg
Cure,https://image.tmdb.org/t/p/w500/xNVJr9q6AtSbjosS6Ed9YirOkSo.jpg
On The Downlow,https://image.tmdb.org/t/p/w500/s0NBfjLiE4Six0IQn94zdhuG2fG.jpg
Sanctuary: Quite a Conundrum,https://image.tmdb.org/t/p/w500/xwMvze2e4lFjxT90lrCTuE0hFeO.jpg
Bang,https://image.tmdb.org/t/p/w500/pDvf5rsulgcJtZx6voFEO05aC3p.jpg
Primer,https://image.tmdb.org/t/p/w500/xEoq2WmDzpzxhkHEsmOYOg6BPg6.jpg
Cavite,https://image.tmdb.org/t/p/w500/s3pDLyGpJ4ZGvY7fL6ie5bV7Ge7.jpg
El Mariachi,https://image.tmdb.org/t/p/w500/zRh7K4SV1xQ419m8gzGITak51vc.jpg
Newlyweds,https://image.tmdb.org/t/p/w500/t09NlDBh0z1HEhPu6Xs5c4hRk64.jpg
"Signed, Sealed, Delivered",https://image.tmdb.org/t/p/w500/6BVCgmhLeSTF8nPBuE9ncHHcCNv.jpg
Shanghai Calling,https://image.tmdb.org/t/p/w500/2a1q1RTxspKxGWbGKVpXFzl6MbV.jpg
My Date with Drew,https://image.tmdb.org/t/p/w500/19ChghJMN72BG9mQeDK0D209whF.jpg